Abby Kunz, MD https://www.doximity.com/cv/abby-kunz-md-1
Abrar Arshad, MD https://www.doximity.com/cv/abrar-arshad-md-slash-1
Adrienne Bruce, MD https://www.doximity.com/cv/adriennebruce
Amanda Sandoval, MD https://www.doximity.com/cv/amanda-sandoval-md-734a757a
Amy Martyanov, MD https://www.doximity.com/cv/amy-martyanov-md-slash-2
Andrea Pardo, MD https://www.doximity.com/cv/andreacpardomd
Angel Hernandez, MD https://www.doximity.com/cv/angel-hernandez-md-slash-1
Anisha Schwarz, MD https://www.doximity.com/cv/anishachandraschwarz
Ann Neumeyer, MD https://www.doximity.com/cv/ann-neumeyer-md-1
Anna Larson, MD https://www.doximity.com/cv/anna-larson-md-0755
Ashley Stanley, MD https://www.doximity.com/cv/ashley-stanley-md-d335b1ee
Benjamin Siegel, MD https://www.doximity.com/cv/bensiegel
Bethanie Morgan, MD https://www.doximity.com/cv/bethanie-morgan-md
Candida Brown, MD https://www.doximity.com/cv/candida-brown-md-1
Michaela Castello, MD https://www.doximity.com/cv/castello
Chelsey Ortman, MD https://www.doximity.com/cv/chelsey-ortman-md
Collin Swafford, MD https://www.doximity.com/cv/collin-swafford-do
Dana Cummings, MD https://www.doximity.com/cv/dana-cummings-md-1
David Jaffe, MD https://www.doximity.com/cv/david-jaffe-md-9
Debra O'Donnell, MD https://www.doximity.com/cv/debra-odonnell-md-1
Desiree D'Souza, MD https://www.doximity.com/cv/desireedsouzamd
Douglas Nordli, MD https://www.doximity.com/cv/douglas-nordli-md-a0bb6f1e
Ednea Simon, MD https://www.doximity.com/cv/ednea-simon-md-2
Ekta Shah, MD https://www.doximity.com/cv/ekta-shah-slash-1
Elizabeth Ng, MD https://www.doximity.com/cv/elizabeth-a-ng-md
E Roach, MD https://www.doximity.com/cv/ewell-roach-md-1
Gregory Barnes, MD https://www.doximity.com/cv/gregory-barnes-md-slash-2
Howard Goodkin, MD https://www.doximity.com/cv/howard-goodkin-md-1
Janice Brunstrom-Hernandez, MD https://www.doximity.com/cv/janice-brunstrom-hernandez-md-slash-1
Jason Coryell, MD https://www.doximity.com/cv/jason-coryell-md
Jeffrey Neul, MD https://www.doximity.com/cv/jeffrey-neul-md-1
John Carter, MD https://www.doximity.com/cv/john-carter-md-slash-28
John Millichap, MD https://www.doximity.com/cv/john-j-millichap-md
Joshua Rotenberg, MD https://www.doximity.com/cv/josh-rotenberg-child-neurology
Judy Li, MD https://www.doximity.com/cv/judy-li-do-1
Jun Park, MD https://www.doximity.com/cv/jun-park-md-slash-4
Lauren Strauss, MD https://www.doximity.com/cv/lauren-doyle-do-slash-1
Lawrence Brown, MD https://www.doximity.com/cv/lawrence-brown-md-slash-8
Leah Zhorne, MD https://www.doximity.com/cv/leah-zhorne-md-slash-1
Liya Beyderman, MD https://www.doximity.com/cv/liya-beyderman-md-1
Majeed Al-Mateen, MD https://www.doximity.com/cv/majeed-al-mateen-md-1
Mallory Rossi, MD https://www.doximity.com/cv/mallory-kerner-rossi-md
Mary Bertrand, MD https://www.doximity.com/cv/mary-bertrand-md-2
Mary Kay Dyes, MD https://www.doximity.com/cv/mary-kay-dyes-md-2
Mary Sutton, MD https://www.doximity.com/cv/mary-sutton-md-slash-1
Marytery Fajardo, MD https://www.doximity.com/cv/maryteryfajardo
Mayank Verma, MD https://www.doximity.com/cv/mayank-verma-mdphd
Michael Granovetter, MD https://www.doximity.com/cv/michael-granovetter-md-e12b42da
Michael Schwabe, MD https://www.doximity.com/cv/michael-j-schwabe-md
Michael Kruer, MD https://www.doximity.com/cv/michael-kruer-md-1
Michelle Han, MD https://www.doximity.com/cv/michellehan
Migvis Monduy, MD https://www.doximity.com/cv/migvis-monduy-md-slash-1
Priscilla Chee, MD https://www.doximity.com/cv/priscillachee
Priya Raju, MD https://www.doximity.com/cv/priya-raju-md-3a1f15b7
Rafael Galindo, MD https://www.doximity.com/cv/rafael-galindo-md-1
Raman Sankar, MD https://www.doximity.com/cv/raman-sankar-md-2
Sayyed Nabizadeh, MD https://www.doximity.com/cv/reza-nabizadeh-md
Safiullah Shareef, MD https://www.doximity.com/cv/safi-md
Samuel Alperin, MD https://www.doximity.com/cv/samuel-alperin-1
Saumel Ahmadi, MD https://www.doximity.com/cv/saumel
Sherwin Oommen, MD https://www.doximity.com/cv/sherwin-oommen-md-df13d853
Siddharth Jain, MD https://www.doximity.com/cv/siddharth-jain-md-12ea6e9e
Sonia Partap, MD https://www.doximity.com/cv/sonia-partap-md-1
Spencer Weig, MD https://www.doximity.com/cv/spencer-weig-md-1
Stephen Maricich, MD https://www.doximity.com/cv/stephen-maricich-md-3
Steven Shapiro, MD https://www.doximity.com/cv/steven-shapiro-md-92831b45
Taeun Chang, MD https://www.doximity.com/cv/taeun-chang-md-slash-1
Teng Ji, MD https://www.doximity.com/cv/teng-ji-md-1
Ying Peng, MD https://www.doximity.com/cv/ying-peng-md-slash-1
Zhao Liu, MD https://www.doximity.com/cv/zhao-liu-md-slash-1
A. Collins, MD https://www.doximity.com/pub/a-collins-md
A Kevin Aminian, MD https://www.doximity.com/pub/a-kevin-aminian-md
Aaron Abrams, MD https://www.doximity.com/pub/aaron-abrams-md
Aaron Boes, MD https://www.doximity.com/pub/aaron-boes-md-eea3aaec
Aaron Cardon, MD https://www.doximity.com/pub/aaron-cardon-md
Aaron McLaughlin, MD https://www.doximity.com/pub/aaron-mclaughlin-md-fcc443ac
Aaron Nelson, MD https://www.doximity.com/pub/aaron-nelson-md
Aaron Pope, MD https://www.doximity.com/pub/aaron-pope-md
Abba Cargan, MD https://www.doximity.com/pub/abba-cargan-md
Abbey Freed, MD https://www.doximity.com/pub/abbey-freed-do
Abdalla Abdalla, MD https://www.doximity.com/pub/abdalla-abdalla-md
Abdelrahim Abdel, MD https://www.doximity.com/pub/abdelrahim-abdel-md
Abdelrahman Alsherbini, MD https://www.doximity.com/pub/abdelrahman-alsherbini-md
Abdolreza Esfahanizadeh, MD https://www.doximity.com/pub/abdolreza-esfahanizadeh-md
Abdul Khuhro, MD https://www.doximity.com/pub/abdul-khuhro-md
Abdul Mazin, MD https://www.doximity.com/pub/abdul-mazin-md
Abdulhafeez Khair, MD https://www.doximity.com/pub/abdulhafeez-khair-md
Abdullah Tolaymat, MD https://www.doximity.com/pub/abdullah-tolaymat-md
Abhijit Das, MD https://www.doximity.com/pub/abhijit-das-md
Abhijit Patil, MD https://www.doximity.com/pub/abhijit-patil-md-7fd84c3a
Abigail Boetticher, MD https://www.doximity.com/pub/abigail-boetticher-md
Abigail Carbonell, MD https://www.doximity.com/pub/abigail-carbonell-md
Abigail Collins, MD https://www.doximity.com/pub/abigail-collins-md
Abigail Ley, MD https://www.doximity.com/pub/abigail-ley-md
Abigail Schwaede, MD https://www.doximity.com/pub/abigail-schwaede-md
Abigail Turner, MD https://www.doximity.com/pub/abigail-turner-md
Adam David, MD https://www.doximity.com/pub/adam-david-md
Adam Hartman, MD https://www.doximity.com/pub/adam-hartman-md
Adam Kalawi, MD https://www.doximity.com/pub/adam-kalawi-md
Adam Kney, MD https://www.doximity.com/pub/adam-kney-md
Adam Lu, MD https://www.doximity.com/pub/adam-lu-md
Adam Numis, MD https://www.doximity.com/pub/adam-numis-md
Adam Ostendorf, MD https://www.doximity.com/pub/adam-ostendorf-md
Adam Rappoport, MD https://www.doximity.com/pub/adam-rappoport-md
Adam Wallace, MD https://www.doximity.com/pub/adam-wallace-md-cab5d577
Addie Hunnicutt, MD https://www.doximity.com/pub/addie-hunnicutt-md-dd7b24cb
Addison Durham, MD https://www.doximity.com/pub/addison-durham-do
Adeline Vanderver, MD https://www.doximity.com/pub/adeline-vanderver-md
Aditi Trivedi, MD https://www.doximity.com/pub/aditi-trivedi-md
Adre Duplessis, MD https://www.doximity.com/pub/adre-duplessis-md
Adriana Morell, MD https://www.doximity.com/pub/adriana-morell-md
Adrianne Parkey, MD https://www.doximity.com/pub/adrianne-parkey-md
Agnes Chen, MD https://www.doximity.com/pub/agnes-chen-md
Agustin Legido, MD https://www.doximity.com/pub/agustin-legido-md
Ahmad Al-Hamda, MD https://www.doximity.com/pub/ahmad-al-hamda-md
Ahmad Marashly, MD https://www.doximity.com/pub/ahmad-marashly-md
Ahmad Zrik, MD https://www.doximity.com/pub/ahmad-zrik-md
Ahmed Abdelmoity, MD https://www.doximity.com/pub/ahmed-abdelmoity-md
Ahmed Awad, MD https://www.doximity.com/pub/ahmed-awad-md-b8fc8057
Ahsan Moosa Naduvil Valappil, MD https://www.doximity.com/pub/ahsan-moosa-naduvil-valappil-md
Ai Sakonju, MD https://www.doximity.com/pub/ai-sakonju-md
Aileen Foley, MD https://www.doximity.com/pub/aileen-foley-md
Aileen Tanaka, MD https://www.doximity.com/pub/aileen-tanaka-md
Aimee Luat, MD https://www.doximity.com/pub/aimee-luat-md-2b346510
Aishat Bakare-Okpala, MD https://www.doximity.com/pub/aishat-bakare-okpala-md
Aishwarya Pareek, MD https://www.doximity.com/pub/aishwarya-pareek-md
Ajay Gupta, MD https://www.doximity.com/pub/ajay-gupta-md-cdd6d46f
Akila Venkataraman, MD https://www.doximity.com/pub/akila-venkataraman-md
Alan Seay, MD https://www.doximity.com/pub/alan-seay-md
Alan Silken, MD https://www.doximity.com/pub/alan-silken-md
Alana Golden, MD https://www.doximity.com/pub/alana-golden-md
Albert Ho, MD https://www.doximity.com/pub/albert-ho-md-3a4eb91f
Albert Misko, MD https://www.doximity.com/pub/albert-misko-md
Alecia Cherney, MD https://www.doximity.com/pub/alecia-cherney-md
Aleksandra Djukic, MD https://www.doximity.com/pub/aleksandra-djukic-md
Alex Brooks, MD https://www.doximity.com/pub/alex-brooks-md
Alex Manlapaz-Mann, MD https://www.doximity.com/pub/alex-manlapaz-mann-do-874243a5
Alex Sunshine, MD https://www.doximity.com/pub/alex-sunshine-md
Alexa Cohen, MD https://www.doximity.com/pub/alexa-cohen-md-e6c1d5b6
Alexa Craig, MD https://www.doximity.com/pub/alexa-craig-md
Alexa Stone, MD https://www.doximity.com/pub/alexa-stone-md
Alexander Andrews, MD https://www.doximity.com/pub/alexander-andrews-md
Alexander Ankar, MD https://www.doximity.com/pub/alexander-ankar-md
Alexander Bassuk, MD https://www.doximity.com/pub/alexander-bassuk-md
Alexander Grayson, MD https://www.doximity.com/pub/alexander-grayson-md
Alexander Jares, MD https://www.doximity.com/pub/alexander-jares-md
Alexander Paciorkowski, MD https://www.doximity.com/pub/alexander-paciorkowski-md
Alexander Rotenberg, MD https://www.doximity.com/pub/alexander-rotenberg-md
Alexander Rovner, MD https://www.doximity.com/pub/alexander-rovner-md
Alexander Sandweiss, MD https://www.doximity.com/pub/alexander-sandweiss-md
Alexander Zygmunt, MD https://www.doximity.com/pub/alexander-zygmunt-md
Alexandra Bonner, MD https://www.doximity.com/pub/alexandra-bonner-md
Alexandra Gamber, MD https://www.doximity.com/pub/alexandra-gamber-md
Alexandra Gamber, MD https://www.doximity.com/pub/alexandra-gamber-md-7b4281a0
Alexandra Johnson, MD https://www.doximity.com/pub/alexandra-johnson-md-0ea18c2d
Alexandra Lesenskyj, MD https://www.doximity.com/pub/alexandra-lesenskyj-do
Alexandra Santana, MD https://www.doximity.com/pub/alexandra-santana-md
Alexandra Shaw, MD https://www.doximity.com/pub/alexandra-shaw-md
Alexandra Wood, MD https://www.doximity.com/pub/alexandra-wood-md
Alexandria Melendez-Zaidi, MD https://www.doximity.com/pub/alexandria-melendez-zaidi-md
Alexandria Valdrighi, MD https://www.doximity.com/pub/alexandria-valdrighi-md
Alexis Franks, MD https://www.doximity.com/pub/alexis-franks-md
Alexis Karlin, MD https://www.doximity.com/pub/alexis-karlin-md
Alexus Foster, MD https://www.doximity.com/pub/alexus-foster-md
Ali Jamal, MD https://www.doximity.com/pub/ali-jamal-md
Ali Mostajelean, MD https://www.doximity.com/pub/ali-mostajelean-md
Alice Edwards, MD https://www.doximity.com/pub/alice-edwards-do
Alice Lawrence, MD https://www.doximity.com/pub/alice-lawrence-md-3f73d733
Alicia Henriquez, MD https://www.doximity.com/pub/alicia-henriquez-md
Aline Hamati, MD https://www.doximity.com/pub/aline-hamati-md
Alisa Mo, MD https://www.doximity.com/pub/alisa-mo-md
Alisha Allen, MD https://www.doximity.com/pub/alisha-allen-md
Alison Alford, MD https://www.doximity.com/pub/alison-alford-md
Alison Christy, MD https://www.doximity.com/pub/alison-christy-md
Alison May, MD https://www.doximity.com/pub/alison-may-md-a5daf1e0
Aliya Frederick, MD https://www.doximity.com/pub/aliya-frederick-md
Aliza Alter, MD https://www.doximity.com/pub/aliza-alter-md
Allahshukur Ilgarli, MD https://www.doximity.com/pub/allahshukur-ilgarli-md
Allen Kaplan, MD https://www.doximity.com/pub/allen-kaplan-md-1a0e592a
Allison Conravey, MD https://www.doximity.com/pub/allison-conravey-md
Allison Hyland, MD https://www.doximity.com/pub/allison-hyland-md
Allison Przekop, MD https://www.doximity.com/pub/allison-przekop-do
Alma Bicknese, MD https://www.doximity.com/pub/alma-bicknese-md
Alok Bhargava, MD https://www.doximity.com/pub/alok-bhargava-md
Alok Singla, MD https://www.doximity.com/pub/alok-singla-md
Alonso Zea Vera, MD https://www.doximity.com/pub/alonso-zea-vera-md
Alpa Vashist, MD https://www.doximity.com/pub/alpa-vashist-md
Alyssa-Claire Mendoza, MD https://www.doximity.com/pub/alyssa-claire-mendoza-md
Alyssa Domingue, MD https://www.doximity.com/pub/alyssa-domingue-md
Alyssa Lebel, MD https://www.doximity.com/pub/alyssa-lebel-md
Alyssa Pensirikul, MD https://www.doximity.com/pub/alyssa-pensirikul-md
Alyssa Smith, MD https://www.doximity.com/pub/alyssa-smith-md-699c3f5e
Amal Abu Libdeh, MD https://www.doximity.com/pub/amal-abu-libdeh-md
Amalia Geller, MD https://www.doximity.com/pub/amalia-geller-md
Amanda Barton, MD https://www.doximity.com/pub/amanda-barton-md-d4333735
Amanda Beck Murphy, MD https://www.doximity.com/pub/amanda-beck-murphy-md
Amanda Croxton, MD https://www.doximity.com/pub/amanda-croxton-do
Amanda Fernandez, MD https://www.doximity.com/pub/amanda-fernandez-md-e9467190
Amanda Hornbach, MD https://www.doximity.com/pub/amanda-hornbach-md
Amanda March, MD https://www.doximity.com/pub/amanda-march-do
Amanda Moen, MD https://www.doximity.com/pub/amanda-moen-md
Amanda Nagy, MD https://www.doximity.com/pub/amanda-nagy-md
Amanda Pong, MD https://www.doximity.com/pub/amanda-pong-md
Amanda Romeu, MD https://www.doximity.com/pub/amanda-romeu-do
Amanda Spinner, MD https://www.doximity.com/pub/amanda-spinner-md-155fcf33
Amanda Yaworski, MD https://www.doximity.com/pub/amanda-yaworski-md
Amber Cooke, MD https://www.doximity.com/pub/amber-cooke-md
Amber Stocco, MD https://www.doximity.com/pub/amber-stocco-md
Ameera Sheikh, MD https://www.doximity.com/pub/ameera-sheikh-md-5f542b49
Amelia Ahmed, MD https://www.doximity.com/pub/amelia-ahmed-do
Amer Khan, MD https://www.doximity.com/pub/amer-khan-md-47c73eb7
Ameya Walimbe, MD https://www.doximity.com/pub/ameya-walimbe-md
Amir Pshytycky, MD https://www.doximity.com/pub/amir-pshytycky-md
Amit Malhotra, MD https://www.doximity.com/pub/amit-malhotra-md-e9ed1729
Amitha Ananth, MD https://www.doximity.com/pub/amitha-ananth-md
Amy Armstrong-Javors, MD https://www.doximity.com/pub/amy-armstrong-javors-md
Amy Chappell, MD https://www.doximity.com/pub/amy-chappell-md
Amy Gelfand, MD https://www.doximity.com/pub/amy-gelfand-md
Amy Goldstein, MD https://www.doximity.com/pub/amy-goldstein-md
Amy Goldstein, MD https://www.doximity.com/pub/amy-goldstein-md-fd69d2cc
Amy Harper, MD https://www.doximity.com/pub/amy-harper-md
Amy Hill, MD https://www.doximity.com/pub/amy-hill-do
Amy Kao, MD https://www.doximity.com/pub/amy-kao-md-c7d93bf5
Amy Licis, MD https://www.doximity.com/pub/amy-licis-md
Amy McGregor, MD https://www.doximity.com/pub/amy-mcgregor-md
Amy Patterson, MD https://www.doximity.com/pub/amy-patterson-md-734f9a0f
Amy Talboy, MD https://www.doximity.com/pub/amy-talboy-md-417052da
Amy Viehoever, MD https://www.doximity.com/pub/amy-viehoever-md
Amy Waldman, MD https://www.doximity.com/pub/amy-waldman-md
Amy Young, MD https://www.doximity.com/pub/amy-young-md-c8722793
Ana Albuja Ponce, MD https://www.doximity.com/pub/ana-albuja-ponce-md
Ana Grijalvo Perez, MD https://www.doximity.com/pub/ana-grijalvo-perez-md
Ana Tesi Rocha, MD https://www.doximity.com/pub/ana-tesi-rocha-md
Anand Gundakaram, MD https://www.doximity.com/pub/anand-gundakaram-md
Ananthi Rathinam, MD https://www.doximity.com/pub/ananthi-rathinam-md
Ananya Moorthy, MD https://www.doximity.com/pub/ananya-moorthy-do
Anastasia Luniova, MD https://www.doximity.com/pub/anastasia-luniova-md
Anastasia Railean, MD https://www.doximity.com/pub/anastasia-railean-md
Andra Dingman, MD https://www.doximity.com/pub/andra-dingman-md
Andre Prochoroff, MD https://www.doximity.com/pub/andre-prochoroff-md
Andrea Gropman, MD https://www.doximity.com/pub/andrea-gropman-md
Andrea Lowden, MD https://www.doximity.com/pub/andrea-lowden-md
Andrea Richards, MD https://www.doximity.com/pub/andrea-richards-md
Andrea Younes, MD https://www.doximity.com/pub/andrea-younes-md
Andres Jimenez, MD https://www.doximity.com/pub/andres-jimenez-md-6d8af7da
Andrew Cease, MD https://www.doximity.com/pub/andrew-cease-md
Andrew Dougherty, MD https://www.doximity.com/pub/andrew-dougherty-md
Andrew Hershey, MD https://www.doximity.com/pub/andrew-hershey-md
Andrew Kim, MD https://www.doximity.com/pub/andrew-kim-md-5ca36bcc
Andrew Knox, MD https://www.doximity.com/pub/andrew-knox-md
Andrew Mcintosh, MD https://www.doximity.com/pub/andrew-mcintosh-md
Andrew Mower, MD https://www.doximity.com/pub/andrew-mower-md
Andrew Ng, MD https://www.doximity.com/pub/andrew-ng-md-bb1c030a
Andrew Rhoads, MD https://www.doximity.com/pub/andrew-rhoads-md-55844a55
Andrew Schroeder, MD https://www.doximity.com/pub/andrew-schroeder-md-00c2ad82
Andrew Schroeder, MD https://www.doximity.com/pub/andrew-schroeder-md-057aa99b
Andrew Silverman, MD https://www.doximity.com/pub/andrew-silverman-md-1ac1338f
Andrew White, MD https://www.doximity.com/pub/andrew-white-md-d8136203
Andrew Widmer, MD https://www.doximity.com/pub/andrew-widmer-md
Andrew Wiseman, MD https://www.doximity.com/pub/andrew-wiseman-do
Andrew Zimmerman, MD https://www.doximity.com/pub/andrew-zimmerman-md
Andrew Zimmerman, MD https://www.doximity.com/pub/andrew-zimmerman-md-f1c8dfbd
Angad Kochar, MD https://www.doximity.com/pub/angad-kochar-md
Angel Maldonado, MD https://www.doximity.com/pub/angel-maldonado-md-1a161b55
Angela Hewitt, MD https://www.doximity.com/pub/angela-hewitt-md
Angus Wilfong, MD https://www.doximity.com/pub/angus-wilfong-md
AnhThu Tran, MD https://www.doximity.com/pub/anhthu-tran-do
Anita Belman, MD https://www.doximity.com/pub/anita-belman-md
Anjalee Galion, MD https://www.doximity.com/pub/anjalee-galion-md
Anjaneya Madhav Bandatmakur, MD https://www.doximity.com/pub/anjaneya-madhav-bandatmakur-md
Anjani Chitrapu, MD https://www.doximity.com/pub/anjani-chitrapu-md
Ankita Ghosh, MD https://www.doximity.com/pub/ankita-ghosh-md
Ankita Prasad, MD https://www.doximity.com/pub/ankita-prasad-do
Ann Bergin, MD https://www.doximity.com/pub/ann-bergin-md
Ann Hyslop, MD https://www.doximity.com/pub/ann-hyslop-md
Ann Lewis, MD https://www.doximity.com/pub/ann-lewis-md
Ann Murray, MD https://www.doximity.com/pub/ann-murray-md-80b5c3ec
Ann Robbins, MD https://www.doximity.com/pub/ann-robbins-md
Ann Tilton, MD https://www.doximity.com/pub/ann-tilton-md
Anna Alshansky, MD https://www.doximity.com/pub/anna-alshansky-md
Anna Bunker, MD https://www.doximity.com/pub/anna-bunker-md
Anna Ehret, MD https://www.doximity.com/pub/anna-ehret-md
Anna Ehret, MD https://www.doximity.com/pub/anna-ehret-md-0704e1b1
Anna Fiedler, MD https://www.doximity.com/pub/anna-fiedler-md-3baf076d
Anna Jeong, MD https://www.doximity.com/pub/anna-jeong-md
Anna Minster, MD https://www.doximity.com/pub/anna-minster-md
Anna Mrelashvili, MD https://www.doximity.com/pub/anna-mrelashvili-md
Anna Pinto, MD https://www.doximity.com/pub/anna-pinto-md
Anna Scholz, MD https://www.doximity.com/pub/anna-scholz-md
Anna Thamann, MD https://www.doximity.com/pub/anna-thamann-md
Annapurna Poduri, MD https://www.doximity.com/pub/annapurna-poduri-md
Annapurni Trouth, MD https://www.doximity.com/pub/annapurni-trouth-md
Anne Anderson, MD https://www.doximity.com/pub/anne-anderson-md-9e24acc2
Anne Anderson, MD https://www.doximity.com/pub/anne-anderson-md-a572ec68
Anne Comi, MD https://www.doximity.com/pub/anne-comi-md
Anne Connolly, MD https://www.doximity.com/pub/anne-connolly-md
Anne Coyle, MD https://www.doximity.com/pub/anne-coyle-md-539ae2ec
Anne Joseph, MD https://www.doximity.com/pub/anne-joseph-md-8cefe60c
Anne Morse, MD https://www.doximity.com/pub/anne-morse-do
Anne Woods, MD https://www.doximity.com/pub/anne-woods-md
Annette Grefe, MD https://www.doximity.com/pub/annette-grefe-md
Annette Hu, MD https://www.doximity.com/pub/annette-hu-do
Anthony Giordano, MD https://www.doximity.com/pub/anthony-giordano-md-32fc0280
Anthony Giordano, MD https://www.doximity.com/pub/anthony-giordano-md-3a7ebd2a
Anthony Riela, MD https://www.doximity.com/pub/anthony-riela-md
Anthony Rodrigues, MD https://www.doximity.com/pub/anthony-rodrigues-md-90a8b523
Anthony Staples, MD https://www.doximity.com/pub/anthony-staples-do
Antonio Vazquez-Diaz, MD https://www.doximity.com/pub/antonio-vazquez-diaz-md
Anuj Jayakar, MD https://www.doximity.com/pub/anuj-jayakar-md
Anuj Jayakar, MD https://www.doximity.com/pub/anuj-jayakar-md-18ffd125
Anuja Jindal, MD https://www.doximity.com/pub/anuja-jindal-md-b2e21aab
Anup Patel, MD https://www.doximity.com/pub/anup-patel-md-ce628732
Anuranjita Nayak, MD https://www.doximity.com/pub/anuranjita-nayak-md
Anusha Yeshokumar, MD https://www.doximity.com/pub/anusha-yeshokumar-md
Aparna Ramarao, MD https://www.doximity.com/pub/aparna-ramarao-md
Apirada Thongsing, MD https://www.doximity.com/pub/apirada-thongsing-md
April Consevage, MD https://www.doximity.com/pub/april-consevage-md
April Consevage, MD https://www.doximity.com/pub/april-consevage-md-90b65235
April Levin, MD https://www.doximity.com/pub/april-levin-md
April Sharp, MD https://www.doximity.com/pub/april-sharp-md
Apurva Devaraj, MD https://www.doximity.com/pub/apurva-devaraj-md-ceffae22
Ara Hall, MD https://www.doximity.com/pub/ara-hall-md
Aram Kim, MD https://www.doximity.com/pub/aram-kim-md-7d69cea5
Arayamparambil Anilkumar, MD https://www.doximity.com/pub/arayamparambil-anilkumar-md
Archana Patel, MD https://www.doximity.com/pub/archana-patel-md-e6bb30b3
Areeba Basit, MD https://www.doximity.com/pub/areeba-basit-md
Arezou Heshmati, MD https://www.doximity.com/pub/arezou-heshmati-md
Ari Zeldin, MD https://www.doximity.com/pub/ari-zeldin-md
Arie Weinstock, MD https://www.doximity.com/pub/arie-weinstock-md
Arie Weinstock, MD https://www.doximity.com/pub/arie-weinstock-md-d36ac326
Ariel Breitbart, MD https://www.doximity.com/pub/ariel-breitbart-md
Ariel Lyons-Warren, MD https://www.doximity.com/pub/ariel-lyons-warren-md
Ariel Sherbany, MD https://www.doximity.com/pub/ariel-sherbany-md
Aristoteles Pena-Miches, MD https://www.doximity.com/pub/aristoteles-pena-miches-md
Arkadip Saha, MD https://www.doximity.com/pub/arkadip-saha-md
Armantina Espinosa, MD https://www.doximity.com/pub/armantina-espinosa-md
Arnold Sansevere, MD https://www.doximity.com/pub/arnold-sansevere-md
Arpita Lakhotia, MD https://www.doximity.com/pub/arpita-lakhotia-md
Arsenoi Asfour, MD https://www.doximity.com/pub/arsenoi-asfour-md-decce3cf
Arthur Mandel, MD https://www.doximity.com/pub/arthur-mandel-md
Arthur Nwaubani, MD https://www.doximity.com/pub/arthur-nwaubani-md
Arthur Partikian, MD https://www.doximity.com/pub/arthur-partikian-md
Arun Kalra, MD https://www.doximity.com/pub/arun-kalra-md-876994b5
Asad Ali, MD https://www.doximity.com/pub/asad-ali-md-95b462b2
Ashakiran Sunku, MD https://www.doximity.com/pub/ashakiran-sunku-md
Ashlea Feezel, MD https://www.doximity.com/pub/ashlea-feezel-do
Ashley Bartscherer, MD https://www.doximity.com/pub/ashley-bartscherer-md
Ashley Helseth, MD https://www.doximity.com/pub/ashley-helseth-md
Ashley Moeller, MD https://www.doximity.com/pub/ashley-moeller-md
Ashley Stanley-Copeland, MD https://www.doximity.com/pub/ashley-stanley-copeland-md
Ashley Webb, MD https://www.doximity.com/pub/ashley-webb-md
Ashley Yoder Lepse, MD https://www.doximity.com/pub/ashley-yoder-lepse-md
Ashmitha Raja, MD https://www.doximity.com/pub/ashmitha-raja-md
Ashraf Syed, MD https://www.doximity.com/pub/ashraf-syed-md
Ashura Buckley, MD https://www.doximity.com/pub/ashura-buckley-md
Ashutosh Kumar, MD https://www.doximity.com/pub/ashutosh-kumar-md
Ashutosh Raina, MD https://www.doximity.com/pub/ashutosh-raina-md
Ashwaq Almalki, MD https://www.doximity.com/pub/ashwaq-almalki-md
Asim Shahid, MD https://www.doximity.com/pub/asim-shahid-md
Asit Tripathy, MD https://www.doximity.com/pub/asit-tripathy-md
Asma Fischer, MD https://www.doximity.com/pub/asma-fischer-md
Asri Yuliati, MD https://www.doximity.com/pub/asri-yuliati-md
Ateeq Haseeb, MD https://www.doximity.com/pub/ateeq-haseeb-md
Atefeh Hosseini, MD https://www.doximity.com/pub/atefeh-hosseini-md
Ato Wallace, MD https://www.doximity.com/pub/ato-wallace-md-701a8b01
Attigupam Jayaram, MD https://www.doximity.com/pub/attigupam-jayaram-md
Audrey Brumback, MD https://www.doximity.com/pub/audrey-brumback-md
Audrey Foster-Barber, MD https://www.doximity.com/pub/audrey-foster-barber-md
Audrius Plioplys, MD https://www.doximity.com/pub/audrius-plioplys-md
Augusto Morales, MD https://www.doximity.com/pub/augusto-morales-md
Austin Layton, MD https://www.doximity.com/pub/austin-layton-do
Avantika Singh, MD https://www.doximity.com/pub/avantika-singh-md
Aviva Kupershtok-Bojko, MD https://www.doximity.com/pub/aviva-kupershtok-bojko-md
Avni Sanghi, MD https://www.doximity.com/pub/avni-sanghi-do
Avraham Amit, MD https://www.doximity.com/pub/avraham-amit-md
Avram Bukhbinder, MD https://www.doximity.com/pub/avram-bukhbinder-md
Avy Ronay, MD https://www.doximity.com/pub/avy-ronay-md
Aynara Wulsin, MD https://www.doximity.com/pub/aynara-wulsin-md
Ayush Gupta, MD https://www.doximity.com/pub/ayush-gupta-md-3d8dfc5a
Azara Singh, MD https://www.doximity.com/pub/azara-singh-md
Azimuddin Kazi, MD https://www.doximity.com/pub/azimuddin-kazi-md
Babitha Haridas, MD https://www.doximity.com/pub/babitha-haridas-md
Badal Jain, MD https://www.doximity.com/pub/badal-jain-md
Bailey Fessler, MD https://www.doximity.com/pub/bailey-fessler-md
Barbara Golden, MD https://www.doximity.com/pub/barbara-golden-md
Barbara Hallinan, MD https://www.doximity.com/pub/barbara-hallinan-md
Barbara Landesman, MD https://www.doximity.com/pub/barbara-landesman-md
Barbara Olson, MD https://www.doximity.com/pub/barbara-olson-md
Barbara Weissman, MD https://www.doximity.com/pub/barbara-weissman-md-62b14ae3
Barbra Giourgas, MD https://www.doximity.com/pub/barbra-giourgas-md
Barry Bergen, MD https://www.doximity.com/pub/barry-bergen-md
Barry Richmond, MD https://www.doximity.com/pub/barry-richmond-md
Barry Russman, MD https://www.doximity.com/pub/barry-russman-md
Basanagoud Mudigoudar, MD https://www.doximity.com/pub/basanagoud-mudigoudar-md
Basil Darras, MD https://www.doximity.com/pub/basil-darras-md
Basmah Barkatullah, MD https://www.doximity.com/pub/basmah-barkatullah-md
Bassem El-Nabbout, MD https://www.doximity.com/pub/bassem-el-nabbout-md
Beata Ruprecht, MD https://www.doximity.com/pub/beata-ruprecht-do
Beatriz Gonzalez-Abella, MD https://www.doximity.com/pub/beatriz-gonzalez-abella-md
Belinda Marquis, MD https://www.doximity.com/pub/belinda-marquis-md-934ab82b
Benjamin Edmonds, MD https://www.doximity.com/pub/benjamin-edmonds-md
Benjamin Ross, MD https://www.doximity.com/pub/benjamin-ross-md
Benjamin Schindel, MD https://www.doximity.com/pub/benjamin-schindel-md
Bennett Lavenstein, MD https://www.doximity.com/pub/bennett-lavenstein-md
Bennett Shaywitz, MD https://www.doximity.com/pub/bennett-shaywitz-md
Bernard Maria, MD https://www.doximity.com/pub/bernard-maria-md
Bernardo Flasterstein, MD https://www.doximity.com/pub/bernardo-flasterstein-md
Bernhard Suter, MD https://www.doximity.com/pub/bernhard-suter-md
Besim Uzgil, MD https://www.doximity.com/pub/besim-uzgil-md-dc4de85a
Beth Anne Cavanaugh, MD https://www.doximity.com/pub/beth-anne-cavanaugh-md
Beth Rosen, MD https://www.doximity.com/pub/beth-rosen-md
Bethany Johnson-Kerner, MD https://www.doximity.com/pub/bethany-johnson-kerner-md
Betsy Ostrander, MD https://www.doximity.com/pub/betsy-ostrander-md
Beverly Fischer, MD https://www.doximity.com/pub/beverly-fischer-md
Beverly Wical, MD https://www.doximity.com/pub/beverly-wical-md
Bhagwan Moorjani, MD https://www.doximity.com/pub/bhagwan-moorjani-md
Bhavan Modi, MD https://www.doximity.com/pub/bhavan-modi-md
Bianca Kapoor, MD https://www.doximity.com/pub/bianca-kapoor-md
Bijal Patel, MD https://www.doximity.com/pub/bijal-patel-md-85e3763a
Bilal Sitwat, MD https://www.doximity.com/pub/bilal-sitwat-md
Bittu Majmudar, MD https://www.doximity.com/pub/bittu-majmudar-md
Blaise Bourgeois, MD https://www.doximity.com/pub/blaise-bourgeois-md
Blake Windham, MD https://www.doximity.com/pub/blake-windham-md-50d521da
Bo Hoon Lee, MD https://www.doximity.com/pub/bo-hoon-lee-md
Bobbi Hopkins, MD https://www.doximity.com/pub/bobbi-hopkins-md
Bonnie Bunch, MD https://www.doximity.com/pub/bonnie-bunch-md
Boosara Ratanawongsa, MD https://www.doximity.com/pub/boosara-ratanawongsa-md
Boris Morales, MD https://www.doximity.com/pub/boris-morales-md
Bradford Miller, MD https://www.doximity.com/pub/bradford-miller-md
Bradley Schlaggar, MD https://www.doximity.com/pub/bradley-schlaggar-md
Brandon Jones, MD https://www.doximity.com/pub/brandon-jones-md-d11096ac
Brandon Seminatore, MD https://www.doximity.com/pub/brandon-seminatore-md
Brandon Seminatore, MD https://www.doximity.com/pub/brandon-seminatore-md-cb5f975a
Brenda Porter, MD https://www.doximity.com/pub/brenda-porter-md
Brenda Wong, MD https://www.doximity.com/pub/brenda-wong-md
Brendan Mull, MD https://www.doximity.com/pub/brendan-mull-md
Brian Ahlstrom, MD https://www.doximity.com/pub/brian-ahlstrom-md
Brian Appavu, MD https://www.doximity.com/pub/brian-appavu-md
Brian Choi, MD https://www.doximity.com/pub/brian-choi-md-8ef59ee2
Brian Faux, MD https://www.doximity.com/pub/brian-faux-md
Brian Grabert, MD https://www.doximity.com/pub/brian-grabert-md
Brian Kossak, MD https://www.doximity.com/pub/brian-kossak-md
Brian Masselink, MD https://www.doximity.com/pub/brian-masselink-md
Brian Ryals, MD https://www.doximity.com/pub/brian-ryals-md
Brian Tseng, MD https://www.doximity.com/pub/brian-tseng-md
Brian Wong, MD https://www.doximity.com/pub/brian-wong-md-2aaea817
Brian Woodruff, MD https://www.doximity.com/pub/brian-woodruff-md
Brianna Brun, MD https://www.doximity.com/pub/brianna-brun-md
Brianna Woodliff, MD https://www.doximity.com/pub/brianna-woodliff-do
Bridget Leone, MD https://www.doximity.com/pub/bridget-leone-md
Bridget McGowan, MD https://www.doximity.com/pub/bridget-mcgowan-md
Brien Vlcek, MD https://www.doximity.com/pub/brien-vlcek-md
Britt Stroud, MD https://www.doximity.com/pub/britt-stroud-md
Brittany Charsar, MD https://www.doximity.com/pub/brittany-charsar-md
Brittany Jordan, MD https://www.doximity.com/pub/brittany-jordan-md
Brittany Passiak, MD https://www.doximity.com/pub/brittany-passiak-md
Brittany Poinson, MD https://www.doximity.com/pub/brittany-poinson-md
Brittany Schneider, MD https://www.doximity.com/pub/brittany-schneider-md
Brittany Sprigg, MD https://www.doximity.com/pub/brittany-sprigg-md
Brittney Pryor Craig, MD https://www.doximity.com/pub/brittney-pryor-craig-md
Brittney Rhem, MD https://www.doximity.com/pub/brittney-rhem-md
Brittney Rhem, MD https://www.doximity.com/pub/brittney-rhem-md-2db39e48
Brittnie Bartlett, MD https://www.doximity.com/pub/brittnie-bartlett-md
Brittnie Bartlett, MD https://www.doximity.com/pub/brittnie-bartlett-md-102064e1
Brooke Asemota, MD https://www.doximity.com/pub/brooke-asemota-md
Brooke Kimbrell, MD https://www.doximity.com/pub/brooke-kimbrell-md
Brooke Kimbrell, MD https://www.doximity.com/pub/brooke-kimbrell-md-95b2b285
Bruce Cohen, MD https://www.doximity.com/pub/bruce-cohen-md-758b11c6
Bruce Roseman, MD https://www.doximity.com/pub/bruce-roseman-md
Bryan McGill, MD https://www.doximity.com/pub/bryan-mcgill-md
C. Ottinger, MD https://www.doximity.com/pub/c-ottinger-md
C Van Antwerpen, MD https://www.doximity.com/pub/c-van-antwerpen-md
Caitlin Cristante, MD https://www.doximity.com/pub/caitlin-cristante-md
Caitlin Rollins, MD https://www.doximity.com/pub/caitlin-rollins-md
Callison Alcott, MD https://www.doximity.com/pub/callison-alcott-md
Cameron Crockett, MD https://www.doximity.com/pub/cameron-crockett-md
Cameron Thomas, MD https://www.doximity.com/pub/cameron-thomas-md
Camille Corre, MD https://www.doximity.com/pub/camille-corre-md
Candace Curry, MD https://www.doximity.com/pub/candace-curry-md
Cara Miller, MD https://www.doximity.com/pub/cara-miller-md
Caren Armstrong, MD https://www.doximity.com/pub/caren-armstrong-md
Carey Lockhart, MD https://www.doximity.com/pub/carey-lockhart-md
Carey Wilson, MD https://www.doximity.com/pub/carey-wilson-md
Carl Crosley, MD https://www.doximity.com/pub/carl-crosley-md
Carl Malanga, MD https://www.doximity.com/pub/carl-malanga-md
Carl Stafstrom, MD https://www.doximity.com/pub/carl-stafstrom-md
Carl Yoder, MD https://www.doximity.com/pub/carl-yoder-md
Carla Francisco, MD https://www.doximity.com/pub/carla-francisco-md
Carlos Castillo Pinto, MD https://www.doximity.com/pub/carlos-castillo-pinto-md
Carlos Gadia, MD https://www.doximity.com/pub/carlos-gadia-md
Carlos Gama, MD https://www.doximity.com/pub/carlos-gama-md
Carlos Lastra, MD https://www.doximity.com/pub/carlos-lastra-md
Carlyn Patterson Gentile, MD https://www.doximity.com/pub/carlyn-patterson-gentile-md
Carmela Tardo, MD https://www.doximity.com/pub/carmela-tardo-md
Carmen Fortuno Roman, MD https://www.doximity.com/pub/carmen-fortuno-roman-md
Carol Deline, MD https://www.doximity.com/pub/carol-deline-md
Carol Leicher, MD https://www.doximity.com/pub/carol-leicher-md
Carol Macmillan, MD https://www.doximity.com/pub/carol-macmillan-md
Caroline Hayes-Rosen, MD https://www.doximity.com/pub/caroline-hayes-rosen-md
Carolyn Green, MD https://www.doximity.com/pub/carolyn-green-md
Carolyn Hart, MD https://www.doximity.com/pub/carolyn-hart-md
Carolyn Pizoli, MD https://www.doximity.com/pub/carolyn-pizoli-md
Carrie Peek, MD https://www.doximity.com/pub/carrie-peek-md
Carsten Bonnemann, MD https://www.doximity.com/pub/carsten-bonnemann-md
Carter Wray, MD https://www.doximity.com/pub/carter-wray-md
Cary Fu, MD https://www.doximity.com/pub/cary-fu-md
casey orozco-poore, MD https://www.doximity.com/pub/casey-orozco-poore-md
Cassandra Kazl, MD https://www.doximity.com/pub/cassandra-kazl-md
Catherine Amlie Lefond, MD https://www.doximity.com/pub/catherine-amlie-lefond-md
Catherine Bodak-Gyovai, MD https://www.doximity.com/pub/catherine-bodak-gyovai-md
Catherine Brown, MD https://www.doximity.com/pub/catherine-brown-md-522eae8d
Catherine Chapman, MD https://www.doximity.com/pub/catherine-chapman-md
Catherine Chu, MD https://www.doximity.com/pub/catherine-chu-md-c3d682f7
Catherine Otten, MD https://www.doximity.com/pub/catherine-otten-md
Catherine Salussolia, MD https://www.doximity.com/pub/catherine-salussolia-md
Celanie Christensen, MD https://www.doximity.com/pub/celanie-christensen-md
Celanie Christensen, MD https://www.doximity.com/pub/celanie-christensen-md-3982566d
Celia Chang, MD https://www.doximity.com/pub/celia-chang-md
Celine Leung, MD https://www.doximity.com/pub/celine-leung-do
Celine Robinson, MD https://www.doximity.com/pub/celine-robinson-do
Cemal Karakas, MD https://www.doximity.com/pub/cemal-karakas-md
Cemal Karakas, MD https://www.doximity.com/pub/cemal-karakas-md-dfd01801
Cerin Jacob, MD https://www.doximity.com/pub/cerin-jacob-do-022ae107
Cesar Santos, MD https://www.doximity.com/pub/cesar-santos-md
Chad Manuel, MD https://www.doximity.com/pub/chad-manuel-md-37f5cc45
Chalongchai Phitsanuwong, MD https://www.doximity.com/pub/chalongchai-phitsanuwong-md
Chandrabhaga Miskin, MD https://www.doximity.com/pub/chandrabhaga-miskin-md
Chang-Yong Tsao, MD https://www.doximity.com/pub/chang-yong-tsao-md
Chaouki Khoury, MD https://www.doximity.com/pub/chaouki-khoury-md
Chariton Moschopoulos, MD https://www.doximity.com/pub/chariton-moschopoulos-md
Charles Dreyer, MD https://www.doximity.com/pub/charles-dreyer-md
Charles Dreyer, MD https://www.doximity.com/pub/charles-dreyer-md-877a2f6f
Charles Imbus, MD https://www.doximity.com/pub/charles-imbus-md
Charles Marcuccilli, MD https://www.doximity.com/pub/charles-marcuccilli-md
Charles Niesen, MD https://www.doximity.com/pub/charles-niesen-md
Charles Sadle, MD https://www.doximity.com/pub/charles-sadle-do
Charles Tyshkov, MD https://www.doximity.com/pub/charles-tyshkov-md
Charlotte Hollman, MD https://www.doximity.com/pub/charlotte-hollman-md
Charlotte Jones, MD https://www.doximity.com/pub/charlotte-jones-md
Charmaine Jenkins, MD https://www.doximity.com/pub/charmaine-jenkins-md
Charulata Venkatesan, MD https://www.doximity.com/pub/charulata-venkatesan-md
Charuta Joshi, MD https://www.doximity.com/pub/charuta-joshi-md
Chaula Kharode, MD https://www.doximity.com/pub/chaula-kharode-md
Chellamani Harini, MD https://www.doximity.com/pub/chellamani-harini-md
Chelsea Earley, MD https://www.doximity.com/pub/chelsea-earley-md
Cheryl Fields, MD https://www.doximity.com/pub/cheryl-fields-do
Chethan Rao, MD https://www.doximity.com/pub/chethan-rao-do
Chinasa Nwankwo, MD https://www.doximity.com/pub/chinasa-nwankwo-md
Chon Lee, MD https://www.doximity.com/pub/chon-lee-md
Chris Arca, MD https://www.doximity.com/pub/chris-arca-md
Christie Becu, MD https://www.doximity.com/pub/christie-becu-md
Christina Bergqvist, MD https://www.doximity.com/pub/christina-bergqvist-md
Christina Briscoe Abath, MD https://www.doximity.com/pub/christina-briscoe-abath-md
Christina Gurnett, MD https://www.doximity.com/pub/christina-gurnett-md
Christina Massrey, MD https://www.doximity.com/pub/christina-massrey-md
Christina Morris-Berry, MD https://www.doximity.com/pub/christina-morris-berry-md
Christina Patterson, MD https://www.doximity.com/pub/christina-patterson-md
Christina Szperka, MD https://www.doximity.com/pub/christina-szperka-md
Christine Fox, MD https://www.doximity.com/pub/christine-fox-md
Christine Heath, MD https://www.doximity.com/pub/christine-heath-md
Christine Matarese, MD https://www.doximity.com/pub/christine-matarese-do
Christine Shrock, MD https://www.doximity.com/pub/christine-shrock-md
Christine Tangredi, MD https://www.doximity.com/pub/christine-tangredi-md
Christine Tran, MD https://www.doximity.com/pub/christine-tran-md-dae23e34
Christopher Barton, MD https://www.doximity.com/pub/christopher-barton-md
Christopher Beatty, MD https://www.doximity.com/pub/christopher-beatty-md
Christopher Carosella, MD https://www.doximity.com/pub/christopher-carosella-md
Christopher Decock, MD https://www.doximity.com/pub/christopher-decock-md
Christopher Elitt, MD https://www.doximity.com/pub/christopher-elitt-md
Christopher Henry, MD https://www.doximity.com/pub/christopher-henry-md-1479ca27
Christopher Henry, MD https://www.doximity.com/pub/christopher-henry-md-5141c68c
Christopher Inglese, MD https://www.doximity.com/pub/christopher-inglese-md
Christopher Jackman, MD https://www.doximity.com/pub/christopher-jackman-md
Christopher Jones, MD https://www.doximity.com/pub/christopher-jones-md-acc4d8a6
Christopher Latimer, MD https://www.doximity.com/pub/christopher-latimer-md
Christopher Lee-Messer, MD https://www.doximity.com/pub/christopher-lee-messer-md
Christopher Lo, MD https://www.doximity.com/pub/christopher-lo-do
Christopher Miller, MD https://www.doximity.com/pub/christopher-miller-md-7d5aae9a
Christopher Oakley, MD https://www.doximity.com/pub/christopher-oakley-md
Christopher Smyser, MD https://www.doximity.com/pub/christopher-smyser-md
Christopher Yuskaitis, MD https://www.doximity.com/pub/christopher-yuskaitis-md
Christy Stine, MD https://www.doximity.com/pub/christy-stine-md
Cigdem Akman, MD https://www.doximity.com/pub/cigdem-akman-md
Cimy Jacob, MD https://www.doximity.com/pub/cimy-jacob-md
Cindy Hernandez, MD https://www.doximity.com/pub/cindy-hernandez-md-4b6dd226
Claire Miller, MD https://www.doximity.com/pub/claire-miller-md-f6d64f49
Clara Chow, MD https://www.doximity.com/pub/clara-chow-md
Clarimar Borrero-Mejias, MD https://www.doximity.com/pub/clarimar-borrero-mejias-md
Claudia Chiriboga, MD https://www.doximity.com/pub/claudia-chiriboga-md
Claudine Sinsioco, MD https://www.doximity.com/pub/claudine-sinsioco-md
Clay Smith, MD https://www.doximity.com/pub/clay-smith-md-4513c038
Cliff Calley, MD https://www.doximity.com/pub/cliff-calley-md
Clint Nelson, MD https://www.doximity.com/pub/clint-nelson-md
Clydette Powell, MD https://www.doximity.com/pub/clydette-powell-md
Colette Parker, MD https://www.doximity.com/pub/colette-parker-md
Colin Nguyen, MD https://www.doximity.com/pub/colin-nguyen-md
Colin Roberts, MD https://www.doximity.com/pub/colin-roberts-md
Colin Van Orman, MD https://www.doximity.com/pub/colin-van-orman-md
Colin Zadikoff, MD https://www.doximity.com/pub/colin-zadikoff-md
Colleen Buhrfiend, MD https://www.doximity.com/pub/colleen-buhrfiend-md
Connor Gatewood, MD https://www.doximity.com/pub/connor-gatewood-md
Conor Ryan, MD https://www.doximity.com/pub/conor-ryan-md
Constance Smith-Hicks, MD https://www.doximity.com/pub/constance-smith-hicks-md
Coral Stredny, MD https://www.doximity.com/pub/coral-stredny-md
Corey Duke, MD https://www.doximity.com/pub/corey-duke-md-b2b38bc0
Corinne McCabe, MD https://www.doximity.com/pub/corinne-mccabe-md
Courtney Wusthoff, MD https://www.doximity.com/pub/courtney-wusthoff-md
Craig Zaidman, MD https://www.doximity.com/pub/craig-zaidman-md
Cresha Davis, MD https://www.doximity.com/pub/cresha-davis-md
Cresha Davis, MD https://www.doximity.com/pub/cresha-davis-md-673bbe6a
Cristian Delgado Baez, MD https://www.doximity.com/pub/cristian-delgado-baez-md
Cristian Delgado Báez, MD https://www.doximity.com/pub/cristian-delgado-baez-md-1d32a564
Cristian Ionita, MD https://www.doximity.com/pub/cristian-ionita-md
Cristian Ionita, MD https://www.doximity.com/pub/cristian-ionita-md-4043e335
Cristina Gaudioso, MD https://www.doximity.com/pub/cristina-gaudioso-md
Crystal Gutgsell, MD https://www.doximity.com/pub/crystal-gutgsell-do
Crystal Proud, MD https://www.doximity.com/pub/crystal-proud-md
Cullen Farragher, MD https://www.doximity.com/pub/cullen-farragher-do-82ac70ba
Cullen Marshall, MD https://www.doximity.com/pub/cullen-marshall-md
Cynthia Beatty, MD https://www.doximity.com/pub/cynthia-beatty-md
Cynthia Campen, MD https://www.doximity.com/pub/cynthia-campen-md
Cynthia Keator, MD https://www.doximity.com/pub/cynthia-keator-md
Cynthia Morris, MD https://www.doximity.com/pub/cynthia-morris-md-05b13dcf
Cynthia Morris, MD https://www.doximity.com/pub/cynthia-morris-md-8e1ea115
Cynthia Rooney, MD https://www.doximity.com/pub/cynthia-rooney-md
Cynthia Stack, MD https://www.doximity.com/pub/cynthia-stack-md
Cynthia Wang, MD https://www.doximity.com/pub/cynthia-wang-md-31d99619
Daksha Vyas, MD https://www.doximity.com/pub/daksha-vyas-md
Dalila Lewis, MD https://www.doximity.com/pub/dalila-lewis-md
Dalila Lewis, MD https://www.doximity.com/pub/dalila-lewis-md-3d4d4443
Damian Campbell, MD https://www.doximity.com/pub/damian-campbell-do
Dana Harrar, MD https://www.doximity.com/pub/dana-harrar-md
Dana Kapeller-Libermann, MD https://www.doximity.com/pub/dana-kapeller-libermann-md-e478f786
Dana O'Rourke, MD https://www.doximity.com/pub/dana-o-rourke-md-ce1b0341
Dana Shprung, MD https://www.doximity.com/pub/dana-shprung-md
Daniel Adler, MD https://www.doximity.com/pub/daniel-adler-md-f1644c8a
Daniel Arndt, MD https://www.doximity.com/pub/daniel-arndt-md-dc6683b4
Daniel Arrington, MD https://www.doximity.com/pub/daniel-arrington-md
Daniel Barson, MD https://www.doximity.com/pub/daniel-barson-md
Daniel Birnbaum, MD https://www.doximity.com/pub/daniel-birnbaum-md
Daniel Bluestone, MD https://www.doximity.com/pub/daniel-bluestone-md-e4926637
Daniel Bonthius, MD https://www.doximity.com/pub/daniel-bonthius-md
Daniel Bonthius, MD https://www.doximity.com/pub/daniel-bonthius-md-4fcc8fc8
Daniel Davila-Williams, MD https://www.doximity.com/pub/daniel-davila-williams-md
Daniel Fain, MD https://www.doximity.com/pub/daniel-fain-md
Daniel Freedman, MD https://www.doximity.com/pub/daniel-freedman-do
Daniel Garza, MD https://www.doximity.com/pub/daniel-garza-md-00df2e5e
Daniel Gossett, MD https://www.doximity.com/pub/daniel-gossett-md
Daniel Guillen Mendoza, MD https://www.doximity.com/pub/daniel-guillen-mendoza-md
Daniel Gustkey, MD https://www.doximity.com/pub/daniel-gustkey-do
Daniel Hurst, MD https://www.doximity.com/pub/daniel-hurst-md
Daniel Lacey, MD https://www.doximity.com/pub/daniel-lacey-md
Daniel Lapid, MD https://www.doximity.com/pub/daniel-lapid-md
Daniel Lapid, MD https://www.doximity.com/pub/daniel-lapid-md-60f2e229
Daniel Lax, MD https://www.doximity.com/pub/daniel-lax-md
Daniel Lowenstein, MD https://www.doximity.com/pub/daniel-lowenstein-md-6a39c538
Daniel Miles, MD https://www.doximity.com/pub/daniel-miles-md-b7d72139
Daniel Picchietti, MD https://www.doximity.com/pub/daniel-picchietti-md
Daniel Shewmon, MD https://www.doximity.com/pub/daniel-shewmon-md
Daniel Shrey, MD https://www.doximity.com/pub/daniel-shrey-md
Daniel Tarquinio, MD https://www.doximity.com/pub/daniel-tarquinio-do
Daniel Tarquinio, MD https://www.doximity.com/pub/daniel-tarquinio-do-dcc517f4
Daniela Minecan, MD https://www.doximity.com/pub/daniela-minecan-md
Daniela Tapos, MD https://www.doximity.com/pub/daniela-tapos-md
Daniella Miller, MD https://www.doximity.com/pub/daniella-miller-md-0e5456d8
Danielle Brigham, MD https://www.doximity.com/pub/danielle-brigham-md
Danielle deCampo, MD https://www.doximity.com/pub/danielle-decampo-md
Danielle Nolan, MD https://www.doximity.com/pub/danielle-nolan-md
Danielle Pier, MD https://www.doximity.com/pub/danielle-pier-md
Danielle Takacs, MD https://www.doximity.com/pub/danielle-takacs-md
Danielle Whalen, MD https://www.doximity.com/pub/danielle-whalen-md
Danielle Wyant, MD https://www.doximity.com/pub/danielle-wyant-md
Danny Rogers, MD https://www.doximity.com/pub/danny-rogers-md
Danyelle Evans, MD https://www.doximity.com/pub/danyelle-evans-md
Daphne Hasbani, MD https://www.doximity.com/pub/daphne-hasbani-md
Dara Albert, MD https://www.doximity.com/pub/dara-albert-do
Dararat Mingbunjerdsuk, MD https://www.doximity.com/pub/dararat-mingbunjerdsuk-md
Darcy Engelhart, MD https://www.doximity.com/pub/darcy-engelhart-md
Darcy Krueger, MD https://www.doximity.com/pub/darcy-krueger-md
Darina Dinov, MD https://www.doximity.com/pub/darina-dinov-do
Darrell Lewis, MD https://www.doximity.com/pub/darrell-lewis-md
Darren Farber, MD https://www.doximity.com/pub/darren-farber-do
Darryl De Vivo, MD https://www.doximity.com/pub/darryl-de-vivo-md
Dave Clarke, MD https://www.doximity.com/pub/dave-clarke-md
Dave Shahani, MD https://www.doximity.com/pub/dave-shahani-md
David Adams, MD https://www.doximity.com/pub/david-adams-md-20ee991a
David Bearden, MD https://www.doximity.com/pub/david-bearden-md
David Bettis, MD https://www.doximity.com/pub/david-bettis-md
David Bieber, MD https://www.doximity.com/pub/david-bieber-md
David Callahan, MD https://www.doximity.com/pub/david-callahan-md-f19eb45f
David Coulter, MD https://www.doximity.com/pub/david-coulter-md
David Dennison, MD https://www.doximity.com/pub/david-dennison-md-9aaf8d56
David Doan, MD https://www.doximity.com/pub/david-doan-md-01ade564
David Dredge, MD https://www.doximity.com/pub/david-dredge-md
David Dunn, MD https://www.doximity.com/pub/david-dunn-md-6bf4c7d0
David Franz, MD https://www.doximity.com/pub/david-franz-md-61286f62
David Halpert, MD https://www.doximity.com/pub/david-halpert-md-e7ccfddf
David Hammond, MD https://www.doximity.com/pub/david-hammond-md-546f51bc
David Hsu, MD https://www.doximity.com/pub/david-hsu-md
David Huss, MD https://www.doximity.com/pub/david-huss-md
David Huss, MD https://www.doximity.com/pub/david-huss-md-e1b69ee3
David Lieberman, MD https://www.doximity.com/pub/david-lieberman-md-ae5a1e7f
David Mandelbaum, MD https://www.doximity.com/pub/david-mandelbaum-md-e2e258a8
David Michelson, MD https://www.doximity.com/pub/david-michelson-md
David Moon, MD https://www.doximity.com/pub/david-moon-md-ae349e85
David Owen, MD https://www.doximity.com/pub/david-owen-md-f0ca84f1
David Paa, MD https://www.doximity.com/pub/david-paa-md
David Ritacco, MD https://www.doximity.com/pub/david-ritacco-md
David Ritter, MD https://www.doximity.com/pub/david-ritter-md-f4debe54
David Rothner, MD https://www.doximity.com/pub/david-rothner-md
David Shaw, MD https://www.doximity.com/pub/david-shaw-md-c4965452
David Siegler, MD https://www.doximity.com/pub/david-siegler-md-9109befe
David Stumpf, MD https://www.doximity.com/pub/david-stumpf-md
David Suhrbier, MD https://www.doximity.com/pub/david-suhrbier-do
David Toupin, MD https://www.doximity.com/pub/david-toupin-md
David Vargas Lowy, MD https://www.doximity.com/pub/david-vargas-lowy-md
David Walsh, MD https://www.doximity.com/pub/david-walsh-md-412dd09f
David Walsh, MD https://www.doximity.com/pub/david-walsh-md-b7608696
David Wolf, MD https://www.doximity.com/pub/david-wolf-md-c5799ee7
David Yohai, MD https://www.doximity.com/pub/david-yohai-md
Davut Pehlivan, MD https://www.doximity.com/pub/davut-pehlivan-md
Dawn Duane, MD https://www.doximity.com/pub/dawn-duane-md
Day Breen, MD https://www.doximity.com/pub/day-breen-md
Dayna Perkowski, MD https://www.doximity.com/pub/dayna-perkowski-md
Dayra Licier Oquendo, MD https://www.doximity.com/pub/dayra-licier-oquendo-md
Deandrea Ellis, MD https://www.doximity.com/pub/deandrea-ellis-md
Debabrata Ghosh, MD https://www.doximity.com/pub/debabrata-ghosh-md
Deborah Hirtz, MD https://www.doximity.com/pub/deborah-hirtz-md
Deborah Holder, MD https://www.doximity.com/pub/deborah-holder-md
Deborah Renaud, MD https://www.doximity.com/pub/deborah-renaud-md
Deborah Rukin Gold, MD https://www.doximity.com/pub/deborah-rukin-gold-md
Deborah Sokol, MD https://www.doximity.com/pub/deborah-sokol-md-9918aa1e
Debra Balke, MD https://www.doximity.com/pub/debra-balke-md
Debra Byler, MD https://www.doximity.com/pub/debra-byler-md
Deepa Rajan, MD https://www.doximity.com/pub/deepa-rajan-md
Deepa Sirsi, MD https://www.doximity.com/pub/deepa-sirsi-md
Deepak Lachhwani, MD https://www.doximity.com/pub/deepak-lachhwani-md
Deepali Eksambe, MD https://www.doximity.com/pub/deepali-eksambe-md
Deepankar Mohanty, MD https://www.doximity.com/pub/deepankar-mohanty-md
Deepti Chrusciel, MD https://www.doximity.com/pub/deepti-chrusciel-md
Delaney Dowd, MD https://www.doximity.com/pub/delaney-dowd-md
Delphin Sallowm, MD https://www.doximity.com/pub/delphin-sallowm-md
Denia Ramirez-Montealegre, MD https://www.doximity.com/pub/denia-ramirez-montealegre-md
Denis Altman, MD https://www.doximity.com/pub/denis-altman-md
Denise Morita, MD https://www.doximity.com/pub/denise-morita-md
Dennis Dlugos, MD https://www.doximity.com/pub/dennis-dlugos-md
Dennis Keselman, MD https://www.doximity.com/pub/dennis-keselman-md
Deron Sharpe, MD https://www.doximity.com/pub/deron-sharpe-md-80b62335
Derryl Miller, MD https://www.doximity.com/pub/derryl-miller-md
Desiree Czapansky-Beilman, MD https://www.doximity.com/pub/desiree-czapansky-beilman-md
Destini Smith Byrd, MD https://www.doximity.com/pub/destini-smith-byrd-md
Devin Johnson, MD https://www.doximity.com/pub/devin-johnson-md-7c0b6906
Devraj Chavda, MD https://www.doximity.com/pub/devraj-chavda-md
Dhristie Bhagat, MD https://www.doximity.com/pub/dhristie-bhagat-md
Diana Bharucha-Goebel, MD https://www.doximity.com/pub/diana-bharucha-goebel-md
Diana Bharucha-Goebel, MD https://www.doximity.com/pub/diana-bharucha-goebel-md-94842750
Diana Castro, MD https://www.doximity.com/pub/diana-castro-md
Diana Lebron, MD https://www.doximity.com/pub/diana-lebron-md
Diana Martinez, MD https://www.doximity.com/pub/diana-martinez-md
Diana Nielsen, MD https://www.doximity.com/pub/diana-nielsen-md-5ebde5ef
Diana Walleigh, MD https://www.doximity.com/pub/diana-walleigh-md
Diane Donley, MD https://www.doximity.com/pub/diane-donley-md-e7dbb9c6
Diane Stein, MD https://www.doximity.com/pub/diane-stein-md
Didem Taskin, MD https://www.doximity.com/pub/didem-taskin-md
Dilip Karnik, MD https://www.doximity.com/pub/dilip-karnik-md
Dimitrios Arkilo, MD https://www.doximity.com/pub/dimitrios-arkilo-md
Dimitrios Bousounis, MD https://www.doximity.com/pub/dimitrios-bousounis-md
Dina Dahan, MD https://www.doximity.com/pub/dina-dahan-md
Dina Kornblau, MD https://www.doximity.com/pub/dina-kornblau-md
Dina Saba, MD https://www.doximity.com/pub/dina-saba-md-2b7d4d78
Dinesh Lulla, MD https://www.doximity.com/pub/dinesh-lulla-md
Dinesh Talwar, MD https://www.doximity.com/pub/dinesh-talwar-md
Divakar Mithal, MD https://www.doximity.com/pub/divakar-mithal-md
Divya Gupta, MD https://www.doximity.com/pub/divya-gupta-md-446cf78a
Divya Jayaraman, MD https://www.doximity.com/pub/divya-jayaraman-md
Dmitry Tchapyjnikov, MD https://www.doximity.com/pub/dmitry-tchapyjnikov-md
Dominic Camperchioli, MD https://www.doximity.com/pub/dominic-camperchioli-md-97022a65
Don Mathew, MD https://www.doximity.com/pub/don-mathew-md
Don Thai, MD https://www.doximity.com/pub/don-thai-md
Donald Cameron, MD https://www.doximity.com/pub/donald-cameron-md-7c740ecd
Donald Chadwick, MD https://www.doximity.com/pub/donald-chadwick-md
Donald Gilbert, MD https://www.doximity.com/pub/donald-gilbert-md-65d8f7b8
Donald Taylor, MD https://www.doximity.com/pub/donald-taylor-md-5cb85015
Donald Younkin, MD https://www.doximity.com/pub/donald-younkin-md
Donita Lightner, MD https://www.doximity.com/pub/donita-lightner-md
Donna Stephenson, MD https://www.doximity.com/pub/donna-stephenson-md
Donya Eizadkhah, MD https://www.doximity.com/pub/donya-eizadkhah-md
Doris Trauner, MD https://www.doximity.com/pub/doris-trauner-md
Dorota Telega, MD https://www.doximity.com/pub/dorota-telega-md
Dorothy Pietrucha, MD https://www.doximity.com/pub/dorothy-pietrucha-md
Dorottya Kacsoh, MD https://www.doximity.com/pub/dorottya-kacsoh-md
Douglas Dove, MD https://www.doximity.com/pub/douglas-dove-md
Douglas Hyder, MD https://www.doximity.com/pub/douglas-hyder-md
Douglas Larsen, MD https://www.doximity.com/pub/douglas-larsen-md
Douglas Nordli, MD https://www.doximity.com/pub/douglas-nordli-md
Douglas Postels, MD https://www.doximity.com/pub/douglas-postels-md
Douglas Sproule, MD https://www.doximity.com/pub/douglas-sproule-md
Douglas Wells, MD https://www.doximity.com/pub/douglas-wells-md-c8e860c7
Drew Thodeson, MD https://www.doximity.com/pub/drew-thodeson-md
Dror Kraus, MD https://www.doximity.com/pub/dror-kraus-md
Duangchai Narawong, MD https://www.doximity.com/pub/duangchai-narawong-md
Dusit Adstamongkonkul, MD https://www.doximity.com/pub/dusit-adstamongkonkul-md
Dustin Gable, MD https://www.doximity.com/pub/dustin-gable-md
Dustin Paul, MD https://www.doximity.com/pub/dustin-paul-do
Duygu Selcen, MD https://www.doximity.com/pub/duygu-selcen-md
Duyu Nie, MD https://www.doximity.com/pub/duyu-nie-md
Dwarka Sankar, MD https://www.doximity.com/pub/dwarka-sankar-md
Dylan Brock, MD https://www.doximity.com/pub/dylan-brock-md
E. Crisp, MD https://www.doximity.com/pub/e-crisp-md
Ealing Mondragon, MD https://www.doximity.com/pub/ealing-mondragon-md
Eddy Aguilar, MD https://www.doximity.com/pub/eddy-aguilar-md-476e7bab
Edgar Oppenheimer, MD https://www.doximity.com/pub/edgar-oppenheimer-md
Edgard Andrade, MD https://www.doximity.com/pub/edgard-andrade-md
Eduardo Geyer dos Santos, MD https://www.doximity.com/pub/eduardo-geyer-dos-santos-md
Edward Chaplin, MD https://www.doximity.com/pub/edward-chaplin-md
Edward Gilmore, MD https://www.doximity.com/pub/edward-gilmore-md-96f482f6
Edward Goldstein, MD https://www.doximity.com/pub/edward-goldstein-md-3ca7253d
Edward Gratz, MD https://www.doximity.com/pub/edward-gratz-md
Edward Jernigan, MD https://www.doximity.com/pub/edward-jernigan-md
Edward Kaye, MD https://www.doximity.com/pub/edward-kaye-md
Edward Kovnar, MD https://www.doximity.com/pub/edward-kovnar-md
Edward Novotny, MD https://www.doximity.com/pub/edward-novotny-md
Edward Smith, MD https://www.doximity.com/pub/edward-smith-md-5d7684af
Edwin Liu, MD https://www.doximity.com/pub/edwin-liu-md
Edwin Trevathan, MD https://www.doximity.com/pub/edwin-trevathan-md
Edwin Zalneraitis, MD https://www.doximity.com/pub/edwin-zalneraitis-md
Egeria Lin, MD https://www.doximity.com/pub/egeria-lin-md
Ehab Dayyat, MD https://www.doximity.com/pub/ehab-dayyat-md
Ehab Dayyat, MD https://www.doximity.com/pub/ehab-dayyat-md-c3f6a372
Ehsaan Shahnawaz, MD https://www.doximity.com/pub/ehsaan-shahnawaz-md
Eileen Broomall, MD https://www.doximity.com/pub/eileen-broomall-md
Eileen Ser, MD https://www.doximity.com/pub/eileen-ser-md
Ekta Bery, MD https://www.doximity.com/pub/ekta-bery-md
Ekta Bery, MD https://www.doximity.com/pub/ekta-bery-md-404f424a
Ekta Shah, MD https://www.doximity.com/pub/ekta-shah-do
Elaine Seto, MD https://www.doximity.com/pub/elaine-seto-md
Elaine Wirrell, MD https://www.doximity.com/pub/elaine-wirrell-md
Elaine Wyllie, MD https://www.doximity.com/pub/elaine-wyllie-md
Elena Andriescu, MD https://www.doximity.com/pub/elena-andriescu-md
Elena Caron, MD https://www.doximity.com/pub/elena-caron-md
Elia Pestana Knight, MD https://www.doximity.com/pub/elia-pestana-knight-md
Eliana Applbaum, MD https://www.doximity.com/pub/eliana-applbaum-md
Elias Chalhub, MD https://www.doximity.com/pub/elias-chalhub-md
Elie Rizkala, MD https://www.doximity.com/pub/elie-rizkala-md
Elisa Garcia, MD https://www.doximity.com/pub/elisa-garcia-md
Elisa Geraldino, MD https://www.doximity.com/pub/elisa-geraldino-md
Elisa Nabel, MD https://www.doximity.com/pub/elisa-nabel-md
Elissa Yozawitz, MD https://www.doximity.com/pub/elissa-yozawitz-md
Eliza Gordonlipki, MD https://www.doximity.com/pub/eliza-gordonlipki-md
Elizabeth Ackley, MD https://www.doximity.com/pub/elizabeth-ackley-md
