Aaron Goldberg, MD https://www.doximity.com/cv/aaron-goldberg-md-slash-6
Amar Kelkar, MD https://www.doximity.com/cv/amarkelkar
Amy Dunn, MD https://www.doximity.com/cv/amy-dunn-md-slash-3
Angara Rao, MD https://www.doximity.com/cv/angara-rao-md-1
Anthony Nguyen, MD https://www.doximity.com/cv/anthonynguyenmd
Ayman Saad, MD https://www.doximity.com/cv/ayman-saad-md-2
Brandon Hardesty, MD https://www.doximity.com/cv/brandon-hardesty-md-slash-2
Carlos Vigil Gonzales, MD https://www.doximity.com/cv/carlos-e-vigil-md
Clive Zent, MD https://www.doximity.com/cv/clive-zent-md-1
Daniel Sherbenou, MD https://www.doximity.com/cv/daniel-sherbenou-md-phd
Danielle Atibalentja, MD https://www.doximity.com/cv/danielle-atibalentja-md-1
Lachelle Weeks, MD https://www.doximity.com/cv/drlachelleweeks
Eric Chang, MD https://www.doximity.com/cv/eric-chang-md-075a
Grace Kao, MD https://www.doximity.com/cv/grace-kao-md-slash-1
Gregory Kato, MD https://www.doximity.com/cv/gregory-kato-md-3
Harvey Weiss, MD https://www.doximity.com/cv/harvey-j-weiss-md
James Taylor, MD https://www.doximity.com/cv/james-taylor-md-slash-16
Javier Munoz, MD https://www.doximity.com/cv/javier-munoz-md-slash-2
Jessica Caro, MD https://www.doximity.com/cv/jessica-caro
John D. Roberts, MD https://www.doximity.com/cv/john-d-roberts-md
Jon Fukumoto, MD https://www.doximity.com/cv/jon-fukumoto-md-1
Jorge Monge Urrea, MD https://www.doximity.com/cv/jorge-monge-md
Kami Maddocks, MD https://www.doximity.com/cv/kami-j-maddocks-md
Kamyar Nader, MD https://www.doximity.com/cv/kamyar-nader-md-2
Kim-Hien Dao, MD https://www.doximity.com/cv/kim-hiendao
Leo Luznik, MD https://www.doximity.com/cv/leo-luznik-md
Leslie Andritsos, MD https://www.doximity.com/cv/leslie-andritsos-md-1
Lori Rosenstein, MD https://www.doximity.com/cv/lori-rosenstein-md-1
Marwan Shaikh, MD https://www.doximity.com/cv/marwan-shaikh-md-1
Matthew Pianko, MD https://www.doximity.com/cv/matthew-pianko-md-slash-1
Monzr Al Malki, MD https://www.doximity.com/cv/mhd-monzr-al-malki-md-1
Michael Hochman, MD https://www.doximity.com/cv/michael-hochman
Parameswaran Venugopal, MD https://www.doximity.com/cv/parameswaran-venugopal-md-1
Paul F. Bray, MD https://www.doximity.com/cv/paul-f-bray-md-1
Prashant Sharma, MD https://www.doximity.com/cv/prashant-sharma-md-3
Richard Larson, MD https://www.doximity.com/cv/richard-larson-md-slash-4
Richard Light, MD https://www.doximity.com/cv/richard-light-md-slash-1
Richard Van Etten, MD https://www.doximity.com/cv/richard-van-etten-md
Sagar Patel, MD https://www.doximity.com/cv/sagarpatel
Scott Smith, MD https://www.doximity.com/cv/scott-smith-md-slash-4
Stephen Smith, MD https://www.doximity.com/cv/stephen-smith-md-565f
Aaron Cheng, MD https://www.doximity.com/pub/aaron-cheng-md-53d0026a
Aaron Etra, MD https://www.doximity.com/pub/aaron-etra-md
Aaron Gerds, MD https://www.doximity.com/pub/aaron-gerds-md
Aaron Iddings, MD https://www.doximity.com/pub/aaron-iddings-md
Aaron Lang, MD https://www.doximity.com/pub/aaron-lang-md
Aaron Rapoport, MD https://www.doximity.com/pub/aaron-rapoport-md
Aasiya Matin, MD https://www.doximity.com/pub/aasiya-matin-md
Abdul Choudhury, MD https://www.doximity.com/pub/abdul-choudhury-md
Abdul Rafae, MD https://www.doximity.com/pub/abdul-rafae-md
Abdul Rashid Shah, MD https://www.doximity.com/pub/abdul-rashid-shah-md
Abdullah Alsaleh, MD https://www.doximity.com/pub/abdullah-alsaleh-md
Abdullah Khan, MD https://www.doximity.com/pub/abdullah-khan-md-18235a20
Abdulraheem Yacoub, MD https://www.doximity.com/pub/abdulraheem-yacoub-md
Abdulsabur Sanni, MD https://www.doximity.com/pub/abdulsabur-sanni-md
Abdus Saleem, MD https://www.doximity.com/pub/abdus-saleem-md
Abeer Abouyabis, MD https://www.doximity.com/pub/abeer-abouyabis-md
Abeer Alfaraj, MD https://www.doximity.com/pub/abeer-alfaraj-md-a00a2c6d
Abeer Arain, MD https://www.doximity.com/pub/abeer-arain-md
Abhishek Mangaonkar, MD https://www.doximity.com/pub/abhishek-mangaonkar-md
Abigail Phelps, MD https://www.doximity.com/pub/abigail-phelps-md
Abraham Mathews, MD https://www.doximity.com/pub/abraham-mathews-md
Abraham Potolsky, MD https://www.doximity.com/pub/abraham-potolsky-md
Abraham Zimelman, MD https://www.doximity.com/pub/abraham-zimelman-md
Adam Cuker, MD https://www.doximity.com/pub/adam-cuker-md
Adam DuVall, MD https://www.doximity.com/pub/adam-duvall-md
Adam Kittai, MD https://www.doximity.com/pub/adam-kittai-md
Adam Kotowski, MD https://www.doximity.com/pub/adam-kotowski-md
Adam Lin, MD https://www.doximity.com/pub/adam-lin-md
Adam Sperling, MD https://www.doximity.com/pub/adam-sperling-md
Adarsh Vennepureddy, MD https://www.doximity.com/pub/adarsh-vennepureddy-md
Adel Makary, MD https://www.doximity.com/pub/adel-makary-md
Adetola Kassim, MD https://www.doximity.com/pub/adetola-kassim-md
Aditi Saha, MD https://www.doximity.com/pub/aditi-saha-md-5ac09e45
Aditi Singh, MD https://www.doximity.com/pub/aditi-singh-md
Aditya Sarvaria, MD https://www.doximity.com/pub/aditya-sarvaria-md
Adnan Jabbar, MD https://www.doximity.com/pub/adnan-jabbar-md
Adrian Wiestner, MD https://www.doximity.com/pub/adrian-wiestner-md
Adriana Rossi, MD https://www.doximity.com/pub/adriana-rossi-md
Adrienne Kaufman, MD https://www.doximity.com/pub/adrienne-kaufman-md
Aftab Chaudhry, MD https://www.doximity.com/pub/aftab-chaudhry-md
Ah-Reum Jeong, MD https://www.doximity.com/pub/ah-reum-jeong-md
Ahmad Abdulzahir, MD https://www.doximity.com/pub/ahmad-abdulzahir-md-6f953734
Ahmad Cheema, MD https://www.doximity.com/pub/ahmad-cheema-md-77c15797
Ahmad El-Far, MD https://www.doximity.com/pub/ahmad-el-far-md
Ahmad Ghorab, MD https://www.doximity.com/pub/ahmad-ghorab-md
Ahmad Gill, MD https://www.doximity.com/pub/ahmad-gill-md
Ahmad Samer Al-Homsi, MD https://www.doximity.com/pub/ahmad-samer-al-homsi-md
Ahmed Asif, MD https://www.doximity.com/pub/ahmed-asif-md
Ahmed Galal, MD https://www.doximity.com/pub/ahmed-galal-md
Ahmed Ghany, MD https://www.doximity.com/pub/ahmed-ghany-md
Ahmed Khalil, MD https://www.doximity.com/pub/ahmed-khalil-md-3fe5c643
Aimee Merino, MD https://www.doximity.com/pub/aimee-merino-md
Aimee Schad, MD https://www.doximity.com/pub/aimee-schad-md
Aisha Alkhinji, MD https://www.doximity.com/pub/aisha-alkhinji-md
Aitsa Jimenez Velez, MD https://www.doximity.com/pub/aitsa-jimenez-velez-md
Ajay Major, MD https://www.doximity.com/pub/ajay-major-md-448d5e68
Ajit Varki, MD https://www.doximity.com/pub/ajit-varki-md-7c148a85
Akansha Chowdhary, MD https://www.doximity.com/pub/akansha-chowdhary-md
Akberali Khakee, MD https://www.doximity.com/pub/akberali-khakee-md
Akriti Jain, MD https://www.doximity.com/pub/akriti-jain-md-699322c5
Akshay Shah, MD https://www.doximity.com/pub/akshay-shah-md/5
Ala Ebaid, MD https://www.doximity.com/pub/ala-ebaid-md
Alain Mina, MD https://www.doximity.com/pub/alain-mina-md
Alain Mina, MD https://www.doximity.com/pub/alain-mina-md-4d609390
Alan Colowick, MD https://www.doximity.com/pub/alan-colowick-md
Alan Lichtenstein, MD https://www.doximity.com/pub/alan-lichtenstein-md-99b48aba
Alan List, MD https://www.doximity.com/pub/alan-list-md-82f75422
Alan Rauch, MD https://www.doximity.com/pub/alan-rauch-md
Alan Sandler, MD https://www.doximity.com/pub/alan-sandler-md
Albert Begas, MD https://www.doximity.com/pub/albert-begas-md
Albert Ebenezer, MD https://www.doximity.com/pub/albert-ebenezer-md
Albert Quiery, MD https://www.doximity.com/pub/albert-quiery-md
Albert Yeh, MD https://www.doximity.com/pub/albert-yeh-md
Alberto Busmail, MD https://www.doximity.com/pub/alberto-busmail-md
Albina Kibirova, MD https://www.doximity.com/pub/albina-kibirova-md
Alden Gagnon, MD https://www.doximity.com/pub/alden-gagnon-md
Alex Herrera, MD https://www.doximity.com/pub/alex-herrera-md
Alex Kawana, MD https://www.doximity.com/pub/alex-kawana-md
Alex Niu, MD https://www.doximity.com/pub/alex-niu-md
Alex Politsmakher, MD https://www.doximity.com/pub/alex-politsmakher-md
Alex Saber, MD https://www.doximity.com/pub/alex-saber-md-3a8984e8
Alexander Boucher, MD https://www.doximity.com/pub/alexander-boucher-md
Alexander Pine, MD https://www.doximity.com/pub/alexander-pine-md
Alexander Schlitt, MD https://www.doximity.com/pub/alexander-schlitt-do-d30de723
Alexander Starr, MD https://www.doximity.com/pub/alexander-starr-md
Alexander Stewart, MD https://www.doximity.com/pub/alexander-stewart-md
Alexander Ungewickell, MD https://www.doximity.com/pub/alexander-ungewickell-md
Alexandra Boehm, MD https://www.doximity.com/pub/alexandra-boehm-md
Alexandra Gabriel, MD https://www.doximity.com/pub/alexandra-gabriel-md
Alexandra Levine, MD https://www.doximity.com/pub/alexandra-levine-md
Alfred Lee, MD https://www.doximity.com/pub/alfred-lee-md-43565ef8
Alfred Lee, MD https://www.doximity.com/pub/alfred-lee-md-ab6af137
Alfred Tauber, MD https://www.doximity.com/pub/alfred-tauber-md
Alfredo Torres, MD https://www.doximity.com/pub/alfredo-torres-md-0bc8b8c1
Alice Cusick, MD https://www.doximity.com/pub/alice-cusick-md
Alice David, MD https://www.doximity.com/pub/alice-david-md
Alicia Gomensoro, MD https://www.doximity.com/pub/alicia-gomensoro-md
Alicia Mendez, MD https://www.doximity.com/pub/alicia-mendez-md
Alison Alpert, MD https://www.doximity.com/pub/alison-alpert-md-777ada03
Alison Bested, MD https://www.doximity.com/pub/alison-bested-md
Alison Moliterno, MD https://www.doximity.com/pub/alison-moliterno-md
Alison Savage, MD https://www.doximity.com/pub/alison-savage-md
Alison Walker, MD https://www.doximity.com/pub/alison-walker-md
Alissa Visram, MD https://www.doximity.com/pub/alissa-visram-md
Allan Miller, MD https://www.doximity.com/pub/allan-miller-md-65806a1c
Allen Bennett, MD https://www.doximity.com/pub/allen-bennett-md
Allison Bock, MD https://www.doximity.com/pub/allison-bock-md
Allison Rosenthal, MD https://www.doximity.com/pub/allison-rosenthal-do
Alma Habib, MD https://www.doximity.com/pub/alma-habib-md-27086fb1
Alma Rivera, MD https://www.doximity.com/pub/alma-rivera-md
Alok Swaroop, MD https://www.doximity.com/pub/alok-swaroop-md
Alvaro Perona Blazquez, MD https://www.doximity.com/pub/alvaro-perona-blazquez-md
Alvin Otsuka, MD https://www.doximity.com/pub/alvin-otsuka-md
Aman Opneja, MD https://www.doximity.com/pub/aman-opneja-md-9ad0c473
Amanda Bauer, MD https://www.doximity.com/pub/amanda-bauer-md-cf6b83e5
Amanda Blackmon, MD https://www.doximity.com/pub/amanda-blackmon-do
Amanda Kagan, MD https://www.doximity.com/pub/amanda-kagan-md
Amanda Kagan, MD https://www.doximity.com/pub/amanda-kagan-md-f289aa05
Amanda Kaveney, MD https://www.doximity.com/pub/amanda-kaveney-md
Amanda McBride, MD https://www.doximity.com/pub/amanda-mcbride-md
Amandeep Godara, MD https://www.doximity.com/pub/amandeep-godara-md
Amara Hussain, MD https://www.doximity.com/pub/amara-hussain-md
Amarilys Mangual, MD https://www.doximity.com/pub/amarilys-mangual-md
Amber Iqbal, MD https://www.doximity.com/pub/amber-iqbal-do
Amber Sobuto, MD https://www.doximity.com/pub/amber-sobuto-do
Amber Sobuto, MD https://www.doximity.com/pub/amber-sobuto-do-fa231fdf
Ambrose Ng, MD https://www.doximity.com/pub/ambrose-ng-md
Amer Beitinjaneh, MD https://www.doximity.com/pub/amer-beitinjaneh-md
Amir Azadi, MD https://www.doximity.com/pub/amir-azadi-md
Amit Goldberg, MD https://www.doximity.com/pub/amit-goldberg-md
Amita Kalia-Sharma, MD https://www.doximity.com/pub/amita-kalia-sharma-md
Ammon Fager, MD https://www.doximity.com/pub/ammon-fager-md
Amrita Krishnan, MD https://www.doximity.com/pub/amrita-krishnan-md-6cf7b1e6
Amy Hankin, MD https://www.doximity.com/pub/amy-hankin-md
Amy McGhee, MD https://www.doximity.com/pub/amy-mcghee-md
Amy Sharma, MD https://www.doximity.com/pub/amy-sharma-md
Amy Spomer, MD https://www.doximity.com/pub/amy-spomer-md
Amy Sun, MD https://www.doximity.com/pub/amy-sun-md-19a7a31d
Ana Antun, MD https://www.doximity.com/pub/ana-antun-md
Anaadriana Zakarija, MD https://www.doximity.com/pub/anaadriana-zakarija-md-cda9fbb9
Anand Patel, MD https://www.doximity.com/pub/anand-patel-md-c895d926
Anas Alsuraihi, MD https://www.doximity.com/pub/anas-alsuraihi-md
Anath Lionel, MD https://www.doximity.com/pub/anath-lionel-md
Andrea Dean, MD https://www.doximity.com/pub/andrea-dean-md
Andrea Myers, MD https://www.doximity.com/pub/andrea-myers-md
Andreas Athanasiou, MD https://www.doximity.com/pub/andreas-athanasiou-md-7b7a5aa8
Andreas Klein, MD https://www.doximity.com/pub/andreas-klein-md
Andres Chang, MD https://www.doximity.com/pub/andres-chang-md
Andres Ferber, MD https://www.doximity.com/pub/andres-ferber-md
Andres Forero-Torres, MD https://www.doximity.com/pub/andres-forero-torres-md
Andres Mendez-Hernandez, MD https://www.doximity.com/pub/andres-mendez-hernandez-md
Andrew Dancis, MD https://www.doximity.com/pub/andrew-dancis-md
Andrew Eisenberger, MD https://www.doximity.com/pub/andrew-eisenberger-md
Andrew Hsu, MD https://www.doximity.com/pub/andrew-hsu-md-2c6c683b
Andrew Leavitt, MD https://www.doximity.com/pub/andrew-leavitt-md
Andrew Matthews, MD https://www.doximity.com/pub/andrew-matthews-md-e8583860
Andrew McKee, MD https://www.doximity.com/pub/andrew-mckee-md
Andrew O'Brien, MD https://www.doximity.com/pub/andrew-o-brien-md
Andrew O'Brien, MD https://www.doximity.com/pub/andrew-o-brien-md-ab51ef0d
