A. Michael Lincoff, MD https://www.doximity.com/cv/a-michael-lincoff-md
A. Vincent Songco, MD https://www.doximity.com/cv/a-vincent-songco-md-1
Abdelrahman Aly, MD https://www.doximity.com/cv/aaalycardiology
Aaqib Malik, MD https://www.doximity.com/cv/aaqib-malik-md-slash-1
Aaron Earles, MD https://www.doximity.com/cv/aaron-earles-do-1
Aaron Kithcart, MD https://www.doximity.com/cv/aaron-kithcart
Aaron Smith, MD https://www.doximity.com/cv/aaron-smith-md-a81f801f
Abbas Ali, MD https://www.doximity.com/cv/abbas-ali-md-4
Abbas Rampurwala, MD https://www.doximity.com/cv/abbas-rampurwala-md-2
Abdul Chughtai, MD https://www.doximity.com/cv/abdul-chughtai-md-1
Abdullahi Oseni, MD https://www.doximity.com/cv/abdul-oseni-md
Abendra Naidoo, MD https://www.doximity.com/cv/abendra-naidoo-md-1
Abhishek Sinha, MD https://www.doximity.com/cv/abhishek-sinha-md-slash-1
Adam Johnson, MD https://www.doximity.com/cv/adam-johnson-md-fb28
Adam Noyes, MD https://www.doximity.com/cv/adam-noyes-md-1
Adolph Mares, MD https://www.doximity.com/cv/adolph-mares-md-1
Afshine Emrani, MD https://www.doximity.com/cv/afshine-emrani-md-1
Ahmed Elwan, MD https://www.doximity.com/cv/ahmed-elwan-md-1
Ahmet Oktay, MD https://www.doximity.com/cv/ahmet-afsin-oktay-md
Alain Fedida, MD https://www.doximity.com/cv/alain-fedida-md-slash-1
Alan Hecht, MD https://www.doximity.com/cv/alan-hecht-md-slash-1
Alayn Govea, MD https://www.doximity.com/cv/alayn-govea
Alexander Mauskop, MD https://www.doximity.com/cv/alexander-mauskop-md-caeda181
Alexander Mayer, MD https://www.doximity.com/cv/alexander-mayer-do-1
Alexei Agapitov, MD https://www.doximity.com/cv/alexei-agapitov-md-slash-1
Alexander Truesdell, MD https://www.doximity.com/cv/alextruesdell
Ali Kutom, MD https://www.doximity.com/cv/ali-kutom-md-1
Ali Yassen, MD https://www.doximity.com/cv/ali-yassen-md-1
Allan Harrelson, MD https://www.doximity.com/cv/allan-harrelson-do-2
Allen Anderson, MD https://www.doximity.com/cv/allen-anderson-md-slash-1
Allen Ciuffo, MD https://www.doximity.com/cv/allen-ciuffo-md-1
Allen Dollar, MD https://www.doximity.com/cv/allen-dollar-md-1
Allen Johnson, MD https://www.doximity.com/cv/allen-johnson-md-slash-3
Allen Soffer, MD https://www.doximity.com/cv/allen-soffer-md-slash-3
Alvaro Alonso Aparicio, MD https://www.doximity.com/cv/alvaro-alonso-md
Aly Rahimtoola, MD https://www.doximity.com/cv/aly-rahimtoola-md-1
Amanda Northup, MD https://www.doximity.com/cv/amandanorthup
Amar Shere, MD https://www.doximity.com/cv/amar-shere-1
Amartya Kundu, MD https://www.doximity.com/cv/amartya-kundu-md-1
Ameeta Walia, MD https://www.doximity.com/cv/ameeta-ahuja-do-2
Amir Gahremanpour, MD https://www.doximity.com/cv/amir-gahremanpour-md-2
Amit Amin, MD https://www.doximity.com/cv/amit-amin-md-slash-1
Amit Keswani, MD https://www.doximity.com/cv/amit-keswani-md-slash-1
Amr Mohsen, MD https://www.doximity.com/cv/amrmohsen
Amro Alsaid, MD https://www.doximity.com/cv/amro-alsaid
Anas Alomar, MD https://www.doximity.com/cv/anasalomar
Anatoliy Nechyporenko, MD https://www.doximity.com/cv/anatoliy-nechyporenko-md-ef355e60
Andrew Engel-Rodriguez, MD https://www.doximity.com/cv/andrew-engel-rodriguez-md12345
Andrew Epstein, MD https://www.doximity.com/cv/andrew-epstein-md-92c0
Andrew Sauer, MD https://www.doximity.com/cv/andrew-sauer-md-slash-1
Andrew Zadeh, MD https://www.doximity.com/cv/andrew-zadeh-md-1
Andrew Zohlman, MD https://www.doximity.com/cv/andrew-zohlman-md-1
Andrew Choi, MD https://www.doximity.com/cv/andrewdchoimd
Andrew Pattock, MD https://www.doximity.com/cv/andrewpattock
Andrew Rudin, MD https://www.doximity.com/cv/andrewrudinmd
Andrij Baran, MD https://www.doximity.com/cv/andrij-baran-md-8
Andy Lee, MD https://www.doximity.com/cv/andy-yt-lee-md
Angel Lopez-Candales, MD https://www.doximity.com/cv/angel-lopez-candales-md-3
Angela Park, MD https://www.doximity.com/cv/angela-park-md-2
Anita Ravi, MD https://www.doximity.com/cv/anitaravimd
Anna Czajka, MD https://www.doximity.com/cv/anna-czajka-md
Anna Kezerashvili, MD https://www.doximity.com/cv/anna-kezerashvili-md-slash-1
Annabelle Volgman, MD https://www.doximity.com/cv/annabelle-volgman-md
Anoop Agrawal, MD https://www.doximity.com/cv/anoop-agrawal-md-slash-1
Ansermo Arthur, MD https://www.doximity.com/cv/ansermo-arthur-md-1
Anthony Pizzo, MD https://www.doximity.com/cv/anthony-pizzo-md-slash-1
Antonio Moretta, MD https://www.doximity.com/cv/antonio-moretta-md-1
Antonio Navarrete Casas, MD https://www.doximity.com/cv/antonio-navarrete-md-2
Arash Harzand, MD https://www.doximity.com/cv/arash
Arby Nahapetian, MD https://www.doximity.com/cv/arby-nahapetian-md-1
Archana Gautam, MD https://www.doximity.com/cv/archana-gautam-md-1
Ariane Lieberman, MD https://www.doximity.com/cv/ariane-lieberman-md-2
Arti Shah, MD https://www.doximity.com/cv/arti-shah-md-4
Arun Rao, MD https://www.doximity.com/cv/arun-rao-md-5
Arvind Bali, MD https://www.doximity.com/cv/arvind-bali-md-1
Asad Rizvi, MD https://www.doximity.com/cv/asad-rizvi-md-1
Ashok Chaudhary, MD https://www.doximity.com/cv/ashok-chaudhary-md-slash-1
Atique Mirza, MD https://www.doximity.com/cv/atique-mirza-md-1
Auras Atreya, MD https://www.doximity.com/cv/auras-atreya-md-slash-1
Abdulaziz Joury, MD https://www.doximity.com/cv/azizjoury
Byungdoo Yi, MD https://www.doximity.com/cv/b-alexander-yi-md-phd
B. Keith Ellis, MD https://www.doximity.com/cv/b-keith-ellis-md
Bahram Khadivi, MD https://www.doximity.com/cv/bahram-khadivi-md-2
Barry George, MD https://www.doximity.com/cv/barry-george-md-1
Behnam Tehrani, MD https://www.doximity.com/cv/behnam-tehrani-md-1
Hardik Bhansali, MD https://www.doximity.com/cv/bhansali
Bhavananda Reddy, MD https://www.doximity.com/cv/bhavananda-reddy-md-2
Bhudev Sharma, MD https://www.doximity.com/cv/bhudev-sharma-md-1
Bhupinder Singh, MD https://www.doximity.com/cv/bhupinder-singh-md-slash-1
Biju Mathews, MD https://www.doximity.com/cv/biju-mathews-md-slash-1
Billy Chen, MD https://www.doximity.com/cv/billy-chen-md-phd
Billy Jones, MD https://www.doximity.com/cv/billy-jones-md-slash-1
Bobby Khan, MD https://www.doximity.com/cv/bobby-khan-md-2
Boris Nunez, MD https://www.doximity.com/cv/boris-nunez-md-1
Biren Patel, MD https://www.doximity.com/cv/bpatelmd54
Bradley Radwaner, MD https://www.doximity.com/cv/bradley-radwaner-md-2
Brenton Bauer, MD https://www.doximity.com/cv/brenton-bauer-md-1
Bret Rogers, MD https://www.doximity.com/cv/bret-rogers-md-1
Brian Eades, MD https://www.doximity.com/cv/brian-eades-md-slash-2
Brian Griffin, MD https://www.doximity.com/cv/brian-griffin-md-slash-3-2
Brigitta Brott, MD https://www.doximity.com/cv/brigitta-brott-md-1
Brisha Best, MD https://www.doximity.com/cv/brisha-best
Brittany Dixon, MD https://www.doximity.com/cv/brittany-dixon-md-d63f
Tzy-Shiuan Bruce Kuo, MD https://www.doximity.com/cv/brucekuo
Bruno Lima, MD https://www.doximity.com/cv/bruno-lima-md-phd
C. Michael Brown, MD https://www.doximity.com/cv/c-michael-brown-md
Calvin Yeang, MD https://www.doximity.com/cv/calvin-yeang-md-0f27fe1f
Camille Pearte, MD https://www.doximity.com/cv/camille-pearte-md-slash-1
Lookman Lawal, MD https://www.doximity.com/cv/cardiologist-lookman-lawal-md
Puneet Sahgal, MD https://www.doximity.com/cv/cardiomvc-dot-com
Carl B. Kapadia, MD https://www.doximity.com/cv/carl-kapadia-md-3
Carl Tong, MD https://www.doximity.com/cv/carl-tong-md-1
Carmel Moazez, MD https://www.doximity.com/cv/carmel-moazez-md
Carol Chen-Johnston, MD https://www.doximity.com/cv/carol-chen-johnston-md-1
Catherine Weinberg, MD https://www.doximity.com/cv/catherine-weinberg-md-1
Cesar Morales-Pabon, MD https://www.doximity.com/cv/cesar-morales-pabon-md-1
Charisse Ward, MD https://www.doximity.com/cv/charisse-ward-md-1
Charles Hong, MD https://www.doximity.com/cv/charles-hong-md-slash-4
Charles Riley, MD https://www.doximity.com/cv/charles-riley-md-slash-1
Charles Swerdlow, MD https://www.doximity.com/cv/charles-swerdlow-md-7
Charles Te, MD https://www.doximity.com/cv/charles-te-md-1
Chi-Hyun You, MD https://www.doximity.com/cv/chi-hyun-you-md-slash-1
Chintan Desai, MD https://www.doximity.com/cv/chintan-desai-md-slash-2
Christina Fanola, MD https://www.doximity.com/cv/christina-cove-md-1
Christine Gasperetti, MD https://www.doximity.com/cv/christine-gasperetti-md-1
Christine Jellis, MD https://www.doximity.com/cv/christine-jellis-md-1
Christopher Hanson, MD https://www.doximity.com/cv/christopher-hanson-md-e98d
Christopher Kelly, MD https://www.doximity.com/cv/christopher-kelly-md
Christopher Larson, MD https://www.doximity.com/cv/christopher-w-larson-do
Christopher White, MD https://www.doximity.com/cv/christopher-white-md-slash-5
Christopher Wilson, MD https://www.doximity.com/cv/christopher-wilson-md-phd
Clark McKenzie, MD https://www.doximity.com/cv/clark-mckenzie-md-2
Conrad Jablonski, MD https://www.doximity.com/cv/conrad-jablonski-md
Corey J. Lum, MD https://www.doximity.com/cv/corey-lum-do-1
Craig Brett, MD https://www.doximity.com/cv/craig-brett-md-1
Cynthia Tracy, MD https://www.doximity.com/cv/cynthia-tracy-md-1
Cyril Varughese, MD https://www.doximity.com/cv/cyril-varughese-md-slash-1
Dan Fintel, MD https://www.doximity.com/cv/dan-fintel-md-1
Daniel Cooper, MD https://www.doximity.com/cv/daniel-cooper-md-c00ec0db
Daniel Hermann, MD https://www.doximity.com/cv/daniel-hermann-md-2
Daniel Hugenberg, MD https://www.doximity.com/cv/daniel-hugenberg-md
Daniel Norberg, MD https://www.doximity.com/cv/daniel-norberg-md-1
Daniel Ortiz, MD https://www.doximity.com/cv/daniel-ortiz-md-slash-2
Daniel Simon, MD https://www.doximity.com/cv/daniel-simon-md-fee80184
Daniel Price, MD https://www.doximity.com/cv/daniel-t-price-md
Daniela Filip Kovacs, MD https://www.doximity.com/cv/daniela-kovacs-md-3
Danish Zaidi, MD https://www.doximity.com/cv/danishzaidi
Daniel Kirshenbaum, MD https://www.doximity.com/cv/dankirsh
Danny Lee, MD https://www.doximity.com/cv/danny-y-lee-md-ep
Darren Ramoutar, MD https://www.doximity.com/cv/darren-ramoutar-do-1
David Fermin, MD https://www.doximity.com/cv/david-fermin-md-slash-3
David Hall, MD https://www.doximity.com/cv/david-hall-md-slash-29
David Heredia, MD https://www.doximity.com/cv/david-heredia-md-28e5b40c
David Hur, MD https://www.doximity.com/cv/david-j-hur-md
David Kavesteen, MD https://www.doximity.com/cv/david-kavesteen-md-1
David Meyers, MD https://www.doximity.com/cv/david-meyers-md-b7c9a555
David Williams, MD https://www.doximity.com/cv/david-o-williams-md
David Porzio, MD https://www.doximity.com/cv/david-porzio-md-2
David Pratt, MD https://www.doximity.com/cv/david-pratt-md
David Scher, MD https://www.doximity.com/cv/david-scher-md-2
David Schwartzman, MD https://www.doximity.com/cv/david-schwartzman-md-36bd9c2e
David Smith, MD https://www.doximity.com/cv/david-smith-md-slash-147
David Vaughan, MD https://www.doximity.com/cv/david-vaughan-md-slash-2
David Weisman, MD https://www.doximity.com/cv/david-weisman-md-slash-2
David Gilbert, MD https://www.doximity.com/cv/davidgilbert
David Power, MD https://www.doximity.com/cv/davidpowercardiology
Deepak Bhatt, MD https://www.doximity.com/cv/deepak-l-bhatt-md-mph
Deepika Gopalakrishnan, MD https://www.doximity.com/cv/deepika-gopalakrishnan-md-1
Deirdre Mattina, MD https://www.doximity.com/cv/deirdre-mattina-md
Demetrio Castillo, MD https://www.doximity.com/cv/demetrio-castillo-md-0a5e8862
Dena Wilson, MD https://www.doximity.com/cv/dena-wilson-md-2
Derek Phan, MD https://www.doximity.com/cv/derek-phan-md-slash-1
Diljon Chahal, MD https://www.doximity.com/cv/diljon-chahal-md-slash-1
Dinesh Sharma, MD https://www.doximity.com/cv/dinesh-sharma-md-slash-3
Vijay Divakaran, MD https://www.doximity.com/cv/divakaran
Divya Korpu, MD https://www.doximity.com/cv/divyakorpu
Donald Anderson, MD https://www.doximity.com/cv/donald-anderson-md-slash-13
Jeffrey Lin, MD https://www.doximity.com/cv/dr-jeffrey-lin
Michael Morris, MD https://www.doximity.com/cv/drmikemorrismd
David Song, MD https://www.doximity.com/cv/dsongheart
Dustin Hillerson, MD https://www.doximity.com/cv/dustinhillerson
Earl Mangin, MD https://www.doximity.com/cv/earl-mangin-md-4
Edward Carreras, MD https://www.doximity.com/cv/edward-carreras-md-1
Edward Liszka, MD https://www.doximity.com/cv/edward-liszka-md-slash-1
Elizabeth Juneman, MD https://www.doximity.com/cv/elizabeth-juneman-md-2
Ellen Mellow, MD https://www.doximity.com/cv/ellen-mellow-md-6
Eman Hamad, MD https://www.doximity.com/cv/eman-hamad-md-1
Emeka Anyanwu, MD https://www.doximity.com/cv/emekaanyanwu
Emerson Walden, MD https://www.doximity.com/cv/emerson-walden-md-1
Emil Hayek, MD https://www.doximity.com/cv/emil-hayek-md-1
Emmanuel Achu, MD https://www.doximity.com/cv/emmanuel-achu-md-slash-1
Eric Shulman, MD https://www.doximity.com/cv/eric_shulman_md
Eric Anding, MD https://www.doximity.com/cv/eric-anding-md-1
Eric Brandt, MD https://www.doximity.com/cv/eric-brandt-1
Eric Heller, MD https://www.doximity.com/cv/eric-heller-md-slash-1
Eric Levine, MD https://www.doximity.com/cv/eric-levine-md-slash-1
Erica Spatz, MD https://www.doximity.com/cv/erica-spatz-md-2
Erich Wedam, MD https://www.doximity.com/cv/erich-wedam-md-1
Eric Thorn, MD https://www.doximity.com/cv/ericthornmd
Ernesto Ruiz-Rodriguez, MD https://www.doximity.com/cv/ernesto-ruiz-rodriguez-md-1
Esther Soo Hyun Kim, MD https://www.doximity.com/cv/esther-soo-kim-md
Eva Hausnerova, MD https://www.doximity.com/cv/eva-hausnerova-md-slash-2
Evan Kransdorf, MD https://www.doximity.com/cv/evan-kransdorf-md-1
Fang Chang, MD https://www.doximity.com/cv/fang-chang-md-1
Farbod Raiszadeh, MD https://www.doximity.com/cv/farbod-raiszadeh-md-phd
Farhat Mehmood, MD https://www.doximity.com/cv/farhat-mehmood-md-2
Farzad Majidi, MD https://www.doximity.com/cv/farzad-majidi-md-1
Fatima Ahmed, MD https://www.doximity.com/cv/fatima-ahmed-md-c742c483
Fidelis Mkparu, MD https://www.doximity.com/cv/fidelis-mkparu-md-1
Firas Al Badarin, MD https://www.doximity.com/cv/firas-al-badarin-md-1
Mulugeta Fissha, MD https://www.doximity.com/cv/fissha-md
Floyd Burke, MD https://www.doximity.com/cv/floyd-burke-md-slash-1
Frances Canet, MD https://www.doximity.com/cv/frances-canet-md-1
Francis Alenghat, MD https://www.doximity.com/cv/francis-alenghat-md-1
Frank Smart, MD https://www.doximity.com/cv/frank-smart-md-1
Frederick Funke, MD https://www.doximity.com/cv/frederick-funke-md-slash-1
Gregory Natello, MD https://www.doximity.com/cv/functionalwellnessgregnatello
Gabriel Soto, MD https://www.doximity.com/cv/gabesoto
Gabriel Brooks, MD https://www.doximity.com/cv/gabriel-brooks-md-slash-2
Garrett Ruth, MD https://www.doximity.com/cv/garrettruth
Gassan Alaouie, MD https://www.doximity.com/cv/gassan-alaouie-do-slash-1
Gaurav Parmar, MD https://www.doximity.com/cv/gaurav-parmar-md-17137961
Gaurav Patel, MD https://www.doximity.com/cv/gaurav-patel-md-slash-9
Gbemiga Sofowora, MD https://www.doximity.com/cv/gbemiga-sofowora-md-2
George Bittar, MD https://www.doximity.com/cv/george-bittar-md-slash-2
George Blake, MD https://www.doximity.com/cv/george-blake-md-0fa7cd16
George Charlton, MD https://www.doximity.com/cv/george-charlton-md-slash-1
George Marzouka, MD https://www.doximity.com/cv/george-marzouka-md-1
George Mensah, MD https://www.doximity.com/cv/george-mensah-md-1
Gian Novaro, MD https://www.doximity.com/cv/gian-novaro-md-1
Giovanni Campanile, MD https://www.doximity.com/cv/giovanni-campanile-md-slash-1
Girish Purohit, MD https://www.doximity.com/cv/girish-purohit-md-2
Gladys Velarde, MD https://www.doximity.com/cv/gladys-velarde-md-1
Girish Pathangey, MD https://www.doximity.com/cv/gpathangeymd
Grant Chow, MD https://www.doximity.com/cv/grant-chow-md-2
Grant Simons, MD https://www.doximity.com/cv/grant-simons-md-1
Gregory Dehmer, MD https://www.doximity.com/cv/gregory-dehmer-md-slash-1
Gregory Hill, MD https://www.doximity.com/cv/gregory-hill-md-slash-3
Gregory Pontone, MD https://www.doximity.com/cv/gregory-pontone-md-slash-1
Gregory Reiser, MD https://www.doximity.com/cv/gregory-reiser-md-1
Gregory Tomlinson, MD https://www.doximity.com/cv/gregory-tomlinson-md-1
Guru Reddy, MD https://www.doximity.com/cv/guru-reddy-md-1
Gustavo Camarano, MD https://www.doximity.com/cv/gustavo-camarano-md-slash-1
Gustavo Cardenas, MD https://www.doximity.com/cv/gustavo-cardenas-md-slash-1
H. Chris Waterer, MD https://www.doximity.com/cv/h-chris-waterer-md
H. David Lu, MD https://www.doximity.com/cv/h-david-lu-md
Haider Warraich, MD https://www.doximity.com/cv/haider-warraich-md-1
Hamid Roodneshin, MD https://www.doximity.com/cv/hamid-roodneshin-md-slash-1
Happy Thakkar, MD https://www.doximity.com/cv/happythakkar
Harb Harb, MD https://www.doximity.com/cv/harb-harb
Hardik Mehta, MD https://www.doximity.com/cv/hardik-mehta-md-slash-1
Hari Dandapantula, MD https://www.doximity.com/cv/hari-dandapantula-md-4
Harold Superko, MD https://www.doximity.com/cv/harold-superko-md-1
Harsha Ganga, MD https://www.doximity.com/cv/harsha-ganga-md-slash-1
Babak Vakili, MD https://www.doximity.com/cv/heartveinvascular
Hemant Boolani, MD https://www.doximity.com/cv/hemant-boolani-md-2
Hemant Godara, MD https://www.doximity.com/cv/hemant-godara-md-slash-1
Hemindermeet Singh, MD https://www.doximity.com/cv/heminder-singh-md
Henry Greenberg, MD https://www.doximity.com/cv/henry-greenberg-md-1
Herman Kado, MD https://www.doximity.com/cv/herman-kado-md
Hesam Keshmiri, MD https://www.doximity.com/cv/hesam-keshmiri-do-1
Hesham Fakhri, MD https://www.doximity.com/cv/hesham-fakhri-md-1
Heval Mohamed Kelli, MD https://www.doximity.com/cv/hevalkelli
Howard Cohen, MD https://www.doximity.com/cv/howard-cohen-md-f45bbf3a
Howard Lee, MD https://www.doximity.com/cv/howard-lee-md-8d0a80b9
Howard Weinberger, MD https://www.doximity.com/cv/howard-weinberger-md-slash-1
Hussam Suradi, MD https://www.doximity.com/cv/hussam-suradi-md-1
Ibhar Al Mheid, MD https://www.doximity.com/cv/ibhar-al-mheid-md-1
Isaiah Peoples, MD https://www.doximity.com/cv/ipeoplesmd
J. Mike Mangrum, MD https://www.doximity.com/cv/j-mike-mangrum-md
Jack Stroh, MD https://www.doximity.com/cv/jack-stroh-md-slash-1
Jacob Dal-Bianco, MD https://www.doximity.com/cv/jacob-dal-bianco-md-4
Jae Oh, MD https://www.doximity.com/cv/jae-oh-md-3
Jaehoon Chung, MD https://www.doximity.com/cv/jaehoon-chung-md-slash-1
James Fairlamb, MD https://www.doximity.com/cv/james-fairlamb-md-1
James Forrester, MD https://www.doximity.com/cv/james-forrester-md-slash-3
James Fuller, MD https://www.doximity.com/cv/james-fuller-md-7de929d9
James Wilson, MD https://www.doximity.com/cv/james-wilson-md-slash-34
James Lee, MD https://www.doximity.com/cv/jameslee
Janet Eichholz, MD https://www.doximity.com/cv/janet-eichholz-md-slash-1
Jasneet Devgun, MD https://www.doximity.com/cv/jasneet-devgun
Jason Reingold, MD https://www.doximity.com/cv/jason-reingold-md-1
Jasrai Gill, MD https://www.doximity.com/cv/jasrai-gill-md-1
Javier Gonzalez, MD https://www.doximity.com/cv/javier-gonzalez-md-slash-8
Jawad Kiani, MD https://www.doximity.com/cv/jawad-kiani-md-1
Jawwad Yusuf, MD https://www.doximity.com/cv/jawwad-yusuf-md-slash-3
Jagadeesh "Jay" Ganji, MD https://www.doximity.com/cv/jay-ganji-md
Jay Patel, MD https://www.doximity.com/cv/jay-n-patel-md
Juan Brenes, MD https://www.doximity.com/cv/jc-brenes-md-facc-fase
Harjit Chahal, MD https://www.doximity.com/cv/jdixcij
Jean Foucauld, MD https://www.doximity.com/cv/jean-foucauld-md-2
Jeb Burchenal, MD https://www.doximity.com/cv/jeb-burchenal-md
Jeffrey Asbury, MD https://www.doximity.com/cv/jeffrey-asbury-md-slash-2
Jeffrey Fisher, MD https://www.doximity.com/cv/jeffrey-d-fisher-md
Jeffrey Kushner, MD https://www.doximity.com/cv/jeffrey-kushner-md-1
Jeffrey Leavy, MD https://www.doximity.com/cv/jeffrey-leavy-md-1
Jeffrey Rossi, MD https://www.doximity.com/cv/jeffrey-rossi-md-slash-1
Jennifer Eakin, MD https://www.doximity.com/cv/jennifer-eakin-do
Jerin George, MD https://www.doximity.com/cv/jeringeorge
Jerrold Cantor, MD https://www.doximity.com/cv/jerrold-cantor-md-1
Jesse Jorgensen, MD https://www.doximity.com/cv/jesse-jorgensen-md-1
Jimmy Kerrigan, MD https://www.doximity.com/cv/jimmykerrigan
Jims Jean-Jacques, MD https://www.doximity.com/cv/jims-jean-jacques-do-1
Joanne Mazzarelli, MD https://www.doximity.com/cv/joanne-mazzarelli-md-4
Joe Calkins, MD https://www.doximity.com/cv/joe-calkins-md-1
Joel Tanedo, MD https://www.doximity.com/cv/joel-tanedo-md-1
Joel Hardin, MD https://www.doximity.com/cv/joelhardin
John Anderson, MD https://www.doximity.com/cv/john-anderson-do-79b96533
John Bailey, MD https://www.doximity.com/cv/john-bailey-md-16
John Butterly, MD https://www.doximity.com/cv/john-butterly-md-1
John Cogan, MD https://www.doximity.com/cv/john-cogan-md-3
John Dorazio, MD https://www.doximity.com/cv/john-dorazio-md-3
John Hamm, MD https://www.doximity.com/cv/john-hamm-md-slash-2
John Kobayashi, MD https://www.doximity.com/cv/john-kobayashi-md-2
John Owens, MD https://www.doximity.com/cv/john-owens-do-4083f28f
John Peterson, MD https://www.doximity.com/cv/john-peterson-md-20ba0b3a
John Yu, MD https://www.doximity.com/cv/john-yu-md-slash-3
Jonathan Gardner, MD https://www.doximity.com/cv/jonathan-gardner-md-slash-1
Jorge Gonzalez, MD https://www.doximity.com/cv/jorge-gonzalez-md-0619
Jorge Guttin, MD https://www.doximity.com/cv/jorge-guttin-md-c4a8ed42
Jorge Montilla, MD https://www.doximity.com/cv/jorge-montilla-md-slash-1
Jorge Perez, MD https://www.doximity.com/cv/jorge-perez-md-1
Jorge Secada-Lovio, MD https://www.doximity.com/cv/jorge-secada-lovio-md-1
Jose Condado Contreras, MD https://www.doximity.com/cv/jose-condado-contreras-md-1
Jose Taveras, MD https://www.doximity.com/cv/jose-taveras-md-slash-1
Joseph A. Hill, MD https://www.doximity.com/cv/joseph-a-hill-md
Joseph Apostol, MD https://www.doximity.com/cv/joseph-apostol-md-slash-2
Joseph Austin, MD https://www.doximity.com/cv/joseph-austin-md-7
Joseph Bornheimer, MD https://www.doximity.com/cv/joseph-bornheimer-md-1
Joseph Craft, MD https://www.doximity.com/cv/joseph-craft-md-slash-1
Joseph Marek, MD https://www.doximity.com/cv/joseph-marek-md-1
Joseph Rogers, MD https://www.doximity.com/cv/joseph-rogers-md-slash-3
Joseph Schuller, MD https://www.doximity.com/cv/joseph-schuller-md-1
Joseph Messer, MD https://www.doximity.com/cv/joseph-v-messer-md
Joseph Wu, MD https://www.doximity.com/cv/joseph-wu-md-slash-4
Joshua Copeland, MD https://www.doximity.com/cv/joshua-copeland-md-1
Joshua Jacobi, MD https://www.doximity.com/cv/joshua-jacobi-md-2
Jozef Mruk, MD https://www.doximity.com/cv/jozef-mruk-md-slash-1
Juan Lopez-Mattei, MD https://www.doximity.com/cv/juan-lopez-mattei-md-2
Juan Mendieta Hernandez, MD https://www.doximity.com/cv/juan-mendieta-hernandez-md-slash-1
Juan Plana Gomez, MD https://www.doximity.com/cv/juan-plana-gomez-md-slash-1
Juan Rivera, MD https://www.doximity.com/cv/juan-rivera-md-e7870152
Julian Thomas, MD https://www.doximity.com/cv/julian-thomas-md-slash-1
Justin Lee, MD https://www.doximity.com/cv/justin-lee-md
Justin Parizo, MD https://www.doximity.com/cv/justin-parizo-md-5b2dbfa0
Justin Smith, MD https://www.doximity.com/cv/justin-smith-md-slash-13
Juyong Lee, MD https://www.doximity.com/cv/juyong-lee-md-slash-1
Jonathan Vafai, MD https://www.doximity.com/cv/jvafai-md
Kai Sun, MD https://www.doximity.com/cv/kai-sun-do-2
Kamal Kotak, MD https://www.doximity.com/cv/kamal-kotak-md-slash-1
Kambiz Ghafourian, MD https://www.doximity.com/cv/kambiz-ghafourian-md-slash-1
Kami Banks, MD https://www.doximity.com/cv/kami-banks-md
Kamran Shaikh, MD https://www.doximity.com/cv/kamran-shaikh-md-1
Kanwar Singh, MD https://www.doximity.com/cv/kanwar-singh-md-slash-1
Kapildeo Lotun, MD https://www.doximity.com/cv/kapildeo-lotun-md-2
Karoly Kaszala, MD https://www.doximity.com/cv/karoly-kaszala-md-1
Kartik Agusala, MD https://www.doximity.com/cv/kartik-agusala-md-1
Kartikya Ahuja, MD https://www.doximity.com/cv/kartikya-ahuja-md-1
Kathleen Kearney-Gray, MD https://www.doximity.com/cv/kathleen-kearney-gray-md-1
Konstantinos Boudoulas, MD https://www.doximity.com/cv/kdboudoulas-md
Kellie Lane, MD https://www.doximity.com/cv/kellie-lane-md-1
Kemar Brown, MD https://www.doximity.com/cv/kemar-brown-md-slash-1
Kenechukwu Mezue, MD https://www.doximity.com/cv/kenechukwu-mezue-md-1
Kenneth Pfahler, MD https://www.doximity.com/cv/kenneth-pfahler-md-1
Kenneth Stevens, MD https://www.doximity.com/cv/kenneth-stevens-md-slash-1
Kenta Nakamura, MD https://www.doximity.com/cv/kenta-nakamura
Kenton Forte, MD https://www.doximity.com/cv/kenton-forte-md-1
Keval Patel, MD https://www.doximity.com/cv/keval-patel-md-7cad022b
Kevin Campbell, MD https://www.doximity.com/cv/kevin-campbell-md-9
Kevin Mcgrody, MD https://www.doximity.com/cv/kevin-mcgrody-md-1
Kevin Robinson, MD https://www.doximity.com/cv/kevin-robinson-md-slash-1
Kevin Shah, MD https://www.doximity.com/cv/kevin-s-shah
Kevin Thomas, MD https://www.doximity.com/cv/kevin-thomas-md-slash-5
Kevin O'Gorman, MD https://www.doximity.com/cv/kevinogormanmd
Kevin Rabii, MD https://www.doximity.com/cv/kevinrabii
Kevin Sublett, MD https://www.doximity.com/cv/kevinsublettmd-dot-com
Kevin Ting, MD https://www.doximity.com/cv/kevinting
Khalid Sheikh, MD https://www.doximity.com/cv/khalid-sheikh-md-1
Khawar Shaikh, MD https://www.doximity.com/cv/khawar-shaikh-md-slash-3
Khizer Sikander, MD https://www.doximity.com/cv/khizersikander
Kishore Arcot, MD https://www.doximity.com/cv/kishore-arcot-md-dot-facc-dot-fascai
Kit Powers, MD https://www.doximity.com/cv/kit-powers-md-2
Sukit Ringwala, MD https://www.doximity.com/cv/kitringwala-md
Konstantinos Aronis, MD https://www.doximity.com/cv/konstantinos-aronis-md-2
Kreton Mavromatis, MD https://www.doximity.com/cv/kreton-mavromatis-md-1
Krina Shah, MD https://www.doximity.com/cv/krina-shah
Krishan Soni, MD https://www.doximity.com/cv/krishan-soni-md-1
Chayakrit Krittanawong, MD https://www.doximity.com/cv/krittanawong
Lance Berger, MD https://www.doximity.com/cv/lancebergermdfacc
Laurence Conway, MD https://www.doximity.com/cv/laurence-conway-md-f48b2515
Lawrence Inra, MD https://www.doximity.com/cv/lawrence-inra-md-1
Leona Al Sayah, MD https://www.doximity.com/cv/leonaas
Leopoldo Puga, MD https://www.doximity.com/cv/leopoldo-puga-md-1
LeRoi Price, MD https://www.doximity.com/cv/leroi-price-md-2
Leslie Fleischer, MD https://www.doximity.com/cv/leslie-fleischer-md-1
Libin Wang, MD https://www.doximity.com/cv/libin-wang-md-1
Lin Wang, MD https://www.doximity.com/cv/lin-wang-md-7884faee
Lincoln Shenje, MD https://www.doximity.com/cv/lincoln-shenje-md-1
Lionel Faitelson, MD https://www.doximity.com/cv/lionel-faitelson-md
Lisa Monahan, MD https://www.doximity.com/cv/lisa-monahan-do
Louis Kindman, MD https://www.doximity.com/cv/louis-kindman-md-5
Lucas Zier, MD https://www.doximity.com/cv/lucas-zier-md-2
Luis Augsten, MD https://www.doximity.com/cv/luis-augsten-md-slash-1
M. Nicholas Burke, MD https://www.doximity.com/cv/m-nicholas-burke-md
M. Rizwan Khalid, MD https://www.doximity.com/cv/m-rizwan-khalid-md
Maan Fares, MD https://www.doximity.com/cv/maan-fares-md-slash-1
Mahir Elder, MD https://www.doximity.com/cv/mahirelder
Mahmood Alam, MD https://www.doximity.com/cv/mahmood-alam-md-slash-1
Mahmoud Abdou, MD https://www.doximity.com/cv/mahmoud-abdou-md-1
Mohammad-Ali Jazayeri, MD https://www.doximity.com/cv/majazayeri
Manavjot Sidhu, MD https://www.doximity.com/cv/manavjot-sidhu-md-1
Manmeet Singh, MD https://www.doximity.com/cv/manmeet-singh-md
Marcelo Gomes, MD https://www.doximity.com/cv/marcelo-gomes-md-1
Mark Belkin, MD https://www.doximity.com/cv/mark-belkin-md
Mark Dunlap, MD https://www.doximity.com/cv/mark-dunlap-md-slash-1
Mark Milchak, MD https://www.doximity.com/cv/mark-milchak-md-4
Mark Milunski, MD https://www.doximity.com/cv/mark-milunski-md-slash-2
Mark Nelson, MD https://www.doximity.com/cv/mark-nelson-md-8b53
Mark Seifert, MD https://www.doximity.com/cv/mark-seifert-md-2
Mark Tallman, MD https://www.doximity.com/cv/mark-tallman-md-1
Mark Wiley, MD https://www.doximity.com/cv/mark-wiley-md-1
Mark Lee, MD https://www.doximity.com/cv/markyleemd
Martin Cadeiras, MD https://www.doximity.com/cv/martin-cadeiras-md-1
Mary Alton, MD https://www.doximity.com/cv/mary-alton-md-1
Mary Branch, MD https://www.doximity.com/cv/mary-banks-slash-1
Mary Breckenridge, MD https://www.doximity.com/cv/mary-breckenridge-md-1
Mary Jo Bertsch, MD https://www.doximity.com/cv/mary-jo-bertsch-md
Matthew Lam, MD https://www.doximity.com/cv/matt
Matthew Forcina, MD https://www.doximity.com/cv/matthew-forcina-md-1
Matthew Zimmerman, MD https://www.doximity.com/cv/matthew-j-zimmerman-md
Matthew McMahon, MD https://www.doximity.com/cv/matthew-mcmahon-do-2
Matthew Olson, MD https://www.doximity.com/cv/matthew-olson-md-slash-1
Merdod Ghafouri, MD https://www.doximity.com/cv/merdod-ghafouri-do-slash-3
Michael A. Fifer, MD https://www.doximity.com/cv/michael-a-fifer-md
Michael Craig Delaughter, MD https://www.doximity.com/cv/michael-delaughter-md-slash-1
Michael Emery, MD https://www.doximity.com/cv/michael-emery-md-d98cab28
Michael Gaglia, MD https://www.doximity.com/cv/michael-gaglia-md-slash-2
Michael Jerman, MD https://www.doximity.com/cv/michael-jerman-md-slash-1
Michael Marmulstein, MD https://www.doximity.com/cv/michael-marmulstein-md-2
Michael Miller, MD https://www.doximity.com/cv/michael-miller-md-slash-28
Michael O'Donnell, MD https://www.doximity.com/cv/michael-odonnell-md-slash-3
Michael Rosenberg, MD https://www.doximity.com/cv/michael-rosenberg-md-slash-6
Michael Zacharias, MD https://www.doximity.com/cv/michael-zacharias-do-1
Michele Kalt, MD https://www.doximity.com/cv/michele-kalt-md-1
Minh Nguyen, MD https://www.doximity.com/cv/minh-nguyen-md-a3439ff9
Mitchell Patt, MD https://www.doximity.com/cv/mitchell-patt-md-slash-1
Mithilesh Das, MD https://www.doximity.com/cv/mithilesh-das-md-c83e2e22
Mohamad Adnan Alkhouli, MD https://www.doximity.com/cv/mohamad-adnan-alkhouli-md-1
Mohamed Atassi, MD https://www.doximity.com/cv/mohamed-atassi-md-1
Mohammad Najib, MD https://www.doximity.com/cv/mohammad-najib-md-slash-1
Mohammed Ibrahim, MD https://www.doximity.com/cv/mohammed-ibrahim-md-8114e199
Mohi Alkadri, MD https://www.doximity.com/cv/mohi-alkadri-md-1
Mohsen Sakhaii, MD https://www.doximity.com/cv/mohsen-sakhaii-md-1
Monica Colvin, MD https://www.doximity.com/cv/monica-colvin-md-1
Monica Shields, MD https://www.doximity.com/cv/monica-sanchez-ross-md-slash-1
Monique Robinson, MD https://www.doximity.com/cv/monique-robinson-md-925d5736
Monther El Bzour, MD https://www.doximity.com/cv/monther-el-bzour-md-1
Mordecai Klein, MD https://www.doximity.com/cv/mordecai-n-klein-md-facc
Jonathan Moreno, MD https://www.doximity.com/cv/morenomdphd
Muhammad Ajmal, MD https://www.doximity.com/cv/muhammad-ajmal
Muhammad Salim, MD https://www.doximity.com/cv/muhammad-salim-md-2
Muhammad Sardar, MD https://www.doximity.com/cv/muhammad-sardar-md-1
Mumtaz Siddiqui, MD https://www.doximity.com/cv/mumtaz-siddiqui-md-3
Murali Kolli, MD https://www.doximity.com/cv/murali-kolli-md-slash-1
Mustali Dohadwala, MD https://www.doximity.com/cv/mustali-dohadwala-md-1
Raja Kannan Mutharasan, MD https://www.doximity.com/cv/mutharasan
Muthusamy Velusamy, MD https://www.doximity.com/cv/muthusamy-velusamy-md-1
Michael Wess, MD https://www.doximity.com/cv/mwessmd
Mylan Cohen, MD https://www.doximity.com/cv/mylancohenmd
Nachiket Patel, MD https://www.doximity.com/cv/nachiketjpatel
Nadeem Husain, MD https://www.doximity.com/cv/nadeem-husain-md-1
Omar Nahhas, MD https://www.doximity.com/cv/nahhas
Najeeb Rehman, MD https://www.doximity.com/cv/najeeb-rehman-md-slash-1
Nancy Cho, MD https://www.doximity.com/cv/nancy-cho-md-5
Nandini Nair, MD https://www.doximity.com/cv/nandini-nair-md-3
Naomi Botkin, MD https://www.doximity.com/cv/naomi-botkin-md-6
Natasha Mamdani, MD https://www.doximity.com/cv/natasha-mamdani-md
Navjot Sobti, MD https://www.doximity.com/cv/navjot-kaur-sobti-md
Navneet Kumar, MD https://www.doximity.com/cv/navneetkumar
Nazanin Hazhir Karzar, MD https://www.doximity.com/cv/nazanin-hazhir-karzar
Neelima Katukuri, MD https://www.doximity.com/cv/neelima-katukuri-md
Neerav Sheth, MD https://www.doximity.com/cv/neerav-sheth-md-slash-2
Neil Shah, MD https://www.doximity.com/cv/neilshah
Nellis Smith, MD https://www.doximity.com/cv/nellis-smith-md-1
Jan Weber, MD https://www.doximity.com/cv/nerozumim
Nicholas Mantini, MD https://www.doximity.com/cv/nicholas-mantini-md-1
Nicholas Tullo, MD https://www.doximity.com/cv/nicholas-tullo-md-3
Nick Majetich, MD https://www.doximity.com/cv/nick-majetich-md-1
Nidal Aker, MD https://www.doximity.com/cv/nidal-aker-md-2
Nimesh Patel, MD https://www.doximity.com/cv/nimesh-patel-md-slash-14
Nino Mihatov, MD https://www.doximity.com/cv/nino-mihatov-1
Nir Ayalon, MD https://www.doximity.com/cv/nir-ayalon
Niraj Pandit, MD https://www.doximity.com/cv/niraj-pandit-md-1
Niranjan Seshadri, MD https://www.doximity.com/cv/niranjan-seshadri-md-4
Nish Patel, MD https://www.doximity.com/cv/nish-patel-md-f6e0a054
Nimish Shah, MD https://www.doximity.com/cv/nnshahmd
Nosheen Reza, MD https://www.doximity.com/cv/nosheenrezamd
Ogei Yar, MD https://www.doximity.com/cv/ogei-yar-md-1
Oktay Rifki, MD https://www.doximity.com/cv/oktay-rifki-md-phd
Omar Awar, MD https://www.doximity.com/cv/omar-awar-md-2
Omar Mufti, MD https://www.doximity.com/cv/omar-mufti-md-slash-1
Omar Siddiqi, MD https://www.doximity.com/cv/omar-siddiqi-md-3
Oscar Cingolani, MD https://www.doximity.com/cv/oscar-cingolani-md-1
Osler Jay Guzon, MD https://www.doximity.com/cv/osler-jay-guzon-md-1
Osvaldo Jimenez-Mercado, MD https://www.doximity.com/cv/osvaldo-jimenez-mercado-md-1
Pam Taub, MD https://www.doximity.com/cv/pam-taub-md-slash-1
Pampana Gowd, MD https://www.doximity.com/cv/pampanagowdmd
Parag Patel, MD https://www.doximity.com/cv/parag-patel-md-slash-8
Parash Pokharel, MD https://www.doximity.com/cv/parash-pokharel-md-1
Paul Bailey, MD https://www.doximity.com/cv/paul-bailey-md-233adf18
Paul Bhella, MD https://www.doximity.com/cv/paul-bhella-md-1
Paul Casale, MD https://www.doximity.com/cv/paul-casale-md-slash-1
Paul Schulze, MD https://www.doximity.com/cv/paul-christian-schulze-md
Paul Ho, MD https://www.doximity.com/cv/paul-ho-md-slash-5
Paul Lee, MD https://www.doximity.com/cv/paul-lee-md-0dafb077
Paul Rogers, MD https://www.doximity.com/cv/paul-rogers-md-phd
Paul Schoenhagen, MD https://www.doximity.com/cv/paul-schoenhagen-md-1
Pelbreton Balfour, MD https://www.doximity.com/cv/pelbreton-balfour-md-1
Peter Hahn, MD https://www.doximity.com/cv/peter-hahn-md-b915
Peter Hu, MD https://www.doximity.com/cv/peter-hu-md-f072b03f
Peter Mason, MD https://www.doximity.com/cv/peter-mason-md-slash-1
Peter Tadros, MD https://www.doximity.com/cv/peter-tadros-md-slash-2
Peter Xu, MD https://www.doximity.com/cv/peter-xu-md-slash-2
Philip Barger, MD https://www.doximity.com/cv/philip-barger-md-slash-1
Philip Goldstein, MD https://www.doximity.com/cv/philip-goldstein-md-slash-1
Pierre Atallah, MD https://www.doximity.com/cv/pierrecharbelatallah
Philip Lacombe, MD https://www.doximity.com/cv/pmlacomb
Polakit Teekakirikul, MD https://www.doximity.com/cv/polakit-teekakirikul-md-1
Pooja Jagadish, MD https://www.doximity.com/cv/poojasjagadish-md
Mahyar Pourriahi, MD https://www.doximity.com/cv/pourriahimd
Prabhat Varma, MD https://www.doximity.com/cv/prabhat-varma-md-1
Pradeep Mammen, MD https://www.doximity.com/cv/pradeep-mammen-md-3
Pradeepkumar Charlagorla, MD https://www.doximity.com/cv/pradeepkumar-charlagorla-md-1
Prakash Balan, MD https://www.doximity.com/cv/prakash-balan-md-3
Prakash Desai, MD https://www.doximity.com/cv/prakash-desai-md-3
Prasant Pandey, MD https://www.doximity.com/cv/prasant-pandey-md-1
Prashant Kaul, MD https://www.doximity.com/cv/prashant-kaul-md-slash-3
Prashanta Laddu, MD https://www.doximity.com/cv/prashanta-laddu-md-1
Prateek Sharma, MD https://www.doximity.com/cv/prateek
Pratik Patel, MD https://www.doximity.com/cv/pratik-patel-md-18
Pratyaksh Srivastava, MD https://www.doximity.com/cv/pratsrivastava
Praveen Mehrotra, MD https://www.doximity.com/cv/praveen-mehrotra-md-1
Qasim Jehangir, MD https://www.doximity.com/cv/qasimjehangirmd
Carlos Quesada, MD https://www.doximity.com/cv/quesadamd
R. Jobe, MD https://www.doximity.com/cv/r-lee-jobe-md-1
Rachid Macwar, MD https://www.doximity.com/cv/rachid-macwar-md-1
Rafic Berbarie, MD https://www.doximity.com/cv/rafic-berbarie-md-1
Ragavendra Baliga, MD https://www.doximity.com/cv/ragavendra-baliga-md-1
Raghad Said, MD https://www.doximity.com/cv/raghad-said-md-3
Rahul Jain, MD https://www.doximity.com/cv/rahul-jain-md-f793ff0e
Rajan Shah, MD https://www.doximity.com/cv/rajan-l-shah-md
Rajeev Singh, MD https://www.doximity.com/cv/rajeev-singh-md
Rajeev Sudhakar, MD https://www.doximity.com/cv/rajeev-sudhakar-md-2
Rajesh Sachdeva, MD https://www.doximity.com/cv/rajesh-sachdeva-md-1
Rajesh Tota-Maharaj, MD https://www.doximity.com/cv/rajesh-tota-maharaj-md-1
Rama Kantamneni Krishna, MD https://www.doximity.com/cv/ramakrishnamd
Raman Bhasin, MD https://www.doximity.com/cv/raman-bhasin-gmail-com
Rami Kahwash, MD https://www.doximity.com/cv/rami-kahwash-md-slash-1
Randall Stark, MD https://www.doximity.com/cv/randall-stark-md-slash-1
Randall Zusman, MD https://www.doximity.com/cv/randall-zusman-md-1
Ransi Somaratne, MD https://www.doximity.com/cv/ransi-somaratne-md-slash-2
Raul Alonso, MD https://www.doximity.com/cv/raul-alonso-md-slash-1
Ravi Rao, MD https://www.doximity.com/cv/ravi-rao-md
Ravinder Sharma, MD https://www.doximity.com/cv/ravinder-sharma-md-slash-1
Ravishankar Kalaga, MD https://www.doximity.com/cv/ravishankar-kalaga-md-6
Ray Hershberger, MD https://www.doximity.com/cv/ray-hershberger-md-1
Raymond Benza, MD https://www.doximity.com/cv/raymond-benza-md-1
Raymond Kim, MD https://www.doximity.com/cv/raymond-kim-md-0be72767
Raymond Yeow, MD https://www.doximity.com/cv/raymondyeowmd
Rehan Ali, MD https://www.doximity.com/cv/rehan-ali-md
Rex Outtrim, MD https://www.doximity.com/cv/rex-outtrim-md-1
Rey Percival Vivo, MD https://www.doximity.com/cv/rey-percival-vivo-md-slash-1
Reyhaneh Akhavein, MD https://www.doximity.com/cv/reyhaneh-akhavein-md-1
Ricardo Avendaño, MD https://www.doximity.com/cv/ricardo-avendano-md-slash-1
Richard Abramowitz, MD https://www.doximity.com/cv/richard-abramowitz-md-slash-1
Richard Cytryn, MD https://www.doximity.com/cv/richard-cytryn-md-1
Richard Happel, MD https://www.doximity.com/cv/richard-d-happel-md-phd
Richard Kuk, MD https://www.doximity.com/cv/richard-kuk-md-1
Richard Snyder, MD https://www.doximity.com/cv/richard-snyder-md-utsw83
Richard Strauss, MD https://www.doximity.com/cv/richard-strauss-md-slash-3
Richard Tannenbaum, MD https://www.doximity.com/cv/richard-tannenbaum-md-slash-1
Richard Wong, MD https://www.doximity.com/cv/richard-wong-md-slash-1
Richard Cheng, MD https://www.doximity.com/cv/richardcheng
Richard Rattin, MD https://www.doximity.com/cv/richardrattin
Rigved Tadwalkar, MD https://www.doximity.com/cv/rigved-tadwalkar-md
Rikesh Patel, MD https://www.doximity.com/cv/rikesh-patel-md-1
Rizcallah Deek, MD https://www.doximity.com/cv/rizcallah-deek-md
Randall Harada, MD https://www.doximity.com/cv/rkharada
Robert Altman, MD https://www.doximity.com/cv/robert-altman-md-slash-5
Robert Emerick, MD https://www.doximity.com/cv/robert-emerick-md-1
Robert Godley, MD https://www.doximity.com/cv/robert-godley-md-slash-3
Robert Herman, MD https://www.doximity.com/cv/robert-herman-md-slash-2
Robert Hong, MD https://www.doximity.com/cv/robert-hong-md-slash-2
Robert Hust, MD https://www.doximity.com/cv/robert-hust-md-5
Robert Lester, MD https://www.doximity.com/cv/robert-lester-md-b152
Robert Montgomery, MD https://www.doximity.com/cv/robert-montgomery-md
Robert Safford, MD https://www.doximity.com/cv/robert-safford-md-1
Robert Simari, MD https://www.doximity.com/cv/robert-simari-md-1
Roberta Bogaev, MD https://www.doximity.com/cv/roberta-bogaev-md-2
Robert Attaran, MD https://www.doximity.com/cv/robertattaran
Robert Castro, MD https://www.doximity.com/cv/robertcastro
Roberto Unguez, MD https://www.doximity.com/cv/roberto-unguez-md-2
Rodney Samaan, MD https://www.doximity.com/cv/rodney-samaan-md-1
Rodrigo Bolanos, MD https://www.doximity.com/cv/rodrigo-bolanos-md-1
Roger Ishac, MD https://www.doximity.com/cv/roger-ishac-md-1
Rohit Bhuriya, MD https://www.doximity.com/cv/rohitbhuriya
Ronald Schwartz, MD https://www.doximity.com/cv/ronald-schwartz-md-8e74c08f
Ronald Wallach, MD https://www.doximity.com/cv/ronald-wallach-md-1
Rory Bricker, MD https://www.doximity.com/cv/rory-bricker-md-2
Ross Hoffman, MD https://www.doximity.com/cv/ross-hoffman-md-slash-1
Roy Chung, MD https://www.doximity.com/cv/roy-chung-md-1
R Ward, MD https://www.doximity.com/cv/rparkerwardmd
Ryan Wallace, MD https://www.doximity.com/cv/ryan-wallace-md
Ryan Whitney, MD https://www.doximity.com/cv/ryan-whitney-md-4
S. Nayyar H. Shamsi, MD https://www.doximity.com/cv/s-nayyar-h-shamsi-md
Saad Al-Saab, MD https://www.doximity.com/cv/saad-alsaab-md
Sam Bishara, MD https://www.doximity.com/cv/sam-bishara-md-slash-1
Sameh Sayfo, MD https://www.doximity.com/cv/sameh-sayfo-md-slash-1
Sam Kelly, MD https://www.doximity.com/cv/samuel-kelly-md
Sanjaya Saheta, MD https://www.doximity.com/cv/sanjaya-saheta-md-1
Santhi Ganesh, MD https://www.doximity.com/cv/santhi-ganesh-md-1
Sapan Talati, MD https://www.doximity.com/cv/sapan-talati-md-2
Sara Collins, MD https://www.doximity.com/cv/sara-collins-md-slash-2
Sarkis Kiramijyan, MD https://www.doximity.com/cv/sarkis-kiramijyan-md-1
Satjit Bhusri, MD https://www.doximity.com/cv/satjit-bhusri-md-1
Saurabh Gupta, MD https://www.doximity.com/cv/saurabh-gupta-md-13
Scott Bassett, MD https://www.doximity.com/cv/scott-bassett-md-1
Scott Cameron, MD https://www.doximity.com/cv/scott-cameron-md-6bb766d1
Scott McCallister, MD https://www.doximity.com/cv/scott-mccallister-md-1
Scott Midwall, MD https://www.doximity.com/cv/scott-midwall-md-1
Scott Greenberg, MD https://www.doximity.com/cv/scottgreenberg
Seyed Hashemi, MD https://www.doximity.com/cv/seyed-hashemi-md-slash-1
Shahab Moossavi, MD https://www.doximity.com/cv/shahab-moossavi-md-slash-2
Shalini Modi, MD https://www.doximity.com/cv/shalini-modi-md-1
Shawnbir Gogia, MD https://www.doximity.com/cv/shawngogia
Shayef Gabasha, MD https://www.doximity.com/cv/shayef-gabasha-1
Shoshanah Kahn, MD https://www.doximity.com/cv/shoshanah-kahn-md-1
Shyamal Mitra, MD https://www.doximity.com/cv/shyamal-mitra-md-1
Sina Jame, MD https://www.doximity.com/cv/sina-jame
Sindu Chandran, MD https://www.doximity.com/cv/sindu-chandran-md-3
Siva P. Sontineni, MD https://www.doximity.com/cv/siva-p-sontineni-md
S. Jay Mathews, MD https://www.doximity.com/cv/sjaymathewsmd
Sopan Lahewala, MD https://www.doximity.com/cv/slahewala-md
Sirikarn Napan, MD https://www.doximity.com/cv/snapan
Solomon Yang, MD https://www.doximity.com/cv/solomon-yang-md-4
Spandan Desai, MD https://www.doximity.com/cv/spandan
Sripal Bangalore, MD https://www.doximity.com/cv/sripal-bangalore-md
Stanley Lewis, MD https://www.doximity.com/cv/stanley-lewis-md-644b6fa3
Stephen Heupler, MD https://www.doximity.com/cv/stephen-heupler-md-1
Stephen Moore, MD https://www.doximity.com/cv/stephen-moore-do-af266d4a
Stephen Rechenmacher, MD https://www.doximity.com/cv/stephen-rechenmacher-md-slash-1
Stephen Woodworth, MD https://www.doximity.com/cv/stephen-woodworth-md-1
Steven Alexander, MD https://www.doximity.com/cv/steven-alexander-md-0c1b2095
Steven Cohn, MD https://www.doximity.com/cv/steven-cohn-md-slash-4
Steven Ewer, MD https://www.doximity.com/cv/steven-ewer-md-1
Steven Khoa-Tran Le, MD https://www.doximity.com/cv/steven-le-md-slash-1
Steven Steinhubl, MD https://www.doximity.com/cv/steven-steinhubl-md-1
Steven Leung, MD https://www.doximity.com/cv/stevenleung
Stuart Cavalieri, MD https://www.doximity.com/cv/stuart-cavalieri-md-slash-5
Stuart Rich, MD https://www.doximity.com/cv/stuart-rich-md-slash-2
Stuart Russell, MD https://www.doximity.com/cv/stuart-russell-md-1
Suneel Kumar, MD https://www.doximity.com/cv/suneel-kumar-md
Sung Lee, MD https://www.doximity.com/cv/sung-lee-md-0f2434d3
Sunil Rangappa, MD https://www.doximity.com/cv/sunil-rangappa-md-2
Sunit-Preet Chaudhry, MD https://www.doximity.com/cv/sunit-chaudhry-md-2
Supriya Shore, MD https://www.doximity.com/cv/supriya-shore-md-1
Syed Bokhari, MD https://www.doximity.com/cv/syed-bokhari-md-slash-2
Syed Shah Qadri, MD https://www.doximity.com/cv/syed-shah-qadri-md-1
Tamanna Nahar, MD https://www.doximity.com/cv/tamanna-nahar-md-1
Tanmay Gokhale, MD https://www.doximity.com/cv/tanmay-gokhale-1
Taraka Vijay Gadiraju, MD https://www.doximity.com/cv/taraka-vijay-gadiraju-md
Tarek Abou-Ghazala, MD https://www.doximity.com/cv/tarek-abou-ghazala-md-3
Tarek Ajam, MD https://www.doximity.com/cv/tarek-ajam-md-1
Tariqshah Syed, MD https://www.doximity.com/cv/tariqshah-syed-md-2
James Dodge, MD https://www.doximity.com/cv/ted-dodge-md
Teresa Tsang, MD https://www.doximity.com/cv/teresa-tsang-md-2
Thao Nguyen, MD https://www.doximity.com/cv/thao-nguyen-md-phd
Theingi Win, MD https://www.doximity.com/cv/theingi-tiffany-win-md
Thomas Donohue, MD https://www.doximity.com/cv/thomas-donohue-md-slash-2
Thomas Gerber, MD https://www.doximity.com/cv/thomas-gerber-md-slash-1
Thomas Mulhearn, MD https://www.doximity.com/cv/thomas-mulhearn-md-1
Thomas Nygaard, MD https://www.doximity.com/cv/thomas-nygaard-md-3
Thomas Roy, MD https://www.doximity.com/cv/thomas-roy-md-8ec7ac1b
Thomas Ryan, MD https://www.doximity.com/cv/thomas-ryan-md-slash-22
Thomas O'Connell, MD https://www.doximity.com/cv/thomasoconnell
Timothy Carlton, MD https://www.doximity.com/cv/timothy-carlton-md-1
Timothy Smith, MD https://www.doximity.com/cv/timothy-smith-md-slash-17
Timothy Woods, MD https://www.doximity.com/cv/timothy-woods-md-25bbe9a2
Tony Chou, MD https://www.doximity.com/cv/tony-chou-md-slash-1
William Mostertz, MD https://www.doximity.com/cv/tripp-md
Ulrich Jorde, MD https://www.doximity.com/cv/ulrich-jorde-md-1
Umesh Katdare, MD https://www.doximity.com/cv/umesh-katdare-md-2
Umar Shakur, MD https://www.doximity.com/cv/ushakur
Valerie McNee, MD https://www.doximity.com/cv/valerie-mcnee-md-1
Varkey Mathew, MD https://www.doximity.com/cv/varkey-mathew-md-1
Vasimahmed Lala, MD https://www.doximity.com/cv/vasim-lala-do
Vatsal Inamdar, MD https://www.doximity.com/cv/vatsal-inamdar-md-slash-1
Venkatesh Murthy, MD https://www.doximity.com/cv/venkmurthy
Vinay Julapalli, MD https://www.doximity.com/cv/vinay-julapalli-md-1
Vinay Thohan, MD https://www.doximity.com/cv/vinay-thohan-md-2
Vivek Verma, MD https://www.doximity.com/cv/vivekvermamd
Vimalkumar Veerappan, MD https://www.doximity.com/cv/vkvimal
Frans Vossenberg, MD https://www.doximity.com/cv/vossenbergfa
Vy Jocson, MD https://www.doximity.com/cv/vyjocson
W. Daniel Doty, MD https://www.doximity.com/cv/w-daniel-doty-md
W. Robert Taylor, MD https://www.doximity.com/cv/w-robert-taylor-md
Waqar Cheema, MD https://www.doximity.com/cv/waqar-cheema-md-slash-1
Warren Tai, MD https://www.doximity.com/cv/warren-tai
Wassim Choucair, MD https://www.doximity.com/cv/wassim-choucair-md-slash-1
William Dillon, MD https://www.doximity.com/cv/william-dillon-md-slash-4
William Groh, MD https://www.doximity.com/cv/william-groh-md-slash-1
William Hirsch, MD https://www.doximity.com/cv/william-hirsch-do-1
William McManus, MD https://www.doximity.com/cv/william-jason-mcmanus
William Mansfield, MD https://www.doximity.com/cv/william-mansfield-md-slash-2
William Ntim, MD https://www.doximity.com/cv/william-ntim-md-3
William Sauer, MD https://www.doximity.com/cv/william-sauer-md-2
William Southworth, MD https://www.doximity.com/cv/william-southworth-md-4
Wissam Jaber, MD https://www.doximity.com/cv/wissam-jaber-md-3
Xinjiang Cai, MD https://www.doximity.com/cv/xcai
Xiaoyan Huang, MD https://www.doximity.com/cv/xiaoyan-huang-md-1
Yader Sandoval, MD https://www.doximity.com/cv/yadersandoval
Yasir Akram, MD https://www.doximity.com/cv/yasir-akram-md-1
Yun You Li, MD https://www.doximity.com/cv/yun-you-li-md-3
Yuri Kim, MD https://www.doximity.com/cv/yuri-kim-mdphd
Yuvraj Chowdhury, MD https://www.doximity.com/cv/yuvrajchowdhury
Zachary Rodgers, MD https://www.doximity.com/cv/zachary-rodgers-md-phd
Zaid Alirhayim, MD https://www.doximity.com/cv/zaid-alirhayim-md-3
Zehyani Bankwala, MD https://www.doximity.com/cv/zehyani-bankwala-md-1
A. Bradley, MD https://www.doximity.com/pub/a-bradley-md
A. Gray Ellrodt, MD https://www.doximity.com/pub/a-gray-ellrodt-md
A Gundersen, MD https://www.doximity.com/pub/a-gundersen-md
A-Hamid Hakki, MD https://www.doximity.com/pub/a-hamid-hakki-md
A. Kim Saal, MD https://www.doximity.com/pub/a-kim-saal-md
A. Macduff Sheehy, MD https://www.doximity.com/pub/a-macduff-sheehy-md
A Pierre Bamdad, MD https://www.doximity.com/pub/a-pierre-bamdad-md
A R Masud, MD https://www.doximity.com/pub/a-r-masud-md
A. Rene, MD https://www.doximity.com/pub/a-rene-md
A. Thomas Siachos, MD https://www.doximity.com/pub/a-thomas-siachos-md
A Tsai, MD https://www.doximity.com/pub/a-tsai-md
A. William Waibel, MD https://www.doximity.com/pub/a-william-waibel-md
Aadhar Patil, MD https://www.doximity.com/pub/aadhar-patil-md
Aadhavi Sridharan, MD https://www.doximity.com/pub/aadhavi-sridharan-md
Aaditya Vora, MD https://www.doximity.com/pub/aaditya-vora-md
Aakash Bavishi, MD https://www.doximity.com/pub/aakash-bavishi-md
Aakash Garg, MD https://www.doximity.com/pub/aakash-garg-md
Aakash Patel, MD https://www.doximity.com/pub/aakash-patel-md-8fd5d8a1
Aakash Shah, MD https://www.doximity.com/pub/aakash-shah-md-218accb7
Aakash Sheth, MD https://www.doximity.com/pub/aakash-sheth-md
Aakash Tuli, MD https://www.doximity.com/pub/aakash-tuli-md
Aakriti Gupta, MD https://www.doximity.com/pub/aakriti-gupta-md
Aakriti Gupta, MD https://www.doximity.com/pub/aakriti-gupta-md-d515929c
Aalap Chokshi, MD https://www.doximity.com/pub/aalap-chokshi-md
Aalap Narichania, MD https://www.doximity.com/pub/aalap-narichania-md
Aalok Patel, MD https://www.doximity.com/pub/aalok-patel-md-89c2f278
Aalya Crowl, MD https://www.doximity.com/pub/aalya-crowl-md
Aamer Abbas, MD https://www.doximity.com/pub/aamer-abbas-md
Aamer Jamali, MD https://www.doximity.com/pub/aamer-jamali-md
Aamer Qureshi, MD https://www.doximity.com/pub/aamer-qureshi-md
Aamer Rehman, MD https://www.doximity.com/pub/aamer-rehman-md
Aamer Shabbir, MD https://www.doximity.com/pub/aamer-shabbir-md
Aamer Ubaid, MD https://www.doximity.com/pub/aamer-ubaid-md
Aamir Abbas, MD https://www.doximity.com/pub/aamir-abbas-md
Aamir Amin, MD https://www.doximity.com/pub/aamir-amin-md
Aamir Amin, MD https://www.doximity.com/pub/aamir-amin-md-99917eb9
Aamir Cheema, MD https://www.doximity.com/pub/aamir-cheema-md
Aamir Hameed, MD https://www.doximity.com/pub/aamir-hameed-md
Aamir Javaid, MD https://www.doximity.com/pub/aamir-javaid-md
Aamir Sofi, MD https://www.doximity.com/pub/aamir-sofi-md
Aamir Twing, MD https://www.doximity.com/pub/aamir-twing-md
Aarif Khakoo, MD https://www.doximity.com/pub/aarif-khakoo-md
Aaron Aday, MD https://www.doximity.com/pub/aaron-aday-md
Aaron Aguirre, MD https://www.doximity.com/pub/aaron-aguirre-md
Aaron Angel, MD https://www.doximity.com/pub/aaron-angel-md
Aaron Baggish, MD https://www.doximity.com/pub/aaron-baggish-md
Aaron Berger, MD https://www.doximity.com/pub/aaron-berger-md
Aaron Berman, MD https://www.doximity.com/pub/aaron-berman-md
Aaron Brice, MD https://www.doximity.com/pub/aaron-brice-md
Aaron Burg, MD https://www.doximity.com/pub/aaron-burg-do
Aaron Bush, MD https://www.doximity.com/pub/aaron-bush-md
Aaron Cohen, MD https://www.doximity.com/pub/aaron-cohen-md-1749ed5d
Aaron Cohen, MD https://www.doximity.com/pub/aaron-cohen-md-f90148e5
Aaron Doonan, MD https://www.doximity.com/pub/aaron-doonan-md
Aaron Emmons, MD https://www.doximity.com/pub/aaron-emmons-md
Aaron Feingold, MD https://www.doximity.com/pub/aaron-feingold-md
Aaron Feldman, MD https://www.doximity.com/pub/aaron-feldman-md
Aaron Ford, MD https://www.doximity.com/pub/aaron-ford-md
Aaron Freilich, MD https://www.doximity.com/pub/aaron-freilich-md
Aaron From, MD https://www.doximity.com/pub/aaron-from-md
Aaron Giltner, MD https://www.doximity.com/pub/aaron-giltner-md
Aaron Gindea, MD https://www.doximity.com/pub/aaron-gindea-md
Aaron Gopal, MD https://www.doximity.com/pub/aaron-gopal-md
Aaron Grantham, MD https://www.doximity.com/pub/aaron-grantham-md
Aaron Greenberg, MD https://www.doximity.com/pub/aaron-greenberg-md
Aaron Grober, MD https://www.doximity.com/pub/aaron-grober-md
Aaron Grober, MD https://www.doximity.com/pub/aaron-grober-md-2f54f147
Aaron Hesselson, MD https://www.doximity.com/pub/aaron-hesselson-md
Aaron Ho, MD https://www.doximity.com/pub/aaron-ho-md
Aaron Horne, MD https://www.doximity.com/pub/aaron-horne-md
Aaron Jolly, MD https://www.doximity.com/pub/aaron-jolly-md
Aaron Jordan, MD https://www.doximity.com/pub/aaron-jordan-md
Aaron Kaibas, MD https://www.doximity.com/pub/aaron-kaibas-do
Aaron Kaplan, MD https://www.doximity.com/pub/aaron-kaplan-md-a5b6f31a
Aaron Kelkhoff, MD https://www.doximity.com/pub/aaron-kelkhoff-md
Aaron Kenigsberg, MD https://www.doximity.com/pub/aaron-kenigsberg-md
Aaron Kornetzke, MD https://www.doximity.com/pub/aaron-kornetzke-md
aaron kugelmass, MD https://www.doximity.com/pub/aaron-kugelmass-md
Aaron Lee, MD https://www.doximity.com/pub/aaron-lee-md-25021d6a
Aaron Lee, MD https://www.doximity.com/pub/aaron-lee-md-70475584
Aaron Proweller, MD https://www.doximity.com/pub/aaron-proweller-md
Aaron Satran, MD https://www.doximity.com/pub/aaron-satran-md
Aaron Schatz, MD https://www.doximity.com/pub/aaron-schatz-md
Aaron Schelegle, MD https://www.doximity.com/pub/aaron-schelegle-md
Aaron Schoenkerman, MD https://www.doximity.com/pub/aaron-schoenkerman-md
Aaron Shaikh, MD https://www.doximity.com/pub/aaron-shaikh-md
Aaron Sifuentes, MD https://www.doximity.com/pub/aaron-sifuentes-md-60acb9a0
Aaron Soufer, MD https://www.doximity.com/pub/aaron-soufer-md
Aaron Strobel, MD https://www.doximity.com/pub/aaron-strobel-md
Aaron Tang, MD https://www.doximity.com/pub/aaron-tang-md
Aaron Timins, MD https://www.doximity.com/pub/aaron-timins-do
Aaron Troy, MD https://www.doximity.com/pub/aaron-troy-md
Aaron Vanhise, MD https://www.doximity.com/pub/aaron-vanhise-do
Aaron Vigdor, MD https://www.doximity.com/pub/aaron-vigdor-md
Aaron Weaver, MD https://www.doximity.com/pub/aaron-weaver-md
Aaron Weisbord, MD https://www.doximity.com/pub/aaron-weisbord-md
Aaron Wengrofsky, MD https://www.doximity.com/pub/aaron-wengrofsky-md
Aaron Whipp, MD https://www.doximity.com/pub/aaron-whipp-do
Aaron Whipp, MD https://www.doximity.com/pub/aaron-whipp-do-7bf4024d
Aaron Wolfson, MD https://www.doximity.com/pub/aaron-wolfson-md-f841e2bc
Aaron Yung, MD https://www.doximity.com/pub/aaron-yung-md
Aarthi Madhanakumar, MD https://www.doximity.com/pub/aarthi-madhanakumar-md
Aarthi Sabanayagam, MD https://www.doximity.com/pub/aarthi-sabanayagam-md
Aarti Asnani, MD https://www.doximity.com/pub/aarti-asnani-md
Aarti Campo, MD https://www.doximity.com/pub/aarti-campo-md
Aarti Patel, MD https://www.doximity.com/pub/aarti-patel-md
Aarti Patel, MD https://www.doximity.com/pub/aarti-patel-md-88a0e755
Aarush Manchanda, MD https://www.doximity.com/pub/aarush-manchanda-md
Aasha Gopal, MD https://www.doximity.com/pub/aasha-gopal-md
Aashay Patel, MD https://www.doximity.com/pub/aashay-patel-md
Aashish Desai, MD https://www.doximity.com/pub/aashish-desai-md
Aashish Dua, MD https://www.doximity.com/pub/aashish-dua-md
Aashish Gupta, MD https://www.doximity.com/pub/aashish-gupta-md
Aasim Afzal, MD https://www.doximity.com/pub/aasim-afzal-md
Aasita Patel, MD https://www.doximity.com/pub/aasita-patel-md
Aatish Garg, MD https://www.doximity.com/pub/aatish-garg-md
Aatish Garg, MD https://www.doximity.com/pub/aatish-garg-md-42278e97
Aatish Garg, MD https://www.doximity.com/pub/aatish-garg-md-6aeb1758
Aazib Khan, MD https://www.doximity.com/pub/aazib-khan-md
Abanoub Rushdy, MD https://www.doximity.com/pub/abanoub-rushdy-md
Abarmard Zafari, MD https://www.doximity.com/pub/abarmard-zafari-md
Abas Amiry, MD https://www.doximity.com/pub/abas-amiry-md
Abas Tay, MD https://www.doximity.com/pub/abas-tay-md
Abasha Thakur, MD https://www.doximity.com/pub/abasha-thakur-md
Abbas Alshami, MD https://www.doximity.com/pub/abbas-alshami-md
Abbas Bitar, MD https://www.doximity.com/pub/abbas-bitar-md
Abbas Chothia, MD https://www.doximity.com/pub/abbas-chothia-md
Abbas Emaminia, MD https://www.doximity.com/pub/abbas-emaminia-md
Abbas Shehadeh, MD https://www.doximity.com/pub/abbas-shehadeh-md
Abbe Rosenbaum, MD https://www.doximity.com/pub/abbe-rosenbaum-md
Abbey Wolf, MD https://www.doximity.com/pub/abbey-wolf-md
Abby Frederickson, MD https://www.doximity.com/pub/abby-frederickson-do
Abby Pribish, MD https://www.doximity.com/pub/abby-pribish-md
Abd Khatib, MD https://www.doximity.com/pub/abd-khatib-md
Abdalaziz Awadelkarim, MD https://www.doximity.com/pub/abdalaziz-awadelkarim-md
Abdalla Ezziddin, MD https://www.doximity.com/pub/abdalla-ezziddin-md
Abdalla Hassan, MD https://www.doximity.com/pub/abdalla-hassan-md
Abdalla Hassan, MD https://www.doximity.com/pub/abdalla-hassan-md-0923d980
Abdallah Bitar, MD https://www.doximity.com/pub/abdallah-bitar-md
Abdallah Bukari, MD https://www.doximity.com/pub/abdallah-bukari-md
Abdallah El Sabbagh, MD https://www.doximity.com/pub/abdallah-el-sabbagh-md
Abdallah Kamouh, MD https://www.doximity.com/pub/abdallah-kamouh-md
Abdallah Kfoury, MD https://www.doximity.com/pub/abdallah-kfoury-md
Abdallah Kubbeh, MD https://www.doximity.com/pub/abdallah-kubbeh-md
Abdallah Malkawi, MD https://www.doximity.com/pub/abdallah-malkawi-md
Abdallah Mansour, MD https://www.doximity.com/pub/abdallah-mansour-md
Abdallah Sanaani, MD https://www.doximity.com/pub/abdallah-sanaani-md
Abdel Al Emam, MD https://www.doximity.com/pub/abdel-al-emam-md
Abdel Anabtawi, MD https://www.doximity.com/pub/abdel-anabtawi-md
Abdel Ghani El Rafei, MD https://www.doximity.com/pub/abdel-ghani-el-rafei-md
Abdel Omer, MD https://www.doximity.com/pub/abdel-omer-md
Abdelkader Almanfi, MD https://www.doximity.com/pub/abdelkader-almanfi-md
Abdelkader Fares, MD https://www.doximity.com/pub/abdelkader-fares-md
Abdelmoniem Moustafa, MD https://www.doximity.com/pub/abdelmoniem-moustafa-md
Abdelrahman Ali, MD https://www.doximity.com/pub/abdelrahman-ali-md
Abdelrahman Aljadi, MD https://www.doximity.com/pub/abdelrahman-aljadi-md
Abdelrhman Abumoawad, MD https://www.doximity.com/pub/abdelrhman-abumoawad-md
Abdelwahaab Akef, MD https://www.doximity.com/pub/abdelwahaab-akef-md
Abdi Jama, MD https://www.doximity.com/pub/abdi-jama-md
Abdi Rasekh, MD https://www.doximity.com/pub/abdi-rasekh-md
Abdollah Sedighi, MD https://www.doximity.com/pub/abdollah-sedighi-md
Abdou Elhendy, MD https://www.doximity.com/pub/abdou-elhendy-md
Abdrhman Hamo, MD https://www.doximity.com/pub/abdrhman-hamo-md
Abdu Hawwa, MD https://www.doximity.com/pub/abdu-hawwa-md
Abdul Abbasi, MD https://www.doximity.com/pub/abdul-abbasi-md-59f76b9f
Abdul Alawwa, MD https://www.doximity.com/pub/abdul-alawwa-md
Abdul Alkaddour, MD https://www.doximity.com/pub/abdul-alkaddour-md
Abdul Ameen, MD https://www.doximity.com/pub/abdul-ameen-md
Abdul Ansari, MD https://www.doximity.com/pub/abdul-ansari-md
Abdul Aziz Asbeutah, MD https://www.doximity.com/pub/abdul-aziz-asbeutah-md
Abdul Basit, MD https://www.doximity.com/pub/abdul-basit-md
Abdul Bhatti, MD https://www.doximity.com/pub/abdul-bhatti-md
