Allen Kamrava, MD https://www.doximity.com/cv/allen-kamrava-md-1
Anthony Dippolito, MD https://www.doximity.com/cv/anthony-dippolito-md-1
Anuj Kandel, MD https://www.doximity.com/cv/anuj-kandel-md-1
Avery Walker, MD https://www.doximity.com/cv/averywalker
Barron Palmer, MD https://www.doximity.com/cv/barron-palmer-md-1
Beth Jaklic, MD https://www.doximity.com/cv/beth-jaklic-md-1
Brett Ruffo, MD https://www.doximity.com/cv/brett-ruffo-md-1
Bruce Orkin, MD https://www.doximity.com/cv/bruce-orkin-md-1
Christine Bartus, MD https://www.doximity.com/cv/christine-bartus-md-3
Conor Delaney, MD https://www.doximity.com/cv/conor-delaney-md-1
David Stewart, MD https://www.doximity.com/cv/david-stewart-md-slash-18
Debora Fox-McClary, MD https://www.doximity.com/cv/debora-foxmcclary-md
Donald Kim, MD https://www.doximity.com/cv/donaldkim
David Rivadeneira, MD https://www.doximity.com/cv/drdavidrivadeneira-com
Eiman Firoozmand, MD https://www.doximity.com/cv/eiman-firoozmand-md-1
Gie Yu, MD https://www.doximity.com/cv/gie-yu-md-1
Gregory Gallina, MD https://www.doximity.com/cv/gregory-gallina-md-1
Hasan Hashmi, MD https://www.doximity.com/cv/hasan-hashmi-md-1
Howard Ross, MD https://www.doximity.com/cv/howard-ross-md-8dd03a35
Jacquelyn Charbel, MD https://www.doximity.com/cv/jacquelyn-charbel-do
Jadd Koury, MD https://www.doximity.com/cv/jadd-koury-md-7
Jaime Bohl, MD https://www.doximity.com/cv/jaime-bohl-md-1
James Conner, MD https://www.doximity.com/cv/james-conner-md-slash-2
James McCormick, MD https://www.doximity.com/cv/james-mccormick-do-slash-1
James Yoo, MD https://www.doximity.com/cv/james-yoo-md-8d04e17b
Jenny Speranza, MD https://www.doximity.com/cv/jenny-speranza-md-7
Joel Goldberg, MD https://www.doximity.com/cv/joel-goldberg-md-slash-1
Josef Shehebar, MD https://www.doximity.com/cv/josef-shehebar-md-slash-1
Katherine Khalifeh, MD https://www.doximity.com/cv/katherine-khalifeh-md-1
Kenneth Blake, MD https://www.doximity.com/cv/kenneth-blake-md-1
Kerri Ohman, MD https://www.doximity.com/cv/kerri-ohman-md
Khristian Noto, MD https://www.doximity.com/cv/khristian-noto-md-238687b5
Lauren Kosinski, MD https://www.doximity.com/cv/lauren-kosinski-md-1
Matthew Wilson, MD https://www.doximity.com/cv/matthew-wilson-md-slash-13
Michael Del Rosario, MD https://www.doximity.com/cv/michael-delrosario-md-1
Michael McGee, MD https://www.doximity.com/cv/michael-mcgee-md-slash-4
Miles Tommeraasen, MD https://www.doximity.com/cv/miles-tommeraasen-md
Peter McWhorter, MD https://www.doximity.com/cv/peter-mcwhorter-md-1
Peter Miller, MD https://www.doximity.com/cv/peter-miller-md-slash-7
Pokala Kiran, MD https://www.doximity.com/cv/pokala-kiran-md-1
Raul Bosio, MD https://www.doximity.com/cv/raul-bosio-md-1
Rebecca Hoedema, MD https://www.doximity.com/cv/rebecca-hoedema-md-4
Robert Hollis, MD https://www.doximity.com/cv/robert-hollis-md-213547fc
Sean Whelan, MD https://www.doximity.com/cv/sean-whelan-md-23170a0c
Steven Schechter, MD https://www.doximity.com/cv/steven-schechter-md-slash-1
Thomas Erchinger, MD https://www.doximity.com/cv/thomas-erchinger-md-slash-2
Thomas Curran, MD https://www.doximity.com/cv/thomascurran27
Walter Peters, MD https://www.doximity.com/cv/walter-peters-md-4
William Cirocco, MD https://www.doximity.com/cv/william-cirocco
William Walker, MD https://www.doximity.com/cv/william-walker-md-slash-4
A. David Chismark, MD https://www.doximity.com/pub/a-david-chismark-md
A Frost, MD https://www.doximity.com/pub/a-frost-md
Aakash Gajjar, MD https://www.doximity.com/pub/aakash-gajjar-md
Aalok Sahai, MD https://www.doximity.com/pub/aalok-sahai-md
Aaron Dawes, MD https://www.doximity.com/pub/aaron-dawes-md-bc0a5ff4
Aaron Klinger, MD https://www.doximity.com/pub/aaron-klinger-md
Aaron Miller, MD https://www.doximity.com/pub/aaron-miller-md-6e52a154
Aaron Parrish, MD https://www.doximity.com/pub/aaron-parrish-md
Aaron Rickles, MD https://www.doximity.com/pub/aaron-rickles-md
Abby Crume, MD https://www.doximity.com/pub/abby-crume-do
Abdel Solaiman, MD https://www.doximity.com/pub/abdel-solaiman-md
Abdullatif Nimr, MD https://www.doximity.com/pub/abdullatif-nimr-md
Abed Alo, MD https://www.doximity.com/pub/abed-alo-md
Abhineet Uppal, MD https://www.doximity.com/pub/abhineet-uppal-md
Abier Abdelnaby, MD https://www.doximity.com/pub/abier-abdelnaby-md
Abner Glover, MD https://www.doximity.com/pub/abner-glover-md
Abolhassan Panahandeh, MD https://www.doximity.com/pub/abolhassan-panahandeh-md
Ada Graham, MD https://www.doximity.com/pub/ada-graham-md
Adam Abodeely, MD https://www.doximity.com/pub/adam-abodeely-md
Adam Barker, MD https://www.doximity.com/pub/adam-barker-md
Adam Juviler, MD https://www.doximity.com/pub/adam-juviler-md
Adam Klipfel, MD https://www.doximity.com/pub/adam-klipfel-md
Adam Pihokken, MD https://www.doximity.com/pub/adam-pihokken-md
Adam Pihokken, MD https://www.doximity.com/pub/adam-pihokken-md-a670d319
Adam Radolinski, MD https://www.doximity.com/pub/adam-radolinski-md
Adam Robinson, MD https://www.doximity.com/pub/adam-robinson-md
Adam Sang, MD https://www.doximity.com/pub/adam-sang-md
Adan Castrodad, MD https://www.doximity.com/pub/adan-castrodad-md
Adatee Okonkwo, MD https://www.doximity.com/pub/adatee-okonkwo-md
Adekemi Egunsola, MD https://www.doximity.com/pub/adekemi-egunsola-md
Adel Bagh, MD https://www.doximity.com/pub/adel-bagh-md
Adewunmi Adeyemo, MD https://www.doximity.com/pub/adewunmi-adeyemo-md
Adewunmi Adeyemo, MD https://www.doximity.com/pub/adewunmi-adeyemo-md-c036888a
Adil Al-Humadi, MD https://www.doximity.com/pub/adil-al-humadi-md
Adil Farooqui, MD https://www.doximity.com/pub/adil-farooqui-md
Adil Khan, MD https://www.doximity.com/pub/adil-khan-md-e9570a7d
Adnan Qureshi, MD https://www.doximity.com/pub/adnan-qureshi-md-b043254e
Adrian Ortega, MD https://www.doximity.com/pub/adrian-ortega-md-552cf9a8
Adrienne Forstner-Barthell, MD https://www.doximity.com/pub/adrienne-forstner-barthell-md
Ahmed Allawi, MD https://www.doximity.com/pub/ahmed-allawi-md
Ahmed Chadi, MD https://www.doximity.com/pub/ahmed-chadi-md
Ahmed Kalla, MD https://www.doximity.com/pub/ahmed-kalla-md
Aimal Khan, MD https://www.doximity.com/pub/aimal-khan-md-d411032c
Aimee Gough, MD https://www.doximity.com/pub/aimee-gough-md
Aisha Akhtar, MD https://www.doximity.com/pub/aisha-akhtar-md-bff2dbcf
Ajaratu Keshinro, MD https://www.doximity.com/pub/ajaratu-keshinro-md
Ajit Pai, MD https://www.doximity.com/pub/ajit-pai-md/2
Alan Abrams, MD https://www.doximity.com/pub/alan-abrams-md-fac102d8
Alan Fritz, MD https://www.doximity.com/pub/alan-fritz-md
Alan Hackford, MD https://www.doximity.com/pub/alan-hackford-md
Alan Harzman, MD https://www.doximity.com/pub/alan-harzman-md
Alan Herline, MD https://www.doximity.com/pub/alan-herline-md
Alan Thorson, MD https://www.doximity.com/pub/alan-thorson-md
Alan Timmcke, MD https://www.doximity.com/pub/alan-timmcke-md
Alan Tims, MD https://www.doximity.com/pub/alan-tims-md
Alasdair McKendrick, MD https://www.doximity.com/pub/alasdair-mckendrick-md
Albert Biehl, MD https://www.doximity.com/pub/albert-biehl-md
Albert Chung, MD https://www.doximity.com/pub/albert-chung-md
Albert Kwon, MD https://www.doximity.com/pub/albert-kwon-md
Albert Moeller, MD https://www.doximity.com/pub/albert-moeller-md-bb9de853
Alberto Delpino, MD https://www.doximity.com/pub/alberto-delpino-md
Alejandra Perez-Tamayo, MD https://www.doximity.com/pub/alejandra-perez-tamayo-md-20615b45
Alessandra Gasior, MD https://www.doximity.com/pub/alessandra-gasior-do
Alessandra Storino Gonzalez, MD https://www.doximity.com/pub/alessandra-storino-gonzalez-md
Alessandro Fichera, MD https://www.doximity.com/pub/alessandro-fichera-md
Alessio Pigazzi, MD https://www.doximity.com/pub/alessio-pigazzi-md
Alex Bulanov, MD https://www.doximity.com/pub/alex-bulanov-do
Alex Ky-Miyasaka, MD https://www.doximity.com/pub/alex-ky-miyasaka-md
Alexander Crean, MD https://www.doximity.com/pub/alexander-crean-md
Alexander Dowli, MD https://www.doximity.com/pub/alexander-dowli-md
Alexander Gaidarski, MD https://www.doximity.com/pub/alexander-gaidarski-md-c23e0142
Alexander Hawkins, MD https://www.doximity.com/pub/alexander-hawkins-md-a47fcb9d
Alexander Kingsley, MD https://www.doximity.com/pub/alexander-kingsley-md
Alexander Kurchin, MD https://www.doximity.com/pub/alexander-kurchin-md
Alexander Mathew, MD https://www.doximity.com/pub/alexander-mathew-md
Alexander Mathew, MD https://www.doximity.com/pub/alexander-mathew-md-c5ecf3d3
Alexandra Columbus, MD https://www.doximity.com/pub/alexandra-columbus-md
Alexandra Elias, MD https://www.doximity.com/pub/alexandra-elias-md
Alexandre Bouchard, MD https://www.doximity.com/pub/alexandre-bouchard-md
Alexandre Mikhail, MD https://www.doximity.com/pub/alexandre-mikhail-md-d4c08562
Alexandria Glenn, MD https://www.doximity.com/pub/alexandria-glenn-md
Alexis Grucela, MD https://www.doximity.com/pub/alexis-grucela-md
Alexis Plasencia, MD https://www.doximity.com/pub/alexis-plasencia-md
Alfonso Velasco, MD https://www.doximity.com/pub/alfonso-velasco-md-76520f7b
Alfred Cohen, MD https://www.doximity.com/pub/alfred-cohen-md/2
Alfred Wolkomir, MD https://www.doximity.com/pub/alfred-wolkomir-md
Ali Mahmood, MD https://www.doximity.com/pub/ali-mahmood-md-9beb83ab
Alice Lee, MD https://www.doximity.com/pub/alice-lee-md-b6d4b1d2
Alice Sun, MD https://www.doximity.com/pub/alice-sun-md
Alicia Logue, MD https://www.doximity.com/pub/alicia-logue-md
Alicia Thomas, MD https://www.doximity.com/pub/alicia-thomas-md
Alisha Lussiez, MD https://www.doximity.com/pub/alisha-lussiez-md
Alison Tammany, MD https://www.doximity.com/pub/alison-tammany-md
Alizah Rotramel, MD https://www.doximity.com/pub/alizah-rotramel-md
Allan Mabardy, MD https://www.doximity.com/pub/allan-mabardy-md
Allen Chudzinski, MD https://www.doximity.com/pub/allen-chudzinski-md
Allen Jetmore, MD https://www.doximity.com/pub/allen-jetmore-md
Allen Wolland, MD https://www.doximity.com/pub/allen-wolland-md
Allison Aka, MD https://www.doximity.com/pub/allison-aka-md
Alodia Gabre-Kidan, MD https://www.doximity.com/pub/alodia-gabre-kidan-md
Alton Sutter, MD https://www.doximity.com/pub/alton-sutter-md
Alyssa Fajardo, MD https://www.doximity.com/pub/alyssa-fajardo-md
Amalia Stefanou, MD https://www.doximity.com/pub/amalia-stefanou-md
Amanda Ayers, MD https://www.doximity.com/pub/amanda-ayers-md
Amanda Feigel, MD https://www.doximity.com/pub/amanda-feigel-md
Amanda Green, MD https://www.doximity.com/pub/amanda-green-md-09384b44
Amanda Hayman, MD https://www.doximity.com/pub/amanda-hayman-md
Amanda McClure, MD https://www.doximity.com/pub/amanda-mcclure-md
Amanda Metcalf, MD https://www.doximity.com/pub/amanda-metcalf-md
Amar Mukerji, MD https://www.doximity.com/pub/amar-mukerji-md
Amar Shah, MD https://www.doximity.com/pub/amar-shah-md-9ccca0fe
Amarjit Singh, MD https://www.doximity.com/pub/amarjit-singh-md-6569
Amber Traugott, MD https://www.doximity.com/pub/amber-traugott-md
Amer Alame, MD https://www.doximity.com/pub/amer-alame-md
Amer Zeni, MD https://www.doximity.com/pub/amer-zeni-md
Amir Bastawrous, MD https://www.doximity.com/pub/amir-bastawrous-md
Amir Damadi, MD https://www.doximity.com/pub/amir-damadi-md
Amit Agarwal, MD https://www.doximity.com/pub/amit-agarwal-md-110e6533
Amit Agarwal, MD https://www.doximity.com/pub/amit-agarwal-md-ae6edd0a
Amit Goyal, MD https://www.doximity.com/pub/amit-goyal-md-ca0858a0
Amit Khanna, MD https://www.doximity.com/pub/amit-khanna-md-d8bbe461
Amit Merchea, MD https://www.doximity.com/pub/amit-merchea-md
Amit Saha, MD https://www.doximity.com/pub/amit-saha-md
Amit Sharma, MD https://www.doximity.com/pub/amit-sharma-md-2d9e4f0f
Amod Tootla, MD https://www.doximity.com/pub/amod-tootla-md
Amy Halverson, MD https://www.doximity.com/pub/amy-halverson-md
Amy Hanna-Salami, MD https://www.doximity.com/pub/amy-hanna-salami-md
Amy Lightner, MD https://www.doximity.com/pub/amy-lightner-md
Amy Thorsen, MD https://www.doximity.com/pub/amy-thorsen-md
Amy Tolan, MD https://www.doximity.com/pub/amy-tolan-md
Ana De Roo, MD https://www.doximity.com/pub/ana-de-roo-md
Anamaria Mcelrath-Garza, MD https://www.doximity.com/pub/anamaria-mcelrath-garza-md
Anand Lodha, MD https://www.doximity.com/pub/anand-lodha-md
Anantha Padmanabhan, MD https://www.doximity.com/pub/anantha-padmanabhan-md
Anastasiya Shchatsko, MD https://www.doximity.com/pub/anastasiya-shchatsko-md
Anathea Powell, MD https://www.doximity.com/pub/anathea-powell-md
Anders Mellgren, MD https://www.doximity.com/pub/anders-mellgren-md-c96efe92
Andre Moreira, MD https://www.doximity.com/pub/andre-moreira-md-ffdb9208
Andrea Chao Bafford, MD https://www.doximity.com/pub/andrea-chao-bafford-md
Andrea Ferrara, MD https://www.doximity.com/pub/andrea-ferrara-md
Andrea Lange, MD https://www.doximity.com/pub/andrea-lange-md
Andrea Madiedo, MD https://www.doximity.com/pub/andrea-madiedo-md
Andrea Zimmern, MD https://www.doximity.com/pub/andrea-zimmern-md
Andreas Kaiser, MD https://www.doximity.com/pub/andreas-kaiser-md
Andrew Antill, MD https://www.doximity.com/pub/andrew-antill-md
Andrew Chae, MD https://www.doximity.com/pub/andrew-chae-md
Andrew Kassir, MD https://www.doximity.com/pub/andrew-kassir-md
Andrew Kerner, MD https://www.doximity.com/pub/andrew-kerner-do
Andrew Lynch, MD https://www.doximity.com/pub/andrew-lynch-md-27c02b75
Andrew Miller, MD https://www.doximity.com/pub/andrew-miller-md-a98ddeba
Andrew Mitchell, MD https://www.doximity.com/pub/andrew-mitchell-md-5bd93411
Andrew Morgan, MD https://www.doximity.com/pub/andrew-morgan-md-c04f1ae6
Andrew Morris, MD https://www.doximity.com/pub/andrew-morris-md-d2ab466b
Andrew Mueller, MD https://www.doximity.com/pub/andrew-mueller-md-3f6434d5
Andrew Mueller, MD https://www.doximity.com/pub/andrew-mueller-md-443fa467
Andrew-Paul Deeb, MD https://www.doximity.com/pub/andrew-paul-deeb-md
Andrew Raissis, MD https://www.doximity.com/pub/andrew-raissis-md
Andrew Richards, MD https://www.doximity.com/pub/andrew-richards-md
Andrew Ritter, MD https://www.doximity.com/pub/andrew-ritter-md
Andrew Ross, MD https://www.doximity.com/pub/andrew-ross-md-6e2dcfab
Andrew Schlussel, MD https://www.doximity.com/pub/andrew-schlussel-do
Andrew Shelton, MD https://www.doximity.com/pub/andrew-shelton-md
Andrew Vorenberg, MD https://www.doximity.com/pub/andrew-vorenberg-md
Andrew Watson, MD https://www.doximity.com/pub/andrew-watson-md-48e5d70d
Android Releasemd25, MD https://www.doximity.com/pub/android-releasemd25-md
Android Releasemd26, MD https://www.doximity.com/pub/android-releasemd26-md
Aneel Damle, MD https://www.doximity.com/pub/aneel-damle-md
Angela Kuhnen, MD https://www.doximity.com/pub/angela-kuhnen-md-3f9df574
Anil Bahadursingh, MD https://www.doximity.com/pub/anil-bahadursingh-md
Anita Gregory, MD https://www.doximity.com/pub/anita-gregory-md
Anita Rao, MD https://www.doximity.com/pub/anita-rao-md-14b40a0e
Ankit Sarin, MD https://www.doximity.com/pub/ankit-sarin-md
Ankur Goel, MD https://www.doximity.com/pub/ankur-goel-md
Ann Hanly, MD https://www.doximity.com/pub/ann-hanly-md
Ann Kalhorn, MD https://www.doximity.com/pub/ann-kalhorn-md
Ann Lowry, MD https://www.doximity.com/pub/ann-lowry-md
Ann Seltman, MD https://www.doximity.com/pub/ann-seltman-md
Anna Johnson, MD https://www.doximity.com/pub/anna-johnson-md-144b7679
Anna Kukhta, MD https://www.doximity.com/pub/anna-kukhta-md
Anna Matrachisia, MD https://www.doximity.com/pub/anna-matrachisia-md
Anna Serur, MD https://www.doximity.com/pub/anna-serur-md
Anna Spivak, MD https://www.doximity.com/pub/anna-spivak-do
Anna Toker, MD https://www.doximity.com/pub/anna-toker-md
Annamarie Kondek, MD https://www.doximity.com/pub/annamarie-kondek-md
Anne Boller, MD https://www.doximity.com/pub/anne-boller-md
Anne Fabrizio, MD https://www.doximity.com/pub/anne-fabrizio-md
Anne Granfield, MD https://www.doximity.com/pub/anne-granfield-md
Anne Le, MD https://www.doximity.com/pub/anne-le-md
Anne Lin, MD https://www.doximity.com/pub/anne-lin-md-c6a7707a
Anne-Lise D'Angelo, MD https://www.doximity.com/pub/anne-lise-d-angelo-md
Anne-Marie Marcoux, MD https://www.doximity.com/pub/anne-marie-marcoux-md
Anne-Marie Sirany, MD https://www.doximity.com/pub/anne-marie-sirany-md
Anne Mongiu, MD https://www.doximity.com/pub/anne-mongiu-md
Anthonia Adewole, MD https://www.doximity.com/pub/anthonia-adewole-md
Anthony Brannan, MD https://www.doximity.com/pub/anthony-brannan-md
Anthony D'Andrea, MD https://www.doximity.com/pub/anthony-d-andrea-md
Anthony Dakwar, MD https://www.doximity.com/pub/anthony-dakwar-md
Anthony Dinallo, MD https://www.doximity.com/pub/anthony-dinallo-md
Anthony Firilas, MD https://www.doximity.com/pub/anthony-firilas-md
Anthony Macaluso, MD https://www.doximity.com/pub/anthony-macaluso-md
Anthony Senagore, MD https://www.doximity.com/pub/anthony-senagore-md
Anthony Squillaro, MD https://www.doximity.com/pub/anthony-squillaro-md-d41c3e01
Anthony Vernava, MD https://www.doximity.com/pub/anthony-vernava-md
Antonia Henry, MD https://www.doximity.com/pub/antonia-henry-md
Antonio Caycedo, MD https://www.doximity.com/pub/antonio-caycedo-md-991fc406
Antonio Villamor, MD https://www.doximity.com/pub/antonio-villamor-md
Anuradha Bhama, MD https://www.doximity.com/pub/anuradha-bhama-md
Anushka Arumugasaamy, MD https://www.doximity.com/pub/anushka-arumugasaamy-md
Aos Karim, MD https://www.doximity.com/pub/aos-karim-md
April Fox, MD https://www.doximity.com/pub/april-fox-md-23df1685
Aras Emdadi, MD https://www.doximity.com/pub/aras-emdadi-do
Arden Morris, MD https://www.doximity.com/pub/arden-morris-md-a8faf0c3
Ari Reichstein, MD https://www.doximity.com/pub/ari-reichstein-md
Ariane Abcarian, MD https://www.doximity.com/pub/ariane-abcarian-md
Arida Siripong, MD https://www.doximity.com/pub/arida-siripong-md
Arie Pelta, MD https://www.doximity.com/pub/arie-pelta-md
Arielle DuBose, MD https://www.doximity.com/pub/arielle-dubose-md
Arielle Kanters, MD https://www.doximity.com/pub/arielle-kanters-md
Arman Erkan, MD https://www.doximity.com/pub/arman-erkan-md
Armand Asarian, MD https://www.doximity.com/pub/armand-asarian-md
Armen Aboulian, MD https://www.doximity.com/pub/armen-aboulian-md
Armen Gregorian, MD https://www.doximity.com/pub/armen-gregorian-md
Arnold Leiboff, MD https://www.doximity.com/pub/arnold-leiboff-md
Arpit Patel, MD https://www.doximity.com/pub/arpit-patel-md-177fe524
Arthur Brown, MD https://www.doximity.com/pub/arthur-brown-md-9853a98d
Arthur Verga, MD https://www.doximity.com/pub/arthur-verga-md
Arthur Yushuva, MD https://www.doximity.com/pub/arthur-yushuva-md
Arun Gowdamarajan, MD https://www.doximity.com/pub/arun-gowdamarajan-md
Arun Gowdamarajan, MD https://www.doximity.com/pub/arun-gowdamarajan-md-9fe48acd
Ashanti Franklin, MD https://www.doximity.com/pub/ashanti-franklin-md-c3467430
Ashlee Godshalk Ruggles, MD https://www.doximity.com/pub/ashlee-godshalk-ruggles-md
Ashlee Kimbrell, MD https://www.doximity.com/pub/ashlee-kimbrell-md
Ashley Althoff, MD https://www.doximity.com/pub/ashley-althoff-do-d9354021
Ashley Casano, MD https://www.doximity.com/pub/ashley-casano-do
Ashley Hill, MD https://www.doximity.com/pub/ashley-hill-md-12a77c95
Ashley Shustak, MD https://www.doximity.com/pub/ashley-shustak-md
Ashok Kumar, MD https://www.doximity.com/pub/ashok-kumar-md-b8490a36
Asif Quyyum, MD https://www.doximity.com/pub/asif-quyyum-do
Asif Talukder, MD https://www.doximity.com/pub/asif-talukder-md
Asim Farid, MD https://www.doximity.com/pub/asim-farid-md
Asish Mukherjee, MD https://www.doximity.com/pub/asish-mukherjee-md
Asna Amin, MD https://www.doximity.com/pub/asna-amin-md
Assar Rather, MD https://www.doximity.com/pub/assar-rather-md
Astha Bhatt, MD https://www.doximity.com/pub/astha-bhatt-md
Ateet Shah, MD https://www.doximity.com/pub/ateet-shah-md
Atif Iqbal, MD https://www.doximity.com/pub/atif-iqbal-md
Audrey Kulaylat, MD https://www.doximity.com/pub/audrey-kulaylat-md
Augustine Lee, MD https://www.doximity.com/pub/augustine-lee-md-fb8a012b
Augusto Martinez, MD https://www.doximity.com/pub/augusto-martinez-md
Aura Delgado-Cifuentes, MD https://www.doximity.com/pub/aura-delgado-cifuentes-md
Austin Person, MD https://www.doximity.com/pub/austin-person-md
Austin Person, MD https://www.doximity.com/pub/austin-person-md-af19183d
Avi Galler, MD https://www.doximity.com/pub/avi-galler-md
Avinash Bhakta, MD https://www.doximity.com/pub/avinash-bhakta-md-33ef194a
Avraham Belizon, MD https://www.doximity.com/pub/avraham-belizon-md
Ayana Chase, MD https://www.doximity.com/pub/ayana-chase-md
Ayman Neoman, MD https://www.doximity.com/pub/ayman-neoman-md
Aziz Massaad, MD https://www.doximity.com/pub/aziz-massaad-md
Babak Rad, MD https://www.doximity.com/pub/babak-rad-md
Bader Alshaban, MD https://www.doximity.com/pub/bader-alshaban-md
Barbara Follestad, MD https://www.doximity.com/pub/barbara-follestad-md
Bard Cosman, MD https://www.doximity.com/pub/bard-cosman-md
Barry Jenkins, MD https://www.doximity.com/pub/barry-jenkins-md-b0e07206
Barry Pernikoff, MD https://www.doximity.com/pub/barry-pernikoff-md
Bartley Pickron, MD https://www.doximity.com/pub/bartley-pickron-md
Bashar Alramahi, MD https://www.doximity.com/pub/bashar-alramahi-md
Bashar Safar, MD https://www.doximity.com/pub/bashar-safar-md
Bashir Attuwaybi, MD https://www.doximity.com/pub/bashir-attuwaybi-md
Bassam Rizk, MD https://www.doximity.com/pub/bassam-rizk-md
Bassem Ghobrial, MD https://www.doximity.com/pub/bassem-ghobrial-md
Bastian Domajnko, MD https://www.doximity.com/pub/bastian-domajnko-md
Beatrice Dionigi, MD https://www.doximity.com/pub/beatrice-dionigi-md
Bee Lim, MD https://www.doximity.com/pub/bee-lim-md
Ben Dover, MD https://www.doximity.com/pub/ben-dover-md
Ben Tsai, MD https://www.doximity.com/pub/ben-tsai-md
Benjamin Abbadessa, MD https://www.doximity.com/pub/benjamin-abbadessa-md
Benjamin Brasseur, MD https://www.doximity.com/pub/benjamin-brasseur-md
Benjamin Brasseur, MD https://www.doximity.com/pub/benjamin-brasseur-md-f557db4d
Benjamin Crawshaw, MD https://www.doximity.com/pub/benjamin-crawshaw-md
Benjamin Dy, MD https://www.doximity.com/pub/benjamin-dy-md
Benjamin Dyer, MD https://www.doximity.com/pub/benjamin-dyer-md
Benjamin Gough, MD https://www.doximity.com/pub/benjamin-gough-do
Benjamin Karsten, MD https://www.doximity.com/pub/benjamin-karsten-md
Benjamin Kulow, MD https://www.doximity.com/pub/benjamin-kulow-md
Benjamin Kuritzkes, MD https://www.doximity.com/pub/benjamin-kuritzkes-md
Benjamin Martin, MD https://www.doximity.com/pub/benjamin-martin-md-d3667107
Benjamin Phillips, MD https://www.doximity.com/pub/benjamin-phillips-md-08d8651c
Benjamin Piperno, MD https://www.doximity.com/pub/benjamin-piperno-md
Benjamin Quartey, MD https://www.doximity.com/pub/benjamin-quartey-md
Benjamin Vabi, MD https://www.doximity.com/pub/benjamin-vabi-md
Benny Chong, MD https://www.doximity.com/pub/benny-chong-md
Benyamine Mizrahi, MD https://www.doximity.com/pub/benyamine-mizrahi-md
Bertram Chinn, MD https://www.doximity.com/pub/bertram-chinn-md
Beth Krieger, MD https://www.doximity.com/pub/beth-krieger-md
Beth Moore, MD https://www.doximity.com/pub/beth-moore-md-f1cb
Bethann Shanker, MD https://www.doximity.com/pub/bethann-shanker-md
Bethany Harvey, MD https://www.doximity.com/pub/bethany-harvey-md
Bethany Malone, MD https://www.doximity.com/pub/bethany-malone-md
Bhuwan Giri, MD https://www.doximity.com/pub/bhuwan-giri-md
Bidhan Das, MD https://www.doximity.com/pub/bidhan-das-md
Billy Lan, MD https://www.doximity.com/pub/billy-lan-md
Bindu Umapathi, MD https://www.doximity.com/pub/bindu-umapathi-md
Bipinchandra Patel, MD https://www.doximity.com/pub/bipinchandra-patel-md-05ee5e16
Biruk Almaz, MD https://www.doximity.com/pub/biruk-almaz-md
Blake Read, MD https://www.doximity.com/pub/blake-read-md
Blake Spindler, MD https://www.doximity.com/pub/blake-spindler-md
Bob Beart, MD https://www.doximity.com/pub/bob-beart-md
Bobby Harris, MD https://www.doximity.com/pub/bobby-harris-md
Bogdan Protyniak, MD https://www.doximity.com/pub/bogdan-protyniak-md
Boris Sachakov, MD https://www.doximity.com/pub/boris-sachakov-md
Brad Paris, MD https://www.doximity.com/pub/brad-paris-md
Bradford Sklow, MD https://www.doximity.com/pub/bradford-sklow-md
Bradley Bennett, MD https://www.doximity.com/pub/bradley-bennett-md
Bradley Bute, MD https://www.doximity.com/pub/bradley-bute-md
Bradley Champagne, MD https://www.doximity.com/pub/bradley-champagne-md
Bradley Champagne, MD https://www.doximity.com/pub/bradley-champagne-md-011c0a61
Bradley Davis, MD https://www.doximity.com/pub/bradley-davis-md-66cb946b
Bradley Kendrick, MD https://www.doximity.com/pub/bradley-kendrick-md
Brandon Chapman, MD https://www.doximity.com/pub/brandon-chapman-md
Brano Djenic, MD https://www.doximity.com/pub/brano-djenic-md
Brenda Murphy, MD https://www.doximity.com/pub/brenda-murphy-md-b3e97ff1
Brendan Murphy, MD https://www.doximity.com/pub/brendan-murphy-md
Brendan O'Donnell, MD https://www.doximity.com/pub/brendan-o-donnell-md-703e7b6a
Brendan Scully, MD https://www.doximity.com/pub/brendan-scully-md
Brenna Houlihan, MD https://www.doximity.com/pub/brenna-houlihan-md
Brent Evetts, MD https://www.doximity.com/pub/brent-evetts-md
Brett Gemlo, MD https://www.doximity.com/pub/brett-gemlo-md
Brian Bansidhar, MD https://www.doximity.com/pub/brian-bansidhar-do
Brian Bello, MD https://www.doximity.com/pub/brian-bello-md
Brian Billings, MD https://www.doximity.com/pub/brian-billings-md-cc96
Brian Buchberg, MD https://www.doximity.com/pub/brian-buchberg-md
Brian Gillis, MD https://www.doximity.com/pub/brian-gillis-do
Brian Harlin, MD https://www.doximity.com/pub/brian-harlin-md
Brian Hinnebusch, MD https://www.doximity.com/pub/brian-hinnebusch-md
Brian Hoffmann, MD https://www.doximity.com/pub/brian-hoffmann-md
Brian Hoffmann, MD https://www.doximity.com/pub/brian-hoffmann-md-17104711
Brian Jerby, MD https://www.doximity.com/pub/brian-jerby-md
Brian Kann, MD https://www.doximity.com/pub/brian-kann-md
Brian MacLaughlin, MD https://www.doximity.com/pub/brian-maclaughlin-md
Brian Matier, MD https://www.doximity.com/pub/brian-matier-md
Brian McGuinness, MD https://www.doximity.com/pub/brian-mcguinness-md-00afd03d
Brian McKibben, MD https://www.doximity.com/pub/brian-mckibben-md
Brian Sadowski, MD https://www.doximity.com/pub/brian-sadowski-md
Brian Steckel, MD https://www.doximity.com/pub/brian-steckel-md
Brian Swenson, MD https://www.doximity.com/pub/brian-swenson-md-73f7
Brian Taylor, MD https://www.doximity.com/pub/brian-taylor-md-ee8eef8e
Brian Teng, MD https://www.doximity.com/pub/brian-teng-md
Brian Valerian, MD https://www.doximity.com/pub/brian-valerian-md
Bridget Sanders, MD https://www.doximity.com/pub/bridget-sanders-md
Brielle Hebert, MD https://www.doximity.com/pub/brielle-hebert-md
Briton Jordan, MD https://www.doximity.com/pub/briton-jordan-md
Britton West, MD https://www.doximity.com/pub/britton-west-md
Brooke Gurland, MD https://www.doximity.com/pub/brooke-gurland-md
Brooke Gurland, MD https://www.doximity.com/pub/brooke-gurland-md-01d68971
Brooks Hodnette, MD https://www.doximity.com/pub/brooks-hodnette-md
Bruce Belin, MD https://www.doximity.com/pub/bruce-belin-md
Bruce Graham, MD https://www.doximity.com/pub/bruce-graham-md-edb3a2bb
Bruce Kerner, MD https://www.doximity.com/pub/bruce-kerner-md
Bruce Robb, MD https://www.doximity.com/pub/bruce-robb-md
Bruce Robb, MD https://www.doximity.com/pub/bruce-robb-md-b5d91122
Bruce Wolff, MD https://www.doximity.com/pub/bruce-wolff-md
Bryan Butler, MD https://www.doximity.com/pub/bryan-butler-md
Bryan Cross, MD https://www.doximity.com/pub/bryan-cross-do
Bryan Holcomb, MD https://www.doximity.com/pub/bryan-holcomb-md-139e3d8e
Bryan Kline, MD https://www.doximity.com/pub/bryan-kline-md
Bryan Loh, MD https://www.doximity.com/pub/bryan-loh-md
Bryce Haac, MD https://www.doximity.com/pub/bryce-haac-md
Bryce Murray, MD https://www.doximity.com/pub/bryce-murray-md
Burzeen Karanjawala, MD https://www.doximity.com/pub/burzeen-karanjawala-md
C. Varin, MD https://www.doximity.com/pub/c-varin-md
Caitlyn Costanzo, MD https://www.doximity.com/pub/caitlyn-costanzo-md
Calliandra Hintzen, MD https://www.doximity.com/pub/calliandra-hintzen-md
Calvin Dudley, MD https://www.doximity.com/pub/calvin-dudley-md
Calvin Lyons, MD https://www.doximity.com/pub/calvin-lyons-md-1a330a09
Camille Eyvazzadeh, MD https://www.doximity.com/pub/camille-eyvazzadeh-md
Canaan Baer, MD https://www.doximity.com/pub/canaan-baer-md
Carey Nathan, MD https://www.doximity.com/pub/carey-nathan-md
Carl Dickler, MD https://www.doximity.com/pub/carl-dickler-md
Carla Justiniano, MD https://www.doximity.com/pub/carla-justiniano-md
Carlos Alvarez, MD https://www.doximity.com/pub/carlos-alvarez-md
Carlos Esparza Monzavi, MD https://www.doximity.com/pub/carlos-esparza-monzavi-md
Carlos Glanville Miranda, MD https://www.doximity.com/pub/carlos-glanville-miranda-md
Carlos Jimenez, MD https://www.doximity.com/pub/carlos-jimenez-md
Carlos Manuel San Mateo, MD https://www.doximity.com/pub/carlos-manuel-san-mateo-md
Carlos Morales, MD https://www.doximity.com/pub/carlos-morales-md-a963df91
Carlos Troncoso, MD https://www.doximity.com/pub/carlos-troncoso-md
Carmen Fong, MD https://www.doximity.com/pub/carmen-fong-md
Carmen Ruiz, MD https://www.doximity.com/pub/carmen-ruiz-md
Carolina Martinez, MD https://www.doximity.com/pub/carolina-martinez-md
Caroline Sanchez, MD https://www.doximity.com/pub/caroline-sanchez-md
Carolyn Messere, MD https://www.doximity.com/pub/carolyn-messere-md
Carolyn Million, MD https://www.doximity.com/pub/carolyn-million-md
Carrie Peterson, MD https://www.doximity.com/pub/carrie-peterson-md
Cary Aarons, MD https://www.doximity.com/pub/cary-aarons-md
Cary Gentry, MD https://www.doximity.com/pub/cary-gentry-md
Cathel MacLeod, MD https://www.doximity.com/pub/cathel-macleod-md
Cecilia Natalia Birisan, MD https://www.doximity.com/pub/cecilia-natalia-birisan-md
Cedrek McFadden, MD https://www.doximity.com/pub/cedrek-mcfadden-md
Celeste Kang, MD https://www.doximity.com/pub/celeste-kang-md
Cesar Sanz, MD https://www.doximity.com/pub/cesar-sanz-md
Cesare Peraglie, MD https://www.doximity.com/pub/cesare-peraglie-md
Chad Lewis, MD https://www.doximity.com/pub/chad-lewis-md
Chady Atallah, MD https://www.doximity.com/pub/chady-atallah-md
Chairat Chomchai, MD https://www.doximity.com/pub/chairat-chomchai-md
Chandrakant Shah, MD https://www.doximity.com/pub/chandrakant-shah-md
Charles Acher, MD https://www.doximity.com/pub/charles-acher-md-06ce8382
Charles Baldi, MD https://www.doximity.com/pub/charles-baldi-md
Charles Bundy, MD https://www.doximity.com/pub/charles-bundy-md
Charles Cooper, MD https://www.doximity.com/pub/charles-cooper-md-6b5722b1
Charles Crocker, MD https://www.doximity.com/pub/charles-crocker-md
Charles Eisengart, MD https://www.doximity.com/pub/charles-eisengart-md
Charles Frankum, MD https://www.doximity.com/pub/charles-frankum-md
Charles Friel, MD https://www.doximity.com/pub/charles-friel-md
Charles Headrick, MD https://www.doximity.com/pub/charles-headrick-md
Charles Hughes, MD https://www.doximity.com/pub/charles-hughes-md
Charles Lago, MD https://www.doximity.com/pub/charles-lago-md
Charles Littlejohn, MD https://www.doximity.com/pub/charles-littlejohn-md
Charles Morrison, MD https://www.doximity.com/pub/charles-morrison-md-3ec6c8ac
Charles Papp, MD https://www.doximity.com/pub/charles-papp-md
Charles Simonton, MD https://www.doximity.com/pub/charles-simonton-md-37e8
Charles Taylor, MD https://www.doximity.com/pub/charles-taylor-md-9ab47d49
Charles Ternent, MD https://www.doximity.com/pub/charles-ternent-md
Charles Whitlow, MD https://www.doximity.com/pub/charles-whitlow-md
Che Song Park, MD https://www.doximity.com/pub/che-song-park-md
Chen-Sien Hu, MD https://www.doximity.com/pub/chen-sien-hu-md
Chih Shieh, MD https://www.doximity.com/pub/chih-shieh-md
Ching-Fong Wu, MD https://www.doximity.com/pub/ching-fong-wu-do
Chitra Sambasivan, MD https://www.doximity.com/pub/chitra-sambasivan-md
Chong Lee, MD https://www.doximity.com/pub/chong-lee-md-7c22
Chris Davis, MD https://www.doximity.com/pub/chris-davis-md
Christen Leblanc, MD https://www.doximity.com/pub/christen-leblanc-md
Christian Corwin, MD https://www.doximity.com/pub/christian-corwin-md
Christian Hirsch, MD https://www.doximity.com/pub/christian-hirsch-md
Christian Oraedu, MD https://www.doximity.com/pub/christian-oraedu-md
Christian Zalai, MD https://www.doximity.com/pub/christian-zalai-md
Christie Harp, MD https://www.doximity.com/pub/christie-harp-do
Christina Cellini, MD https://www.doximity.com/pub/christina-cellini-md
Christina Cheng, MD https://www.doximity.com/pub/christina-cheng-md-113b2751
Christina Czyrko, MD https://www.doximity.com/pub/christina-czyrko-md
Christina Jenkins, MD https://www.doximity.com/pub/christina-jenkins-md-4b2eae6d
Christina Seo, MD https://www.doximity.com/pub/christina-seo-md
Christine Bouchard, MD https://www.doximity.com/pub/christine-bouchard-md
Christine Choi, MD https://www.doximity.com/pub/christine-choi-md-a5609b64
Christine Hsieh, MD https://www.doximity.com/pub/christine-hsieh-md-54662a19
Christine Jensen, MD https://www.doximity.com/pub/christine-jensen-md-37e9daf1
Christine Nembhard, MD https://www.doximity.com/pub/christine-nembhard-md
Christine Schad, MD https://www.doximity.com/pub/christine-schad-md
Christopher Bruce, MD https://www.doximity.com/pub/christopher-bruce-md
Christopher Buzas, MD https://www.doximity.com/pub/christopher-buzas-do-2b66
Christopher Chow, MD https://www.doximity.com/pub/christopher-chow-md-1087
Christopher De Jesus, MD https://www.doximity.com/pub/christopher-de-jesus-md
Christopher Dwyer, MD https://www.doximity.com/pub/christopher-dwyer-md
Christopher Elliott, MD https://www.doximity.com/pub/christopher-elliott-md-d950a00c
Christopher Foglia, MD https://www.doximity.com/pub/christopher-foglia-md
Christopher Jordan, MD https://www.doximity.com/pub/christopher-jordan-md-73e0c920
Christopher Longaker, MD https://www.doximity.com/pub/christopher-longaker-md
Christopher Mantyh, MD https://www.doximity.com/pub/christopher-mantyh-md
Christopher Mascarenhas, MD https://www.doximity.com/pub/christopher-mascarenhas-md
Christopher Petty, MD https://www.doximity.com/pub/christopher-petty-md
Christopher Taylor, MD https://www.doximity.com/pub/christopher-taylor-md-445cce8b
Christopher White, MD https://www.doximity.com/pub/christopher-white-md-27e06206
Christopher Young, MD https://www.doximity.com/pub/christopher-young-md-479c74ad
Christy Cauley, MD https://www.doximity.com/pub/christy-cauley-md
Chukwuma Anyadike, MD https://www.doximity.com/pub/chukwuma-anyadike-md
Chun-Nan Chen, MD https://www.doximity.com/pub/chun-nan-chen-md
ChunHin Angus Lee, MD https://www.doximity.com/pub/chunhin-angus-lee-md
Cici Zhang, MD https://www.doximity.com/pub/cici-zhang-md
Cindy Kin, MD https://www.doximity.com/pub/cindy-kin-md
Cindy Wu, MD https://www.doximity.com/pub/cindy-wu-md-acfcdc20
Claire Peeples, MD https://www.doximity.com/pub/claire-peeples-md
Clarence Hixon, MD https://www.doximity.com/pub/clarence-hixon-md
Clarence Sakai, MD https://www.doximity.com/pub/clarence-sakai-md
Clark Kardys, MD https://www.doximity.com/pub/clark-kardys-md
Claudia Hriesik, MD https://www.doximity.com/pub/claudia-hriesik-md
Clay Merritt, MD https://www.doximity.com/pub/clay-merritt-do
Clifford Ko, MD https://www.doximity.com/pub/clifford-ko-md
Clifford Simmang, MD https://www.doximity.com/pub/clifford-simmang-md
Clifton Cox, MD https://www.doximity.com/pub/clifton-cox-md
Clyde Ellis, MD https://www.doximity.com/pub/clyde-ellis-md
Coen Klos, MD https://www.doximity.com/pub/coen-klos-md
Coen Klos, MD https://www.doximity.com/pub/coen-klos-md-755ceb13
Colin Bird, MD https://www.doximity.com/pub/colin-bird-md
Colleen Donahue, MD https://www.doximity.com/pub/colleen-donahue-md
Connie Keung, MD https://www.doximity.com/pub/connie-keung-md
Connie Pennington, MD https://www.doximity.com/pub/connie-pennington-md
Constante Avecilla, MD https://www.doximity.com/pub/constante-avecilla-md
Cory Barrat, MD https://www.doximity.com/pub/cory-barrat-md
Craig Brown, MD https://www.doximity.com/pub/craig-brown-md-269cacdc
Craig Collins, MD https://www.doximity.com/pub/craig-collins-md-ba402bf1
Craig Foley, MD https://www.doximity.com/pub/craig-foley-md
Craig Johnson, MD https://www.doximity.com/pub/craig-johnson-md-52028bcb
Craig Messick, MD https://www.doximity.com/pub/craig-messick-md
Craig Olson, MD https://www.doximity.com/pub/craig-olson-md-7d8ddb4d
Craig Reickert, MD https://www.doximity.com/pub/craig-reickert-md
Craig Rezac, MD https://www.doximity.com/pub/craig-rezac-md
Crawford Smith, MD https://www.doximity.com/pub/crawford-smith-md
Cristan Anderson, MD https://www.doximity.com/pub/cristan-anderson-md
Cristin Opreanu, MD https://www.doximity.com/pub/cristin-opreanu-md
Cristina Harnsberger, MD https://www.doximity.com/pub/cristina-harnsberger-md
Crystal Koerner, MD https://www.doximity.com/pub/crystal-koerner-md
Cybil Corning, MD https://www.doximity.com/pub/cybil-corning-md
Cyril Chrabot, MD https://www.doximity.com/pub/cyril-chrabot-md
Cyrus Jahansouz, MD https://www.doximity.com/pub/cyrus-jahansouz-md
Daine Bennett, MD https://www.doximity.com/pub/daine-bennett-md-6a674de3
Dakota Thompson, MD https://www.doximity.com/pub/dakota-thompson-md
Dale Burleson, MD https://www.doximity.com/pub/dale-burleson-md
Dale Syverson, MD https://www.doximity.com/pub/dale-syverson-md
Dan Enger-Ruiz, MD https://www.doximity.com/pub/dan-enger-ruiz-md
Dan Geisler, MD https://www.doximity.com/pub/dan-geisler-md-55a574ec
Dan Metcalf, MD https://www.doximity.com/pub/dan-metcalf-md
Dana Hayden, MD https://www.doximity.com/pub/dana-hayden-md
Dana Sands, MD https://www.doximity.com/pub/dana-sands-md
Danica Giugliano, MD https://www.doximity.com/pub/danica-giugliano-md
Daniel Bowers, MD https://www.doximity.com/pub/daniel-bowers-md-60ec
Daniel Chu, MD https://www.doximity.com/pub/daniel-chu-md
Daniel Coffey, MD https://www.doximity.com/pub/daniel-coffey-md
Daniel DeLahunta, MD https://www.doximity.com/pub/daniel-delahunta-md
Daniel Eyvazzadeh, MD https://www.doximity.com/pub/daniel-eyvazzadeh-md
Daniel Feingold, MD https://www.doximity.com/pub/daniel-feingold-md
Daniel Fish, MD https://www.doximity.com/pub/daniel-fish-md-b8a7c02d
Daniel Froese, MD https://www.doximity.com/pub/daniel-froese-md
Daniel Galante, MD https://www.doximity.com/pub/daniel-galante-do
Daniel Geisler, MD https://www.doximity.com/pub/daniel-geisler-md
Daniel Gingold, MD https://www.doximity.com/pub/daniel-gingold-md
Daniel Goldman, MD https://www.doximity.com/pub/daniel-goldman-md-33f619a8
Daniel H. Hunt, MD https://www.doximity.com/pub/daniel-h-hunt-md
Daniel Herzig, MD https://www.doximity.com/pub/daniel-herzig-md
Daniel Howell, MD https://www.doximity.com/pub/daniel-howell-md
Daniel Klaristenfeld, MD https://www.doximity.com/pub/daniel-klaristenfeld-md
Daniel Latta, MD https://www.doximity.com/pub/daniel-latta-md
Daniel Lavy, MD https://www.doximity.com/pub/daniel-lavy-md
Daniel Leberer, MD https://www.doximity.com/pub/daniel-leberer-md
Daniel Meikle, MD https://www.doximity.com/pub/daniel-meikle-md
Daniel Mirelman, MD https://www.doximity.com/pub/daniel-mirelman-md
Daniel Mistrot, MD https://www.doximity.com/pub/daniel-mistrot-md
Daniel Mullins, MD https://www.doximity.com/pub/daniel-mullins-md
Daniel Ng, MD https://www.doximity.com/pub/daniel-ng-md-0a253fc1
Daniel Otchy, MD https://www.doximity.com/pub/daniel-otchy-md
Daniel Popowich, MD https://www.doximity.com/pub/daniel-popowich-md
Daniel Rossi, MD https://www.doximity.com/pub/daniel-rossi-do
Daniel Sarmiento Garzon, MD https://www.doximity.com/pub/daniel-sarmiento-garzon-md
Daniel Wandrey, MD https://www.doximity.com/pub/daniel-wandrey-md
Daniel Young, MD https://www.doximity.com/pub/daniel-young-md-953aa194
Danielle Kay, MD https://www.doximity.com/pub/danielle-kay-md
Danielle Pickham, MD https://www.doximity.com/pub/danielle-pickham-md
Dara Christante, MD https://www.doximity.com/pub/dara-christante-md
Darcy Shaw, MD https://www.doximity.com/pub/darcy-shaw-md
Darell Covington, MD https://www.doximity.com/pub/darell-covington-md
Darin Green, MD https://www.doximity.com/pub/darin-green-do
Darren Koppel, MD https://www.doximity.com/pub/darren-koppel-md
Darren Pollock, MD https://www.doximity.com/pub/darren-pollock-md
Darryl Fernandes, MD https://www.doximity.com/pub/darryl-fernandes-md
Dat Nguyen, MD https://www.doximity.com/pub/dat-nguyen-md-1d867218
David Armstrong, MD https://www.doximity.com/pub/david-armstrong-md
David Beck, MD https://www.doximity.com/pub/david-beck-md-8ee80e5c
David Becker, MD https://www.doximity.com/pub/david-becker-md-189563d2
David Berg, MD https://www.doximity.com/pub/david-berg-md-543d
David Bitar, MD https://www.doximity.com/pub/david-bitar-md
David Blumberg, MD https://www.doximity.com/pub/david-blumberg-md-7d1264b4
David Bonnheim, MD https://www.doximity.com/pub/david-bonnheim-md
David Bub, MD https://www.doximity.com/pub/david-bub-md
David Cherry, MD https://www.doximity.com/pub/david-cherry-md
David Chessin, MD https://www.doximity.com/pub/david-chessin-md
David Croasdale, MD https://www.doximity.com/pub/david-croasdale-md
David Dietz, MD https://www.doximity.com/pub/david-dietz-md
David Disbrow, MD https://www.doximity.com/pub/david-disbrow-md
David Dunch, MD https://www.doximity.com/pub/david-dunch-md
David Etzioni, MD https://www.doximity.com/pub/david-etzioni-md
David Fang, MD https://www.doximity.com/pub/david-fang-md-3fa908c9
David Faulk, MD https://www.doximity.com/pub/david-faulk-md
David Fleeger, MD https://www.doximity.com/pub/david-fleeger-md
David Giammar, MD https://www.doximity.com/pub/david-giammar-md
David Gibbs, MD https://www.doximity.com/pub/david-gibbs-md-a2be
David Harrison, MD https://www.doximity.com/pub/david-harrison-do/3
David Hiller, MD https://www.doximity.com/pub/david-hiller-md-69c1a517
David Hochman, MD https://www.doximity.com/pub/david-hochman-md
David Hong, MD https://www.doximity.com/pub/david-hong-do
David Kleiman, MD https://www.doximity.com/pub/david-kleiman-md-a3ff
David Kurtz, MD https://www.doximity.com/pub/david-kurtz-md-d907821e
David Larson, MD https://www.doximity.com/pub/david-larson-md
David Larson, MD https://www.doximity.com/pub/david-larson-md-eef557ed
David Lawrence, MD https://www.doximity.com/pub/david-lawrence-md-029467fb
David Lin, MD https://www.doximity.com/pub/david-lin-md-3bb05349
David Liska, MD https://www.doximity.com/pub/david-liska-md
David Lisle, MD https://www.doximity.com/pub/david-lisle-md-5dbaf2a3
David Longcope, MD https://www.doximity.com/pub/david-longcope-md
David Ma, MD https://www.doximity.com/pub/david-ma-md
David Magee, MD https://www.doximity.com/pub/david-magee-md-4c6a
David Magner, MD https://www.doximity.com/pub/david-magner-md
David Maron, MD https://www.doximity.com/pub/david-maron-md
David Mason, MD https://www.doximity.com/pub/david-mason-md-30a99d02
David McKeown, MD https://www.doximity.com/pub/david-mckeown-md
David Medich, MD https://www.doximity.com/pub/david-medich-md
David Meese, MD https://www.doximity.com/pub/david-meese-md
David Miller, MD https://www.doximity.com/pub/david-miller-md-35b3e2fa
David Miller, MD https://www.doximity.com/pub/david-miller-md-adbf94ec
David Nelms, MD https://www.doximity.com/pub/david-nelms-md
David Nesbitt, MD https://www.doximity.com/pub/david-nesbitt-md
David O'Brien, MD https://www.doximity.com/pub/david-o-brien-md-7f9b
David Ondrula, MD https://www.doximity.com/pub/david-ondrula-md
David Orcutt, MD https://www.doximity.com/pub/david-orcutt-md
David Palange, MD https://www.doximity.com/pub/david-palange-do
David Parsons, MD https://www.doximity.com/pub/david-parsons-md-757acd61
David Piazza, MD https://www.doximity.com/pub/david-piazza-md
David Pita, MD https://www.doximity.com/pub/david-pita-md
David Reed, MD https://www.doximity.com/pub/david-reed-do
David Rivera, MD https://www.doximity.com/pub/david-rivera-md-8b835d62
David Rodriguez, MD https://www.doximity.com/pub/david-rodriguez-md-5d2e0baf
David Rosen, MD https://www.doximity.com/pub/david-rosen-md-0b8b0036
David Rosenfeld, MD https://www.doximity.com/pub/david-rosenfeld-md-93f1
David Rothenberger, MD https://www.doximity.com/pub/david-rothenberger-md
David Row, MD https://www.doximity.com/pub/david-row-md
David Schaffzin, MD https://www.doximity.com/pub/david-schaffzin-md
David Schoetz, MD https://www.doximity.com/pub/david-schoetz-md
David Schuval, MD https://www.doximity.com/pub/david-schuval-md
David Schwartzberg, MD https://www.doximity.com/pub/david-schwartzberg-md
David Stein, MD https://www.doximity.com/pub/david-stein-md-59dc83c1
David Stewart, MD https://www.doximity.com/pub/david-stewart-md-d490168a
David Svetich, MD https://www.doximity.com/pub/david-svetich-md
David Thompson, MD https://www.doximity.com/pub/david-thompson-md-92b7
David Wang, MD https://www.doximity.com/pub/david-wang-md-94ab42e1
David Welling, MD https://www.doximity.com/pub/david-welling-md
David Willis, MD https://www.doximity.com/pub/david-willis-md-6a2af03d
David Zhang, MD https://www.doximity.com/pub/david-zhang-md-e55fa9a6
Dean Adams, MD https://www.doximity.com/pub/dean-adams-md
Dean Pappas, MD https://www.doximity.com/pub/dean-pappas-md-44892a91
Dean Pro Smith, MD https://www.doximity.com/pub/dean-pro-smith-md
Deane Smith, MD https://www.doximity.com/pub/deane-smith-md
Deba Sarma, MD https://www.doximity.com/pub/deba-sarma-md-8cd1b5a3
Debbie Bakes, MD https://www.doximity.com/pub/debbie-bakes-md
Debbie Li, MD https://www.doximity.com/pub/debbie-li-md
Deborah Demarta, MD https://www.doximity.com/pub/deborah-demarta-md
Deborah Keller, MD https://www.doximity.com/pub/deborah-keller-md
Deborah Meesig, MD https://www.doximity.com/pub/deborah-meesig-md
Deborah Nagle, MD https://www.doximity.com/pub/deborah-nagle-md
Deborah Schnipper, MD https://www.doximity.com/pub/deborah-schnipper-md
Debra Ford, MD https://www.doximity.com/pub/debra-ford-md
Debra Tarantino, MD https://www.doximity.com/pub/debra-tarantino-md
Deepa Taggarshe, MD https://www.doximity.com/pub/deepa-taggarshe-md
Deepak Kumar, MD https://www.doximity.com/pub/deepak-kumar-md
Deepak Patel, MD https://www.doximity.com/pub/deepak-patel-md-66730805
Delcasse Joseph, MD https://www.doximity.com/pub/delcasse-joseph-md
Dena Nasir, MD https://www.doximity.com/pub/dena-nasir-md
Dennis Begos, MD https://www.doximity.com/pub/dennis-begos-md
Dennis Choat, MD https://www.doximity.com/pub/dennis-choat-md
Dennis Choat, MD https://www.doximity.com/pub/dennis-choat-md-48dbbf3e
Dennis Fried, MD https://www.doximity.com/pub/dennis-fried-md
Denny Tang, MD https://www.doximity.com/pub/denny-tang-md
Devan Schlund, MD https://www.doximity.com/pub/devan-schlund-md
Devan Schlund, MD https://www.doximity.com/pub/devan-schlund-md-6f266b60
Devi Mukkai Krishnamurty, MD https://www.doximity.com/pub/devi-mukkai-krishnamurty-md
Dhruvil Gandhi, MD https://www.doximity.com/pub/dhruvil-gandhi-md
Dhruvil Gandhi, MD https://www.doximity.com/pub/dhruvil-gandhi-md-6590afb8
Diana Davio, MD https://www.doximity.com/pub/diana-davio-md
Diego Marines Copado, MD https://www.doximity.com/pub/diego-marines-copado-md
Dimitra Theodoropoulos, MD https://www.doximity.com/pub/dimitra-theodoropoulos-md
Dipen Maun, MD https://www.doximity.com/pub/dipen-maun-md
Dolford Payne,Jr, MD https://www.doximity.com/pub/dolford-payne-jr-md
Domingo Galliano, MD https://www.doximity.com/pub/domingo-galliano-md
Dominick Trivisonno, MD https://www.doximity.com/pub/dominick-trivisonno-md
Dominykas Burneikis, MD https://www.doximity.com/pub/dominykas-burneikis-md
Don Maunz, MD https://www.doximity.com/pub/don-maunz-md
Donald Barkel, MD https://www.doximity.com/pub/donald-barkel-md
Donald Colvin, MD https://www.doximity.com/pub/donald-colvin-md
Donald McCanse, MD https://www.doximity.com/pub/donald-mccanse-md-9e4a73e7
Donald Summers, MD https://www.doximity.com/pub/donald-summers-md
Dong Hwang, MD https://www.doximity.com/pub/dong-hwang-md
Dong Kim, MD https://www.doximity.com/pub/dong-kim-md-466f108b
Dong Yoon, MD https://www.doximity.com/pub/dong-yoon-md
Doreen Jackson, MD https://www.doximity.com/pub/doreen-jackson-md
Dorin Colibaseanu, MD https://www.doximity.com/pub/dorin-colibaseanu-md
Douglas Benson, MD https://www.doximity.com/pub/douglas-benson-md-743d781b
Douglas Berglund, MD https://www.doximity.com/pub/douglas-berglund-md
Douglas Brewer, MD https://www.doximity.com/pub/douglas-brewer-md
Douglas Held, MD https://www.doximity.com/pub/douglas-held-md
Douglas Khoury, MD https://www.doximity.com/pub/douglas-khoury-md
Douglas Murken, MD https://www.doximity.com/pub/douglas-murken-md
Douglas Rosen, MD https://www.doximity.com/pub/douglas-rosen-md-8016c913
Douglas Yoder, MD https://www.doximity.com/pub/douglas-yoder-md
Drew Gunnells, MD https://www.doximity.com/pub/drew-gunnells-md-86c8004a
Duc Vo, MD https://www.doximity.com/pub/duc-vo-md
Dwight Landmann, MD https://www.doximity.com/pub/dwight-landmann-md
Earl Thompson, MD https://www.doximity.com/pub/earl-thompson-md
Eben Strobos, MD https://www.doximity.com/pub/eben-strobos-md
Ebram Salama, MD https://www.doximity.com/pub/ebram-salama-md
Ed Itawi, MD https://www.doximity.com/pub/ed-itawi-md
Edmond O'Neill, MD https://www.doximity.com/pub/edmond-o-neill-md
Eduardo Castillo, MD https://www.doximity.com/pub/eduardo-castillo-md-c53d
Eduardo Krajewski, MD https://www.doximity.com/pub/eduardo-krajewski-md
Eduardo Parra-Davila, MD https://www.doximity.com/pub/eduardo-parra-davila-md
Eduardo Velayos, MD https://www.doximity.com/pub/eduardo-velayos-md
Edward Delle Donne, MD https://www.doximity.com/pub/edward-delle-donne-md
Edward Eyring, MD https://www.doximity.com/pub/edward-eyring-md
Edward Franko, MD https://www.doximity.com/pub/edward-franko-md
Edward Glennon, MD https://www.doximity.com/pub/edward-glennon-md
Edward Helm, MD https://www.doximity.com/pub/edward-helm-md
Edward Jakubs, MD https://www.doximity.com/pub/edward-jakubs-md
Edward Kim, MD https://www.doximity.com/pub/edward-kim-md-b94d628e
Edward Lee, MD https://www.doximity.com/pub/edward-lee-md-d8dbddea
Edward Stehouwer, MD https://www.doximity.com/pub/edward-stehouwer-md
Edward Stringer, MD https://www.doximity.com/pub/edward-stringer-md
Edwin Empaynado, MD https://www.doximity.com/pub/edwin-empaynado-md
Edwin Itenberg, MD https://www.doximity.com/pub/edwin-itenberg-do
Edwin Shuck, MD https://www.doximity.com/pub/edwin-shuck-md
Eilynn Sipe, MD https://www.doximity.com/pub/eilynn-sipe-md
Eleanor Faul, MD https://www.doximity.com/pub/eleanor-faul-md
Elena Boland, MD https://www.doximity.com/pub/elena-boland-md
Elena Vikis, MD https://www.doximity.com/pub/elena-vikis-md
Elie Schochet, MD https://www.doximity.com/pub/elie-schochet-md
Elie Sutton, MD https://www.doximity.com/pub/elie-sutton-md
Elisa Bianchi, MD https://www.doximity.com/pub/elisa-bianchi-md
Elisa Birnbaum, MD https://www.doximity.com/pub/elisa-birnbaum-md
Elisabeth McLemore, MD https://www.doximity.com/pub/elisabeth-mclemore-md
Elise Lawson, MD https://www.doximity.com/pub/elise-lawson-md
Elizabeth Arcila, MD https://www.doximity.com/pub/elizabeth-arcila-md
Elizabeth Breen, MD https://www.doximity.com/pub/elizabeth-breen-md
Elizabeth Cirincione, MD https://www.doximity.com/pub/elizabeth-cirincione-md
Elizabeth McConnell, MD https://www.doximity.com/pub/elizabeth-mcconnell-md
Elizabeth McKeown, MD https://www.doximity.com/pub/elizabeth-mckeown-md
Elizabeth Myers, MD https://www.doximity.com/pub/elizabeth-myers-do
Elizabeth Price, MD https://www.doximity.com/pub/elizabeth-price-do-9903173f
Elizabeth Raskin, MD https://www.doximity.com/pub/elizabeth-raskin-md-02fb79eb
Elizabeth Wick, MD https://www.doximity.com/pub/elizabeth-wick-md
Elizabeth Wick, MD https://www.doximity.com/pub/elizabeth-wick-md-4d01ce82
Elizabeth Wietfeldt, MD https://www.doximity.com/pub/elizabeth-wietfeldt-md
Elizabeth Wood, MD https://www.doximity.com/pub/elizabeth-wood-md-43b36036
Elle Kalbfell, MD https://www.doximity.com/pub/elle-kalbfell-md
Ellen Bailey, MD https://www.doximity.com/pub/ellen-bailey-md
Elliot Arsoniadis, MD https://www.doximity.com/pub/elliot-arsoniadis-md
Elliot Prager, MD https://www.doximity.com/pub/elliot-prager-md
Elyse Bevier-Rawls, MD https://www.doximity.com/pub/elyse-bevier-rawls-md
Emanuela Silva Alvarenga, MD https://www.doximity.com/pub/emanuela-silva-alvarenga-md
Emer O'connell, MD https://www.doximity.com/pub/emer-o-connell-md
Emilio Mignanelli, MD https://www.doximity.com/pub/emilio-mignanelli-md
Emily Bubbers, MD https://www.doximity.com/pub/emily-bubbers-md
Emily Chan, MD https://www.doximity.com/pub/emily-chan-md-8d7a13ac
Emily Finlayson, MD https://www.doximity.com/pub/emily-finlayson-md
Emily Groves, MD https://www.doximity.com/pub/emily-groves-md
Emily Huang, MD https://www.doximity.com/pub/emily-huang-md
Emily Midura, MD https://www.doximity.com/pub/emily-midura-md-b2b2c43f
Emily Miraflor, MD https://www.doximity.com/pub/emily-miraflor-md
Emily Paulson, MD https://www.doximity.com/pub/emily-paulson-md
Emily Rinebold, MD https://www.doximity.com/pub/emily-rinebold-md
Emily Rivet, MD https://www.doximity.com/pub/emily-rivet-md
Emily Steinhagen, MD https://www.doximity.com/pub/emily-steinhagen-md
Emina Huang, MD https://www.doximity.com/pub/emina-huang-md
Emmanouil Pappou, MD https://www.doximity.com/pub/emmanouil-pappou-md
Emmanuel Balcos, MD https://www.doximity.com/pub/emmanuel-balcos-md
Eric Bass, MD https://www.doximity.com/pub/eric-bass-md
Eric Changchien, MD https://www.doximity.com/pub/eric-changchien-md
Eric Dozois, MD https://www.doximity.com/pub/eric-dozois-md
Eric Duberman, MD https://www.doximity.com/pub/eric-duberman-md
Eric Girard, MD https://www.doximity.com/pub/eric-girard-md
Eric Haas, MD https://www.doximity.com/pub/eric-haas-md
Eric Lederman, MD https://www.doximity.com/pub/eric-lederman-md
Eric Marderstein, MD https://www.doximity.com/pub/eric-marderstein-md
Eric Nelson, MD https://www.doximity.com/pub/eric-nelson-md-810c
Eric Rolfsmeyer, MD https://www.doximity.com/pub/eric-rolfsmeyer-md
Eric Romanucci, MD https://www.doximity.com/pub/eric-romanucci-md
Eric Weiss, MD https://www.doximity.com/pub/eric-weiss-md
Erica Laipply, MD https://www.doximity.com/pub/erica-laipply-md
Erica Pettke, MD https://www.doximity.com/pub/erica-pettke-md
Erica Sneider, MD https://www.doximity.com/pub/erica-sneider-md
Erich Bruhn, MD https://www.doximity.com/pub/erich-bruhn-md
Erik Askenasy, MD https://www.doximity.com/pub/erik-askenasy-md
Erik Fetner, MD https://www.doximity.com/pub/erik-fetner-md
Erik Grossmann, MD https://www.doximity.com/pub/erik-grossmann-md
Erik Johnson, MD https://www.doximity.com/pub/erik-johnson-md-257b712d
Erik Noren, MD https://www.doximity.com/pub/erik-noren-md
Erin King-Mullins, MD https://www.doximity.com/pub/erin-king-mullins-md
Erin Lange, MD https://www.doximity.com/pub/erin-lange-md
Erin Teeple, MD https://www.doximity.com/pub/erin-teeple-md
Ernest Graves, MD https://www.doximity.com/pub/ernest-graves-md
Ernest Max, MD https://www.doximity.com/pub/ernest-max-md
Ernestine Hambrick, MD https://www.doximity.com/pub/ernestine-hambrick-md
Ernesto Drelichman, MD https://www.doximity.com/pub/ernesto-drelichman-md
espresso md1, MD https://www.doximity.com/pub/espresso-md1-md
Esther Cha, MD https://www.doximity.com/pub/esther-cha-md
Eugene Foley, MD https://www.doximity.com/pub/eugene-foley-md
Eugene Hughes, MD https://www.doximity.com/pub/eugene-hughes-md
Eugene Kim, MD https://www.doximity.com/pub/eugene-kim-md-c5e28217
Evan Buckingham, MD https://www.doximity.com/pub/evan-buckingham-md
Evan Feldman, MD https://www.doximity.com/pub/evan-feldman-md
Evan Fitz, MD https://www.doximity.com/pub/evan-fitz-md
Evan Krakovitz, MD https://www.doximity.com/pub/evan-krakovitz-md
Evangelos Messaris, MD https://www.doximity.com/pub/evangelos-messaris-md
Evelyn Irizarry, MD https://www.doximity.com/pub/evelyn-irizarry-md
Evie Carchman, MD https://www.doximity.com/pub/evie-carchman-md
Eytan Irwin, MD https://www.doximity.com/pub/eytan-irwin-md
Fabian Grass, MD https://www.doximity.com/pub/fabian-grass-md
Fadi Attiyeh, MD https://www.doximity.com/pub/fadi-attiyeh-md
Fadwa Ali, MD https://www.doximity.com/pub/fadwa-ali-md
Farouk Tootla, MD https://www.doximity.com/pub/farouk-tootla-md
Farrell Adkins, MD https://www.doximity.com/pub/farrell-adkins-md
Farshad Abir, MD https://www.doximity.com/pub/farshad-abir-md
Farshad Mansouri, MD https://www.doximity.com/pub/farshad-mansouri-md
Farshid Araghizadeh, MD https://www.doximity.com/pub/farshid-araghizadeh-md-3440ce76
Fergal Fleming, MD https://www.doximity.com/pub/fergal-fleming-md
Fernando Martinez-Colon, MD https://www.doximity.com/pub/fernando-martinez-colon-md
Feza Remzi, MD https://www.doximity.com/pub/feza-remzi-md
Fia Yi, MD https://www.doximity.com/pub/fia-yi-md
Fiona Gaunay, MD https://www.doximity.com/pub/fiona-gaunay-md
Floriano Marchetti, MD https://www.doximity.com/pub/floriano-marchetti-md
Floyd Odom, MD https://www.doximity.com/pub/floyd-odom-md
Formosa Chen, MD https://www.doximity.com/pub/formosa-chen-md
Formosa Chen, MD https://www.doximity.com/pub/formosa-chen-md-ebc8c8dc
Frances Puleo, MD https://www.doximity.com/pub/frances-puleo-md
Francesco Grasso, MD https://www.doximity.com/pub/francesco-grasso-md
Francis Chrzanowski, MD https://www.doximity.com/pub/francis-chrzanowski-md
Francis Fallon, MD https://www.doximity.com/pub/francis-fallon-md
Francis Harford, MD https://www.doximity.com/pub/francis-harford-md
Francisco Quinteros, MD https://www.doximity.com/pub/francisco-quinteros-md
Francois Dagbert, MD https://www.doximity.com/pub/francois-dagbert-md
Frank Caliendo, MD https://www.doximity.com/pub/frank-caliendo-md
Frank Carter, MD https://www.doximity.com/pub/frank-carter-md
Frank Healey, MD https://www.doximity.com/pub/frank-healey-md
Frank Hodnette, MD https://www.doximity.com/pub/frank-hodnette-md
Frank Lacqua, MD https://www.doximity.com/pub/frank-lacqua-md
Frank Rutigliano, MD https://www.doximity.com/pub/frank-rutigliano-md
Frank Sconzo, MD https://www.doximity.com/pub/frank-sconzo-md
Frank Sheppard, MD https://www.doximity.com/pub/frank-sheppard-md
Frank Wessels, MD https://www.doximity.com/pub/frank-wessels-md
Fred Boehmke, MD https://www.doximity.com/pub/fred-boehmke-md
Frederic Nemer, MD https://www.doximity.com/pub/frederic-nemer-md
Frederick Denstman, MD https://www.doximity.com/pub/frederick-denstman-md
Frederick Herman, MD https://www.doximity.com/pub/frederick-herman-md
Frederick Lane, MD https://www.doximity.com/pub/frederick-lane-md
Frederick Slezak, MD https://www.doximity.com/pub/frederick-slezak-md
Fuad Turfah, MD https://www.doximity.com/pub/fuad-turfah-md
Gabor Sovenyhazy, MD https://www.doximity.com/pub/gabor-sovenyhazy-md
Gabriel Chedister, MD https://www.doximity.com/pub/gabriel-chedister-md
Gabriel Peal, MD https://www.doximity.com/pub/gabriel-peal-md
Gabriela Poles, MD https://www.doximity.com/pub/gabriela-poles-md
Gabriela Vargas, MD https://www.doximity.com/pub/gabriela-vargas-md
Gail Salganick-Erfani, MD https://www.doximity.com/pub/gail-salganick-erfani-md
Ganesh Deshmukh, MD https://www.doximity.com/pub/ganesh-deshmukh-md
Gareth McGee, MD https://www.doximity.com/pub/gareth-mcgee-do
Garner Johnson, MD https://www.doximity.com/pub/garner-johnson-md
Garnet Jean Blatchford, MD https://www.doximity.com/pub/garnet-jean-blatchford-md
Garrett Friedman, MD https://www.doximity.com/pub/garrett-friedman-md
Garrett Nash, MD https://www.doximity.com/pub/garrett-nash-md
Garrett Shackleton, MD https://www.doximity.com/pub/garrett-shackleton-md
Garth Ballantyne, MD https://www.doximity.com/pub/garth-ballantyne-md
Gary Skakun, MD https://www.doximity.com/pub/gary-skakun-md
Gautham Chitragari, MD https://www.doximity.com/pub/gautham-chitragari-md
Gavin Sigle, MD https://www.doximity.com/pub/gavin-sigle-md
Gavin Sigle, MD https://www.doximity.com/pub/gavin-sigle-md-8b6b2fb8
Gayla Royer, MD https://www.doximity.com/pub/gayla-royer-md
Gene Syn, MD https://www.doximity.com/pub/gene-syn-md
Genevieve Melton-Meaux, MD https://www.doximity.com/pub/genevieve-melton-meaux-md
Gennaro Daniels, MD https://www.doximity.com/pub/gennaro-daniels-md
Gennaro Labella, MD https://www.doximity.com/pub/gennaro-labella-md
Gentry Caton, MD https://www.doximity.com/pub/gentry-caton-md
George Angelos, MD https://www.doximity.com/pub/george-angelos-md
George Apostolides, MD https://www.doximity.com/pub/george-apostolides-md
George Apostolides, MD https://www.doximity.com/pub/george-apostolides-md-ebec9d94
George Belzer, MD https://www.doximity.com/pub/george-belzer-md
George Berndt, MD https://www.doximity.com/pub/george-berndt-md
George Blestel, MD https://www.doximity.com/pub/george-blestel-md
George Chang, MD https://www.doximity.com/pub/george-chang-md-7bd271d5
George Filos, MD https://www.doximity.com/pub/george-filos-md
George Filosa, MD https://www.doximity.com/pub/george-filosa-md
George Lisehora, MD https://www.doximity.com/pub/george-lisehora-md
George Moro, MD https://www.doximity.com/pub/george-moro-md
George Nassif, MD https://www.doximity.com/pub/george-nassif-do
George Tchirkow, MD https://www.doximity.com/pub/george-tchirkow-md
George Yavorek, MD https://www.doximity.com/pub/george-yavorek-md
George Zainea, MD https://www.doximity.com/pub/george-zainea-md
Georgios Kyriakopoulos, MD https://www.doximity.com/pub/georgios-kyriakopoulos-md
Gerald Gantt, MD https://www.doximity.com/pub/gerald-gantt-md
Gerald Isenberg, MD https://www.doximity.com/pub/gerald-isenberg-md
Gerard Garguilo, MD https://www.doximity.com/pub/gerard-garguilo-md
Gerardo Quevedo-Bonilla, MD https://www.doximity.com/pub/gerardo-quevedo-bonilla-md
Ghalib Talia, MD https://www.doximity.com/pub/ghalib-talia-md
Gifty Kwakye, MD https://www.doximity.com/pub/gifty-kwakye-md
gilad alon, MD https://www.doximity.com/pub/gilad-alon-md
Gino Trevisani, MD https://www.doximity.com/pub/gino-trevisani-md-a26c
Giorgio Guiulfo, MD https://www.doximity.com/pub/giorgio-guiulfo-md
Giovanna Da Silva Southwick, MD https://www.doximity.com/pub/giovanna-da-silva-southwick-md
Giovanna Da Silva Southwick, MD https://www.doximity.com/pub/giovanna-da-silva-southwick-md-571e
Giovanni Bonomo, MD https://www.doximity.com/pub/giovanni-bonomo-md
Giuseppe Gagliardi, MD https://www.doximity.com/pub/giuseppe-gagliardi-md
Glen Hooker, MD https://www.doximity.com/pub/glen-hooker-md
Glen Hoversten, MD https://www.doximity.com/pub/glen-hoversten-md
Glendon Hyde, MD https://www.doximity.com/pub/glendon-hyde-md
Glenn Ault, MD https://www.doximity.com/pub/glenn-ault-md
Glenn Ault, MD https://www.doximity.com/pub/glenn-ault-md-2f395a74
Glenn Goldstein, MD https://www.doximity.com/pub/glenn-goldstein-md-cd27
Glenn Parker, MD https://www.doximity.com/pub/glenn-parker-md
Godwin Ofikwu, MD https://www.doximity.com/pub/godwin-ofikwu-md
Gokhan Ozuner, MD https://www.doximity.com/pub/gokhan-ozuner-md
Gokulakkrishna Subhas, MD https://www.doximity.com/pub/gokulakkrishna-subhas-md
Gordon Callender, MD https://www.doximity.com/pub/gordon-callender-md
Govind Nandakumar, MD https://www.doximity.com/pub/govind-nandakumar-md
Grace Hwang, MD https://www.doximity.com/pub/grace-hwang-md-2eab678c
Grace Lee, MD https://www.doximity.com/pub/grace-lee-md-3c8b2a7b
Grace Montenegro, MD https://www.doximity.com/pub/grace-montenegro-md
Graham Sellers, MD https://www.doximity.com/pub/graham-sellers-md
Graham Sellers, MD https://www.doximity.com/pub/graham-sellers-md-9ecd4817
Gregg Shore, MD https://www.doximity.com/pub/gregg-shore-md
Gregory Brabbee, MD https://www.doximity.com/pub/gregory-brabbee-md
Gregory Charak, MD https://www.doximity.com/pub/gregory-charak-md
Gregory Delaurier, MD https://www.doximity.com/pub/gregory-delaurier-md
Gregory Fitzharris, MD https://www.doximity.com/pub/gregory-fitzharris-md
Gregory Greaney, MD https://www.doximity.com/pub/gregory-greaney-md
Gregory Kennedy, MD https://www.doximity.com/pub/gregory-kennedy-md
Gregory Low, MD https://www.doximity.com/pub/gregory-low-md
Gregory Midis, MD https://www.doximity.com/pub/gregory-midis-md
Gregory Oliver, MD https://www.doximity.com/pub/gregory-oliver-md
Gregory Quatrino, MD https://www.doximity.com/pub/gregory-quatrino-md
Gregory Waters, MD https://www.doximity.com/pub/gregory-waters-md
Greta Bernier, MD https://www.doximity.com/pub/greta-bernier-md
Guat Sy, MD https://www.doximity.com/pub/guat-sy-md
Guillaume Chevrollier, MD https://www.doximity.com/pub/guillaume-chevrollier-md
Guillermo Brachetta, MD https://www.doximity.com/pub/guillermo-brachetta-md
Gustavo Plasencia, MD https://www.doximity.com/pub/gustavo-plasencia-md
Gustavo Rubio, MD https://www.doximity.com/pub/gustavo-rubio-md
Guy Orangio, MD https://www.doximity.com/pub/guy-orangio-md
H. David Vargas, MD https://www.doximity.com/pub/h-david-vargas-md
Haane Massarotti, MD https://www.doximity.com/pub/haane-massarotti-md
Haddon Pantel, MD https://www.doximity.com/pub/haddon-pantel-md
Haig Dudukgian, MD https://www.doximity.com/pub/haig-dudukgian-md
Haisar Dao Campi, MD https://www.doximity.com/pub/haisar-dao-campi-md
Hamza Guend, MD https://www.doximity.com/pub/hamza-guend-md
Hani Khoury, MD https://www.doximity.com/pub/hani-khoury-md
Haniee Chung, MD https://www.doximity.com/pub/haniee-chung-md
Hanjoo Lee, MD https://www.doximity.com/pub/hanjoo-lee-md
Hannah-Ngoc Ha, MD https://www.doximity.com/pub/hannah-ngoc-ha-md
Hans Burkholder, MD https://www.doximity.com/pub/hans-burkholder-md
Hans Stein, MD https://www.doximity.com/pub/hans-stein-md
Harith Mushtaq, MD https://www.doximity.com/pub/harith-mushtaq-md
Harold Faulconer, MD https://www.doximity.com/pub/harold-faulconer-md
Harold Friedl, MD https://www.doximity.com/pub/harold-friedl-md
Harold Howe, MD https://www.doximity.com/pub/harold-howe-md-ec5edc8d
Harold Kennedy, MD https://www.doximity.com/pub/harold-kennedy-md
Harold Randolph Bailey, MD https://www.doximity.com/pub/harold-randolph-bailey-md
Harris Goldman, MD https://www.doximity.com/pub/harris-goldman-md
Harry Kahn, MD https://www.doximity.com/pub/harry-kahn-md
Harry Liberman, MD https://www.doximity.com/pub/harry-liberman-md
Harry Papaconstantinou, MD https://www.doximity.com/pub/harry-papaconstantinou-md
Harry Reynolds, MD https://www.doximity.com/pub/harry-reynolds-md-2737926c
Harry Wasvary, MD https://www.doximity.com/pub/harry-wasvary-md
Harsha Polavarapu, MD https://www.doximity.com/pub/harsha-polavarapu-md
Harsha Polavarapu, MD https://www.doximity.com/pub/harsha-polavarapu-md-ceab4358
Harvey Garber, MD https://www.doximity.com/pub/harvey-garber-md
Harvey Horn, MD https://www.doximity.com/pub/harvey-horn-md
Harvey Moore, MD https://www.doximity.com/pub/harvey-moore-md
Harvey Shub, MD https://www.doximity.com/pub/harvey-shub-md
Hayder Al-Azzawi, MD https://www.doximity.com/pub/hayder-al-azzawi-md
Heath Beckham, MD https://www.doximity.com/pub/heath-beckham-md
Heather Matheson, MD https://www.doximity.com/pub/heather-matheson-md
Heather Rossi, MD https://www.doximity.com/pub/heather-rossi-md
Heather Slay, MD https://www.doximity.com/pub/heather-slay-md
Heidi Bahna, MD https://www.doximity.com/pub/heidi-bahna-md
Heidi Chua, MD https://www.doximity.com/pub/heidi-chua-md
Heidi Nelson, MD https://www.doximity.com/pub/heidi-nelson-md-628c7ab6
Hekmat Hakiman, MD https://www.doximity.com/pub/hekmat-hakiman-md
Helen Hall, MD https://www.doximity.com/pub/helen-hall-md
Henry Eisenberg, MD https://www.doximity.com/pub/henry-eisenberg-md
Henry Govekar, MD https://www.doximity.com/pub/henry-govekar-md
Henry Hwu, MD https://www.doximity.com/pub/henry-hwu-md
Henry Lujan, MD https://www.doximity.com/pub/henry-lujan-md
Henry Schoonyoung, MD https://www.doximity.com/pub/henry-schoonyoung-md
Henry Talus, MD https://www.doximity.com/pub/henry-talus-md
Henry Wodnicki, MD https://www.doximity.com/pub/henry-wodnicki-md
Herand Abcarian, MD https://www.doximity.com/pub/herand-abcarian-md
Hermann Kessler, MD https://www.doximity.com/pub/hermann-kessler-md
Hernan Hernandez, MD https://www.doximity.com/pub/hernan-hernandez-md
Hernan Sanchez Trejo, MD https://www.doximity.com/pub/hernan-sanchez-trejo-md
Hildreth McCarthy, MD https://www.doximity.com/pub/hildreth-mccarthy-md
Hillary Simon, MD https://www.doximity.com/pub/hillary-simon-do
Hiroko Kunitake, MD https://www.doximity.com/pub/hiroko-kunitake-md
Holly Sheldon, MD https://www.doximity.com/pub/holly-sheldon-md
Homayoon Akbari, MD https://www.doximity.com/pub/homayoon-akbari-md
Hope Rasque, MD https://www.doximity.com/pub/hope-rasque-md
Howard Berg, MD https://www.doximity.com/pub/howard-berg-md
Howard Black, MD https://www.doximity.com/pub/howard-black-md-c02170e2
Howard Hardy, MD https://www.doximity.com/pub/howard-hardy-md
Howard Robertson, MD https://www.doximity.com/pub/howard-robertson-md
Howard Ross, MD https://www.doximity.com/pub/howard-ross-md
Howard Tiszenkel, MD https://www.doximity.com/pub/howard-tiszenkel-md
Hueylan Chern, MD https://www.doximity.com/pub/hueylan-chern-md
Hugo Salinas, MD https://www.doximity.com/pub/hugo-salinas-md
Hulda Einarsdottir, MD https://www.doximity.com/pub/hulda-einarsdottir-md
Hyong Kim, MD https://www.doximity.com/pub/hyong-kim-md-00b0a424
I. Emre Gorgun, MD https://www.doximity.com/pub/i-emre-gorgun-md
Ian Lavery, MD https://www.doximity.com/pub/ian-lavery-md
Ian Paquette, MD https://www.doximity.com/pub/ian-paquette-md
Ian Reynolds, MD https://www.doximity.com/pub/ian-reynolds-md
Ian White, MD https://www.doximity.com/pub/ian-white-md
Ibrahim Adamu, MD https://www.doximity.com/pub/ibrahim-adamu-md
Ignacio Echenique, MD https://www.doximity.com/pub/ignacio-echenique-md/1
Imad Shbeeb, MD https://www.doximity.com/pub/imad-shbeeb-md
Imran Ahmad, MD https://www.doximity.com/pub/imran-ahmad-md-5218f864
Imran Hassan, MD https://www.doximity.com/pub/imran-hassan-md-0bdfb494
Imran Saeed, MD https://www.doximity.com/pub/imran-saeed-md
Indru Khubchandani, MD https://www.doximity.com/pub/indru-khubchandani-md
Ira Kodner, MD https://www.doximity.com/pub/ira-kodner-md
Ira Leeds, MD https://www.doximity.com/pub/ira-leeds-md
Ira Tannebaum, MD https://www.doximity.com/pub/ira-tannebaum-md
Irena Gribovskaja-Rupp, MD https://www.doximity.com/pub/irena-gribovskaja-rupp-md
Irfan Rizvi, MD https://www.doximity.com/pub/irfan-rizvi-md
Irina Bernescu, MD https://www.doximity.com/pub/irina-bernescu-md
Irlna Tantchou, MD https://www.doximity.com/pub/irlna-tantchou-md
Isaac Payne, MD https://www.doximity.com/pub/isaac-payne-do
Isabella Mor, MD https://www.doximity.com/pub/isabella-mor-md
Isabelle Chumfong, MD https://www.doximity.com/pub/isabelle-chumfong-md
Isabelle Le Leannec, MD https://www.doximity.com/pub/isabelle-le-leannec-md
Isabelle Raiche, MD https://www.doximity.com/pub/isabelle-raiche-md
Iyare Esemuede, MD https://www.doximity.com/pub/iyare-esemuede-md
J Arturo Fridman, MD https://www.doximity.com/pub/j-arturo-fridman-md
J. Chris Kantarian, MD https://www.doximity.com/pub/j-chris-kantarian-md
J Joo, MD https://www.doximity.com/pub/j-joo-md
J. Joshua Smith, MD https://www.doximity.com/pub/j-joshua-smith-md
J Peter Zegarra, MD https://www.doximity.com/pub/j-peter-zegarra-md
J Stanley, MD https://www.doximity.com/pub/j-stanley-md
Jac Cooper, MD https://www.doximity.com/pub/jac-cooper-md-937089fb
Jack Selzer, MD https://www.doximity.com/pub/jack-selzer-md
Jack Ziegler, MD https://www.doximity.com/pub/jack-ziegler-md-dc893451
Jaclyn Isabella, MD https://www.doximity.com/pub/jaclyn-isabella-md
Jaclyn Malat, MD https://www.doximity.com/pub/jaclyn-malat-do
Jacob Eisdorfer, MD https://www.doximity.com/pub/jacob-eisdorfer-do
Jacqueline Kaiser, MD https://www.doximity.com/pub/jacqueline-kaiser-md-3151acae
Jacquelyn Turner, MD https://www.doximity.com/pub/jacquelyn-turner-md
Jai Bikhchandani, MD https://www.doximity.com/pub/jai-bikhchandani-md
Jaime Gomez, MD https://www.doximity.com/pub/jaime-gomez-md-47cf1b54
Jaime Mayoral, MD https://www.doximity.com/pub/jaime-mayoral-md
Jaime Sanchez, MD https://www.doximity.com/pub/jaime-sanchez-md-b845edce
Jamal Modir, MD https://www.doximity.com/pub/jamal-modir-md
Jameel Butt, MD https://www.doximity.com/pub/jameel-butt-md
James Baker, MD https://www.doximity.com/pub/james-baker-md-674b4f1c
James Baran, MD https://www.doximity.com/pub/james-baran-md
James Barron, MD https://www.doximity.com/pub/james-barron-md
James Brooks, MD https://www.doximity.com/pub/james-brooks-md-fee4ef9a
James Bruce, MD https://www.doximity.com/pub/james-bruce-md-44b23661
James Celebrezze Jr., MD https://www.doximity.com/pub/james-celebrezze-jr-md
James Church, MD https://www.doximity.com/pub/james-church-md
James Clarke, MD https://www.doximity.com/pub/james-clarke-md-1606df38
James Clarke, MD https://www.doximity.com/pub/james-clarke-md-9c5a7349
James Clarke, MD https://www.doximity.com/pub/james-clarke-md-dc10ea1b
James Colquhoun, MD https://www.doximity.com/pub/james-colquhoun-md-c3c9
James Connaughton, MD https://www.doximity.com/pub/james-connaughton-md
James Conner, MD https://www.doximity.com/pub/james-conner-md-a54b9388
James Doty, MD https://www.doximity.com/pub/james-doty-md
James Duncan, MD https://www.doximity.com/pub/james-duncan-md
James Edlund, MD https://www.doximity.com/pub/james-edlund-md-014908b3
James Fitzgerald, MD https://www.doximity.com/pub/james-fitzgerald-md-f1991344
James Fleshman, MD https://www.doximity.com/pub/james-fleshman-md
James Gianfrancisco, MD https://www.doximity.com/pub/james-gianfrancisco-md
James Gregory, MD https://www.doximity.com/pub/james-gregory-md-1539
