Atul Kumar, MD https://www.doximity.com/cv/ak
Alan M. Fixelle, MD https://www.doximity.com/cv/alan-fixelle-md
Alan Putrus, MD https://www.doximity.com/cv/alan-putrus-md-2
Alan Sandberg, MD https://www.doximity.com/cv/alan-sandberg-md-2
Alan Tieu, MD https://www.doximity.com/cv/alan-tieu-md-2
Aldo Russo, MD https://www.doximity.com/cv/aldo-russo-md-1
Alexander Lustberg, MD https://www.doximity.com/cv/alexander-lustberg-md-slash-1
Alexis Bejcek, MD https://www.doximity.com/cv/alexis-bejcek-md
Alice Friedman, MD https://www.doximity.com/cv/alice-friedman-md-1
Allen Lee, MD https://www.doximity.com/cv/allen-lee-md-slash-4
Alok Goyal, MD https://www.doximity.com/cv/alok-goyal-md-slash-1
Aloysius Madhok, MD https://www.doximity.com/cv/aloysius-madhok-md-2
Amanda Cheung, MD https://www.doximity.com/cv/amanda-cheung-md
Amar Deshpande, MD https://www.doximity.com/cv/amar-deshpande-md-6
Amarilys Santiago-Rolon, MD https://www.doximity.com/cv/amarilys-santiago-rolon-md-2
Amjad Awan, MD https://www.doximity.com/cv/amjad-awan-md-1
Amol Sharma, MD https://www.doximity.com/cv/amol-sharma-md-slash-1
Anand Shah, MD https://www.doximity.com/cv/anand-s-shah-md
Andrew Berry, MD https://www.doximity.com/cv/andrew-berry-do-ed78b62d
Andrew Canakis, MD https://www.doximity.com/cv/andrew-canakis
Andrew Ko, MD https://www.doximity.com/cv/andrew-ko-md-1f4b
Andrew Libertin, MD https://www.doximity.com/cv/andrew-libertin-md-5
Andrew Nullman, MD https://www.doximity.com/cv/andrew-nullman-md-2
Andrew Reinink, MD https://www.doximity.com/cv/andrew-reinink-md-1
Andy Tien, MD https://www.doximity.com/cv/andytienmd
Anil Sharma, MD https://www.doximity.com/cv/anil-sharma-md
Ann Chen, MD https://www.doximity.com/cv/ann-chen-md-3
Ann Marie Stephenson Thomas, MD https://www.doximity.com/cv/ann-marie-stephenson-do-slash-1
Anthony Ng, MD https://www.doximity.com/cv/anthony-ng-md-slash-1
Anthony Sofia, MD https://www.doximity.com/cv/anthony-sofia-md
Antonio Cheesman Rocca, MD https://www.doximity.com/cv/antonio-cheesman-md
Apoorva Chandar, MD https://www.doximity.com/cv/apoorvachandar
Arthur Kornbluth, MD https://www.doximity.com/cv/arthur-kornbluth-md-1
Atilla Ertan, MD https://www.doximity.com/cv/atillaertan-dot-com
Axel Feller, MD https://www.doximity.com/cv/axel-feller-md-1
Barry Jaffin, MD https://www.doximity.com/cv/barry-jaffin-md-98b2b29d
Bhaveshkumar Patel, MD https://www.doximity.com/cv/bhavesh-patel-gi
Brian Baggott, MD https://www.doximity.com/cv/brian-baggott-md-1
Brian McGee, MD https://www.doximity.com/cv/brian-mcgee-md-2
Brian Fung, MD https://www.doximity.com/cv/brianfung
Brian Dooreck, MD https://www.doximity.com/cv/browardgi
Michael Brown, MD https://www.doximity.com/cv/brown-michael-md-1
Bruce Wang, MD https://www.doximity.com/cv/bruce-wang-md-1
Chad Gonzales, MD https://www.doximity.com/cv/chad-gonzales-md-2
Charnjit Singh, MD https://www.doximity.com/cv/charnjit-singh-md-2
Chintan Modi, MD https://www.doximity.com/cv/chintan-modi-md-1
Christian Andrade, MD https://www.doximity.com/cv/christian-andrade-md-slash-1
Christine Bruno, MD https://www.doximity.com/cv/christine-bruno-md-7cc62853
Christopher Fernandez, MD https://www.doximity.com/cv/christopher-fernandez-md-slash-1
Christopher Lawrence, MD https://www.doximity.com/cv/christopher-lawrence-md-slash-2
Clark Harrison, MD https://www.doximity.com/cv/clark-harrison-md-1
Clifford Berken, MD https://www.doximity.com/cv/clifford-berken-md-1
C. Roberto Simons-Linares, MD https://www.doximity.com/cv/crobertosimonslinaresmd
Crystal North, MD https://www.doximity.com/cv/crystal-north-do-1
Curtis Alloy, MD https://www.doximity.com/cv/curtis-alloy-do-slash-1
Daniel Chan, MD https://www.doximity.com/cv/danchanmd
Daniel Iseman, MD https://www.doximity.com/cv/daniel-iseman-md-1
Daniel Perl, MD https://www.doximity.com/cv/daniel-perl-md
Daniel Podolsky, MD https://www.doximity.com/cv/daniel-podolsky-md-1
Darin Dufault, MD https://www.doximity.com/cv/darin-dufault-md-1
David Beswick, MD https://www.doximity.com/cv/david-beswick-md-3
David Diehl, MD https://www.doximity.com/cv/david-diehl-md-3
David Kastenberg, MD https://www.doximity.com/cv/david-kastenberg-md-1
David Ornstein, MD https://www.doximity.com/cv/david-ornstein-md-6
David Rausher, MD https://www.doximity.com/cv/david-rausher-md-1
David Snell, MD https://www.doximity.com/cv/david-snell-3
David Steele, MD https://www.doximity.com/cv/david-steele-md-072a26ad
David Yamini, MD https://www.doximity.com/cv/david-yamini-md-1
Deborah Fisher, MD https://www.doximity.com/cv/deborah-fisher-md-slash-1
Dermot McGovern, MD https://www.doximity.com/cv/dermot-mcgovern-md-1
Dharmesh Kaswala, MD https://www.doximity.com/cv/dharmesh-kaswala-md-slash-1
Dhaval Patel, MD https://www.doximity.com/cv/dhaval-patel-md-slash-3
Diana A. Whitehead, MD https://www.doximity.com/cv/diana-whitehead-md-2
Don Roberts, MD https://www.doximity.com/cv/don-roberts-md-24aef2de
Douglas Lowe, MD https://www.doximity.com/cv/douglasloweiimd
Julien Fahed, MD https://www.doximity.com/cv/dr-julien-fahed-md
Mahmood Solaiman, MD https://www.doximity.com/cv/dr-solaiman-gi-columbia-md
John Leung, MD https://www.doximity.com/cv/drjohnleung
Rajan Narula, MD https://www.doximity.com/cv/drrajannarula
Marc Taormina, MD https://www.doximity.com/cv/drtaormina
Ebubekir Daglilar, MD https://www.doximity.com/cv/ebubekir-daglilar
Edward Oldfield, MD https://www.doximity.com/cv/edward-oldfield-md-4a06
Elena Nascimbeni Ferran, MD https://www.doximity.com/cv/elena-nascimbeni-ferran-md-1
Elias Fanous, MD https://www.doximity.com/cv/elias-fanous-md-1
Emmanuel S. Coronel, MD https://www.doximity.com/cv/emmanuel-coronel
Emmanuel Gorospe, MD https://www.doximity.com/cv/emmanuel-gorospe-md-1
Eric Esrailian, MD https://www.doximity.com/cv/eric-esrailian-md-1
Eric Nellis, MD https://www.doximity.com/cv/ericnellis
Erik Rahimi, MD https://www.doximity.com/cv/erik-rahimi-md-slash-1
Erin Spengler, MD https://www.doximity.com/cv/erin-spengler-md-1
Esmail Elwazir, MD https://www.doximity.com/cv/esmail-elwazir-md-1
F. Edward Levert, MD https://www.doximity.com/cv/f-edward-levert-md-1
Fredric Hochman, MD https://www.doximity.com/cv/f-lyone-hochman-md
F. Wilson Jackson, MD https://www.doximity.com/cv/f-wilson-jackson-md
Fadel Nammour, MD https://www.doximity.com/cv/fadel-nammour-md-1
Fariha Ramay, MD https://www.doximity.com/cv/fariha-ramay-md-slash-1
R. Logan Faust, MD https://www.doximity.com/cv/faust
Feng Li, MD https://www.doximity.com/cv/fenglimd
Fernando Calmet, MD https://www.doximity.com/cv/fernando-calmet-md-slash-1
Frank Gress, MD https://www.doximity.com/cv/francis-gress-md-slash-1
Francisco Durazo, MD https://www.doximity.com/cv/francisco-durazo-md-1
Franciska Gudenkauf, MD https://www.doximity.com/cv/franciska-gudenkauf-md
Frank Nelson, MD https://www.doximity.com/cv/frank-nelson-md-3
Franklin Kasmin, MD https://www.doximity.com/cv/franklin-kasmin-md-1
Fritz Francois, MD https://www.doximity.com/cv/fritz-francois-md-1
Geoffrey Block, MD https://www.doximity.com/cv/geoffrey-block-md-2
Georgia Close, MD https://www.doximity.com/cv/georgia-close-md-1
Sri Naveen Surapaneni, MD https://www.doximity.com/cv/gidrsurapaneni
Gottumukkala Raju, MD https://www.doximity.com/cv/gottumukkala-raju-md-slash-1
Grace Su, MD https://www.doximity.com/cv/grace-su-md-2
Jermaine Clarke, MD https://www.doximity.com/cv/graysongastro-dot-com
Gregory Austin, MD https://www.doximity.com/cv/gregory-austin-md-slash-2
Greta Taitelbaum, MD https://www.doximity.com/cv/greta-taitelbaum-md-slash-1
Harsh Patel, MD https://www.doximity.com/cv/harsh-patel-2
Matthew Cohn, MD https://www.doximity.com/cv/hmcohnmd
Farzana Rashid Hossain, MD https://www.doximity.com/cv/hossain
Tzu-Hao Lee, MD https://www.doximity.com/cv/howardtleemd
Hector Rodriguez-Luna, MD https://www.doximity.com/cv/hrlmd
Timothy Imler, MD https://www.doximity.com/cv/imler
Inder Singh, MD https://www.doximity.com/cv/inder-singh-md-slash-2
Irteza Inayat, MD https://www.doximity.com/cv/irteza-inayat-md-1
Ivonne Ramirez, MD https://www.doximity.com/cv/ivonne-ramirez-md-1
J. Spear, MD https://www.doximity.com/cv/j-spear-md-2
Jacqueline Chu, MD https://www.doximity.com/cv/jacqueline-chu-md
Jacqueline Laurin, MD https://www.doximity.com/cv/jacquelinelaurinmd
James Bailey, MD https://www.doximity.com/cv/james-bailey-md-slash-14
James Barthel, MD https://www.doximity.com/cv/james-barthel-md-2
James Izanec, MD https://www.doximity.com/cv/james-izanec-md-5
James Lee, MD https://www.doximity.com/cv/james-lee-md-411d
James Panetta, MD https://www.doximity.com/cv/james-panetta-do-slash-1
James Vecchio, MD https://www.doximity.com/cv/james-vecchio-md-slash-1
Jami Kinnucan, MD https://www.doximity.com/cv/jamikinnucan
Jamil Shah, MD https://www.doximity.com/cv/jamil-shah-md
Jane Jaffe, MD https://www.doximity.com/cv/jane-jaffe-do-1
Jason Stibbe, MD https://www.doximity.com/cv/jason-stibbe-md
Jatinder Ahluwalia, MD https://www.doximity.com/cv/jatinder-ahluwalia-md-slash-1
Jay Yepuri, MD https://www.doximity.com/cv/jay-yepuri-md-1
Jeffrey Brannen, MD https://www.doximity.com/cv/jeffrey-brannen-do-slash-1
Jeffrey Christian Tang, MD https://www.doximity.com/cv/jeffrey-christian-tang-md-1
Jennifer Pan, MD https://www.doximity.com/cv/jennifer-pan-md-5f4bff29
Jenny Jew, MD https://www.doximity.com/cv/jennyjew
John Hamilton, MD https://www.doximity.com/cv/john-hamilton-md-slash-1
John Kohne, MD https://www.doximity.com/cv/john-kohne-md-1
John Matseshe, MD https://www.doximity.com/cv/john-matseshe-md-1
John Turse, MD https://www.doximity.com/cv/john-turse-md-1
Jonathan Braun, MD https://www.doximity.com/cv/jonathan-braun-md-aa7577ba
Jonathan Cohen, MD https://www.doximity.com/cv/jonathan-cohen-md-slash-6
Jonathan Ellis, MD https://www.doximity.com/cv/jonathan-ellis-md-2
Jonathan Pinto, MD https://www.doximity.com/cv/jonathan-pinto-md-slash-2
Jorge Marrero, MD https://www.doximity.com/cv/jorge-marrero-md-2
Joseph Baber, MD https://www.doximity.com/cv/joseph-baber-do-1
Joseph Feuerstein, MD https://www.doximity.com/cv/joseph-feuerstein-md-slash-1
Joseph Romagnuolo, MD https://www.doximity.com/cv/joseph-romagnuolo-md-1
Jose Ruiz, MD https://www.doximity.com/cv/jr-ruiz-md-mph
Justin A. Miller, MD https://www.doximity.com/cv/justin-miller-md-slash-6
Jyothi Reddy, MD https://www.doximity.com/cv/jyothi-a-reddy-md-0307c883
Karen Kim, MD https://www.doximity.com/cv/karen-kim-md-slash-5-1
Katherine Freeman, MD https://www.doximity.com/cv/katherine-freeman-md-slash-1
Katherine Fan, MD https://www.doximity.com/cv/katherineyfan
Kelly Diaz, MD https://www.doximity.com/cv/kelly-diaz-md-0372ab76
Ken Nguyen, MD https://www.doximity.com/cv/ken-nguyen-md
Kerry King, MD https://www.doximity.com/cv/kerry-king-md-2
Ketan Shah, MD https://www.doximity.com/cv/ketanshahmd
Kevin Meitz, MD https://www.doximity.com/cv/kevin-meitz-do
Kiran Narsinh, MD https://www.doximity.com/cv/kiran-narsinh-md-4
Konstantinos Papadakis, MD https://www.doximity.com/cv/konstantinos-papadakis-md-slash-1
Kourosh Ghassemi, MD https://www.doximity.com/cv/kourosh-ghassemi-md-2
Kumar Pallav, MD https://www.doximity.com/cv/kumar-pallav-mbbs
Laleh Merikhi, MD https://www.doximity.com/cv/laleh-merikhi-md-1
Lavanya Viswanathan, MD https://www.doximity.com/cv/lavanya-viswanathan-md-1
Lawrence Herman, MD https://www.doximity.com/cv/lawrence-herman-md-slash-1
Lawrence Siegel, MD https://www.doximity.com/cv/lawrence-siegel-md-0d4e55bd
Lea Chen, MD https://www.doximity.com/cv/lea-chen-md-1
Leonel Hernandez, MD https://www.doximity.com/cv/leonel-hernandez-md-2
Linda Greenbaum, MD https://www.doximity.com/cv/linda-greenbaum-md-1
Loc Ton, MD https://www.doximity.com/cv/loc-ton-md-1
Lubna Khan, MD https://www.doximity.com/cv/lubna-khan-md-slash-3
Mahesh Cheryala, MD https://www.doximity.com/cv/mahesh-cheryala-md-mrcp
Malcolm Andry, MD https://www.doximity.com/cv/malcolm-andry-md-1
Malcolm Branch, MD https://www.doximity.com/cv/malcolm-branch-md-1
Manoj Kumar, MD https://www.doximity.com/cv/manoj-kumar-md-slash-1
Marc Edelstein, MD https://www.doximity.com/cv/marc-edelstein-md-2
Marc Levin, MD https://www.doximity.com/cv/marc-levin-md-slash-3
Marisa Spencer, MD https://www.doximity.com/cv/marisa-spencer-md
Maritza Proano, MD https://www.doximity.com/cv/maritza-proano-md-1
Mark Detweiler, MD https://www.doximity.com/cv/mark-detweiler-md-277a51f2
Mark Johnston, MD https://www.doximity.com/cv/mark-johnston-md-5
Mark Hanscom, MD https://www.doximity.com/cv/markhanscommd
M. Dean Kinsey, MD https://www.doximity.com/cv/marshall-kinsey-md-1
Matthew Guy, MD https://www.doximity.com/cv/matthew-guy-md-1
Matthew Wood, MD https://www.doximity.com/cv/matthew-wood-md-046860e1
Melissa Reynon, MD https://www.doximity.com/cv/melissa-reynon-md-slash-1
Meredith Portalatin, MD https://www.doximity.com/cv/meredith-portalatin-md-1
Michael Bender, MD https://www.doximity.com/cv/michael-bender-md-6
Michael Goldhamer, MD https://www.doximity.com/cv/michael-goldhamer-md-1
Michael Kriss, MD https://www.doximity.com/cv/michael-kriss-md-1
Michael Lajin, MD https://www.doximity.com/cv/michael-lajin-md
Michael Lin, MD https://www.doximity.com/cv/michael-lin-md-slash-23
Michael Manning, MD https://www.doximity.com/cv/michael-manning-md-3da4
Michael McKinney, MD https://www.doximity.com/cv/michael-mckinney-md-10
Michael Mullarkey, MD https://www.doximity.com/cv/michaelmullarkey
Michelle Delneo, MD https://www.doximity.com/cv/michelle-delneo-md-1
Mindy Lee, MD https://www.doximity.com/cv/mindy-wh-lee-md
Mohamad Mokadem, MD https://www.doximity.com/cv/mohamad-mokadem-md-1
Mohamadali Eloubeidi, MD https://www.doximity.com/cv/mohamadali-eloubeidi-md-1
Molly Lisenby Stone, MD https://www.doximity.com/cv/molly-stone-md
Michael Skaret, MD https://www.doximity.com/cv/mskaretmd
Muhammad Zafar, MD https://www.doximity.com/cv/muhammad-zafar-md-slash-4
Nancy Manzione, MD https://www.doximity.com/cv/nancy-manzione-md-1
Natalya Belova, MD https://www.doximity.com/cv/natalya-belova-md-2
Nathan Shores, MD https://www.doximity.com/cv/nathan-shores-md-2
Nathan Park, MD https://www.doximity.com/cv/nathanparkmd
Nayan Shah, MD https://www.doximity.com/cv/nayan-shah-md-slash-2
Neeraj Sachdeva, MD https://www.doximity.com/cv/neeraj-sachdeva-md-1
Neil Sengupta, MD https://www.doximity.com/cv/neil-sengupta-md-4
Nicholas Day, MD https://www.doximity.com/cv/nicholas-day-md-1
Nicholas Lillo, MD https://www.doximity.com/cv/nicholas-lillo-md-slash-1
Nihar Shah, MD https://www.doximity.com/cv/nihar-shah-md-slash-2
Nikrad Shahnavaz, MD https://www.doximity.com/cv/nikrad-shahnavaz-md-1
Nishant Puri, MD https://www.doximity.com/cv/nishant-puri-md-1
Palaniappan Manickam, MD https://www.doximity.com/cv/palaniappan-manickam-md-2
Parth Parekh, MD https://www.doximity.com/cv/parth-parekh-md-slash-1
Pascale White, MD https://www.doximity.com/cv/pascale-white-md-slash-1
Paul Guarino, MD https://www.doximity.com/cv/paul-guarino-md-3
Paul Jowell, MD https://www.doximity.com/cv/paul-jowell-md-1
Paul McNeely, MD https://www.doximity.com/cv/paul-mcneely-md-1
Pavlos Kaimakliotis, MD https://www.doximity.com/cv/pavlos-kaimakloitis-md-1
Peter Dumas, MD https://www.doximity.com/cv/peter-dumas-md-1
Peter Francisco, MD https://www.doximity.com/cv/peter-francisco-do-1
Peter Gardner, MD https://www.doximity.com/cv/peter-gardner-md-4
Peter Higgins, MD https://www.doximity.com/cv/peter-higgins-md-slash-1
Pramod Malik, MD https://www.doximity.com/cv/pramod-malik-md-1
Prasun Jalal, MD https://www.doximity.com/cv/prasun-jalal-md-2
Radheshyam Agrawal, MD https://www.doximity.com/cv/professor-emeritus-allegheny-h
Rafael Rodriguez Lopez, MD https://www.doximity.com/cv/rafael-rodriguez-lopez-md-5
Rahul Dalal, MD https://www.doximity.com/cv/rahul-dalal-2
Rajesh Shah, MD https://www.doximity.com/cv/rajesh-shah-md-ms
Randall Lee, MD https://www.doximity.com/cv/randall-lee-md-slash-1
Richard Kroeger, MD https://www.doximity.com/cv/richard_kroeger_md
Richard Desi, MD https://www.doximity.com/cv/richard-desi-md-slash-1
Richard Weinberg, MD https://www.doximity.com/cv/richard-weinberg-md-7
Robert McCallum, MD https://www.doximity.com/cv/robert-mccallum-md-slash-1
Robert Plansky, MD https://www.doximity.com/cv/robert-plansky-md-1
Robert Richards, MD https://www.doximity.com/cv/robert-richards-md-slash-4
Robert Wilson, MD https://www.doximity.com/cv/robert-wilson-md-slash-6
Robert Zolten, MD https://www.doximity.com/cv/robert-zolten-md-1
Rome Jutabha, MD https://www.doximity.com/cv/rome-jutabha-md-1
Ronald Ortizo, MD https://www.doximity.com/cv/ronald-dungca-ortizo-md
Russell Dolan, MD https://www.doximity.com/cv/russelldolanmd
Ryan Hoff, MD https://www.doximity.com/cv/ryan_hoff_do
