Alan Gorenberg, MD https://www.doximity.com/cv/alan-gorenberg-md-1
Alberta Wang, MD https://www.doximity.com/cv/alberta-wang-md
Alexander Alvarez, MD https://www.doximity.com/cv/alexander-alvarez-md
Alicia Alvarez, MD https://www.doximity.com/cv/alicia-a-alvarez-md
Michelle Yasharpour, MD https://www.doximity.com/cv/allergybeverlyhills
Michael Sherenian, MD https://www.doximity.com/cv/allergydocmike
Ammara Ahmed, MD https://www.doximity.com/cv/ammara-ahmed-do-mhs
Anarella Abrantes, MD https://www.doximity.com/cv/anarella-abrantes-md
Andrew Hirsch, MD https://www.doximity.com/cv/andrew-hirsch-md-2
Andrew Campbell, MD https://www.doximity.com/cv/andrewcampbellmd
Anjeni Keswani, MD https://www.doximity.com/cv/anjeni-keswani-md-2
Anne White, MD https://www.doximity.com/cv/anne-white-md-5
Benoit Tano, MD https://www.doximity.com/cv/benoit-tano-md-1
Bruce Lanser, MD https://www.doximity.com/cv/bjlanser-md
Caroline Sokol, MD https://www.doximity.com/cv/caroline-sokol-md-2
Claire Smigiel, MD https://www.doximity.com/cv/claire-bottomley-md-2
Daniel Jackson, MD https://www.doximity.com/cv/daniel-jackson-md-slash-4
David Erstein, MD https://www.doximity.com/cv/david-erstein-md-slash-11
David Fleischer, MD https://www.doximity.com/cv/david-fleischer-md-slash-1-1
David Goodman, MD https://www.doximity.com/cv/david-goodman-md-slash-5
David Morris, MD https://www.doximity.com/cv/david-morris-md-slash-22
Derek Damin, MD https://www.doximity.com/cv/derek-damin-md-1
Atul Shah, MD https://www.doximity.com/cv/dratulshah-amazingallergist
Robert Bowen, MD https://www.doximity.com/cv/drbowenallergist-dot-com
Yesim Demirdag, MD https://www.doximity.com/cv/drdemirdag
Gerald Lee, MD https://www.doximity.com/cv/drgerrylee
Javier Cabrera-Perez, MD https://www.doximity.com/cv/drjavi
Duncan McCormick, MD https://www.doximity.com/cv/duncan-mccormick-md-slash-1
Edward Brooks, MD https://www.doximity.com/cv/edward-brooks-md-slash-1
Efren Rael, MD https://www.doximity.com/cv/efren-rael-md-3
Elizabeth Matsui, MD https://www.doximity.com/cv/elizabeth-matsui-md-2
Elvin Mendez, MD https://www.doximity.com/cv/elvin-mendez-md-1
Erica Chen, MD https://www.doximity.com/cv/erica-cua-md-1
Eveline Wu, MD https://www.doximity.com/cv/eveline-wu-md-1
Faina Gutin, MD https://www.doximity.com/cv/faina-gutin-md-1
Farheen Mirza, MD https://www.doximity.com/cv/farheen-mirza-md-2
Gary Rakes, MD https://www.doximity.com/cv/garyrakesmd
Grace Chiang, MD https://www.doximity.com/cv/grace-chiang-md-slash-1
Haroon Khalid, MD https://www.doximity.com/cv/haroon-khalid-md-ac565573
Howard Crisp, MD https://www.doximity.com/cv/howardcrisp
Jacob Bleesing, MD https://www.doximity.com/cv/jacob-bleesing-md-1
Jacqueline Eghrari-Sabet, MD https://www.doximity.com/cv/jacqueline-eghrari-sabet-md
Jacqueline Ross, MD https://www.doximity.com/cv/jacqueline-ross-md-9ff11acc
James Haden, MD https://www.doximity.com/cv/james-haden-md-2
James Sublett, MD https://www.doximity.com/cv/james-sublett-md-3
J. Thaddaeus Abbott, MD https://www.doximity.com/cv/jaron-abbott-md-slash-1
Jeffrey Glassheim, MD https://www.doximity.com/cv/jeffrey-w-glassheim-do
Jennifer Kim, MD https://www.doximity.com/cv/jennifer-kim-md-slash-3
Jennifer Lee, MD https://www.doximity.com/cv/jennifer-lee-md-slash-24
John Fahrenholz, MD https://www.doximity.com/cv/john-fahrenholz-md-1
John Lee, MD https://www.doximity.com/cv/john-lee-md-slash-24
Jonathan Becker, MD https://www.doximity.com/cv/jonathan-becker-md-slash-1
Joseph Inglefield, MD https://www.doximity.com/cv/joseph-inglefield-md-1
Joseph Spahn, MD https://www.doximity.com/cv/joseph-spahn-md-1
Junfang Jiao, MD https://www.doximity.com/cv/junfang-jiao-md-1
Kathleen May, MD https://www.doximity.com/cv/kathleen-may-md-1
Kathryn McMullan, MD https://www.doximity.com/cv/kathryn-mcmullan-md-72d9a1d1
Kevin A. Stabile, MD https://www.doximity.com/cv/kevin-a-stabile-md
Kevin Keller, MD https://www.doximity.com/cv/kevin-keller-md-slash-1
Kristi McKinney, MD https://www.doximity.com/cv/kristi-mckinney-md
Leonard Altman, MD https://www.doximity.com/cv/leonard-altman-md-2
Lynn Wiens, MD https://www.doximity.com/cv/lynn-wiens-md-2
Waseem Makhoul, MD https://www.doximity.com/cv/makhoul
Malik Nasir Baz, MD https://www.doximity.com/cv/malik-nasir-baz-md-1
Maria Luz Lara-Marquez, MD https://www.doximity.com/cv/marialuz-lara-marquez-md
Mario Rodenas, MD https://www.doximity.com/cv/mario-rodenas-md-slash-1
Mark Jacobson, MD https://www.doximity.com/cv/mark-jacobson-md-slash-2
Mark Stahl, MD https://www.doximity.com/cv/mark-stahl-do-1
Mary Fontana-Penn, MD https://www.doximity.com/cv/mary-fontana-penn-md-1
Michael Flais, MD https://www.doximity.com/cv/michael-flais-md-1
Michael Sherman, MD https://www.doximity.com/cv/michael-sherman-md-17
Michel Alkhalil, MD https://www.doximity.com/cv/michel-alkhalil-md-1
Monika Saeedian, MD https://www.doximity.com/cv/monika-saeedian-md-1
Natalie Diaz-Cabrera, MD https://www.doximity.com/cv/natalie-diaz-cabrera
Nina Ramirez, MD https://www.doximity.com/cv/nina-ramirez-md-1
Patricia Leonard, MD https://www.doximity.com/cv/patricia-leonard-md-1
Pooja Patel, MD https://www.doximity.com/cv/pooja-patel-md-118
Powlin Manuel, MD https://www.doximity.com/cv/powlinmanuel
Rao Kosaraju, MD https://www.doximity.com/cv/rao-kosaraju-md-1
Raoul Wolf, MD https://www.doximity.com/cv/raoul-wolf-md-slash-1
Robert Fisher, MD https://www.doximity.com/cv/robert-h-fisher-md-1
Robert Greer, MD https://www.doximity.com/cv/robertgreerdo
Rohit Divekar, MD https://www.doximity.com/cv/rohit-divekar-mbbs-slash-1
Samuel Friedlander, MD https://www.doximity.com/cv/samuel-friedlander-md-1
Sarah Field, MD https://www.doximity.com/cv/sarah-field-md-1
Shashi Kumar, MD https://www.doximity.com/cv/shashi-kumar-md-6
Shoban Dave, MD https://www.doximity.com/cv/shoban-dave-md-1
Sonam Sani, MD https://www.doximity.com/cv/sonam-sani-5
Srushti Raja, MD https://www.doximity.com/cv/srushtiraja
Stephen Shield, MD https://www.doximity.com/cv/stephen-shield-md-1
Steven Song, MD https://www.doximity.com/cv/steven-song-md-slash-1
David Nayak, MD https://www.doximity.com/cv/strengthtolovefoundation
Sujal Ghelani, MD https://www.doximity.com/cv/sujalghelani
Supinda Bunyavanich, MD https://www.doximity.com/cv/supinda-bunyavanich-md-1
Tai Yoo, MD https://www.doximity.com/cv/tai-yoo-md-3
T. Ted Song, MD https://www.doximity.com/cv/taiil-song-do-2
Terry Harville, MD https://www.doximity.com/cv/terry-harville-mdphd-slash-2
Theodore Sher, MD https://www.doximity.com/cv/theodore-sher-md-1
Theresa Sohn, MD https://www.doximity.com/cv/theresa-sohn-md-1
Thomas Fame, MD https://www.doximity.com/cv/thomas-fame-md-1
Todd Mahr, MD https://www.doximity.com/cv/todd-mahr-md-1
Vesselin Dimov, MD https://www.doximity.com/cv/ves-dimov-md
Raul Villarreal, MD https://www.doximity.com/cv/villamd
Yiqun Hui, MD https://www.doximity.com/cv/yiqun-hui-md-1
Yogen Dave, MD https://www.doximity.com/cv/yogen-dave-md-1
Zahida Maskatia, MD https://www.doximity.com/cv/zahida-maskatia-md-1
A Aminian, MD https://www.doximity.com/pub/a-aminian-md
a e, MD https://www.doximity.com/pub/a-e-md
A. Geoffrey Didario, MD https://www.doximity.com/pub/a-geoffrey-didario-md
A H, MD https://www.doximity.com/pub/a-h-md
A K, MD https://www.doximity.com/pub/a-k-md-2ecf9a35
A Miller, MD https://www.doximity.com/pub/a-miller-md
A. Wesley Burks, MD https://www.doximity.com/pub/a-wesley-burks-md
Aaisha Haque, MD https://www.doximity.com/pub/aaisha-haque-md
Aaron Davis, MD https://www.doximity.com/pub/aaron-davis-md-338debfc
Aaron Donnell, MD https://www.doximity.com/pub/aaron-donnell-md
Aaron Kobernick, MD https://www.doximity.com/pub/aaron-kobernick-md
Aaron Pinion, MD https://www.doximity.com/pub/aaron-pinion-do
Aaron Ver Heul, MD https://www.doximity.com/pub/aaron-ver-heul-md
Aarti Pandya, MD https://www.doximity.com/pub/aarti-pandya-md
Aasha Harish, MD https://www.doximity.com/pub/aasha-harish-md
Aasia Ghazi, MD https://www.doximity.com/pub/aasia-ghazi-md
Aayushi Mehta, MD https://www.doximity.com/pub/aayushi-mehta-md
Aba Al-Kaabi, MD https://www.doximity.com/pub/aba-al-kaabi-md
Aba Al-kaabi, MD https://www.doximity.com/pub/aba-al-kaabi-md-331dde8c
Abdi Dssa, MD https://www.doximity.com/pub/abdi-dssa-md
Abduarahman Almutairi, MD https://www.doximity.com/pub/abduarahman-almutairi-md
Abdul Bahrainwala, MD https://www.doximity.com/pub/abdul-bahrainwala-md
Abdul Haseeb, MD https://www.doximity.com/pub/abdul-haseeb-md
Abeer Siddiqi, MD https://www.doximity.com/pub/abeer-siddiqi-md
Abhilash Vaishnav, MD https://www.doximity.com/pub/abhilash-vaishnav-md
Abhilasha Ganju, MD https://www.doximity.com/pub/abhilasha-ganju-md
Abhishek Rathi, MD https://www.doximity.com/pub/abhishek-rathi-md
Abigail Finley, MD https://www.doximity.com/pub/abigail-finley-md
Abigail Harada, MD https://www.doximity.com/pub/abigail-harada-md
Abner Bagenstose, MD https://www.doximity.com/pub/abner-bagenstose-md
Abraham Eisen, MD https://www.doximity.com/pub/abraham-eisen-md
Abraham Yurkofsky, MD https://www.doximity.com/pub/abraham-yurkofsky-md
Achin Kim, MD https://www.doximity.com/pub/achin-kim-md
Adam Dezure, MD https://www.doximity.com/pub/adam-dezure-md
Adam Haines, MD https://www.doximity.com/pub/adam-haines-md
Adam Oates, MD https://www.doximity.com/pub/adam-oates-md
Adam Pearlstein, MD https://www.doximity.com/pub/adam-pearlstein-do
Adam Price, MD https://www.doximity.com/pub/adam-price-md-448642d0
Adam Updegraff, MD https://www.doximity.com/pub/adam-updegraff-do
Adam Williams, MD https://www.doximity.com/pub/adam-williams-md
Adeeb Bulkhi, MD https://www.doximity.com/pub/adeeb-bulkhi-md
Adela Taylor, MD https://www.doximity.com/pub/adela-taylor-md
Adele Guernica, MD https://www.doximity.com/pub/adele-guernica-do
Adesh Patel, MD https://www.doximity.com/pub/adesh-patel-md
Adesua Wejinya, MD https://www.doximity.com/pub/adesua-wejinya-md
Adhuna Mathuria, MD https://www.doximity.com/pub/adhuna-mathuria-md
Adil Zahiruddin, MD https://www.doximity.com/pub/adil-zahiruddin-md
Adina Knight, MD https://www.doximity.com/pub/adina-knight-md
Adli Karadsheh, MD https://www.doximity.com/pub/adli-karadsheh-md
Adora Lin, MD https://www.doximity.com/pub/adora-lin-md
Adrian Casillas, MD https://www.doximity.com/pub/adrian-casillas-md
Adrian Cortes, MD https://www.doximity.com/pub/adrian-cortes-do
Adrian Jaffer, MD https://www.doximity.com/pub/adrian-jaffer-md
Adrian Letz, MD https://www.doximity.com/pub/adrian-letz-md
Adriana Bonansea-Frances, MD https://www.doximity.com/pub/adriana-bonansea-frances-md
Adriana McCubbin, MD https://www.doximity.com/pub/adriana-mccubbin-md
Adrianne Netterville Edmundson, MD https://www.doximity.com/pub/adrianne-netterville-edmundson-md
Adrianne Vaughn, MD https://www.doximity.com/pub/adrianne-vaughn-md
Adriano Salicru, MD https://www.doximity.com/pub/adriano-salicru-md
Adrienne Tinana, MD https://www.doximity.com/pub/adrienne-tinana-md
Adrienne Yancey, MD https://www.doximity.com/pub/adrienne-yancey-md
Aerik Williams, MD https://www.doximity.com/pub/aerik-williams-md
Againdra Bewtra, MD https://www.doximity.com/pub/againdra-bewtra-md
Ahdad Ziyar, MD https://www.doximity.com/pub/ahdad-ziyar-md
Ahila Subramanian, MD https://www.doximity.com/pub/ahila-subramanian-md
Ahmad Al-Shash, MD https://www.doximity.com/pub/ahmad-al-shash-md
Ahmad Hamad, MD https://www.doximity.com/pub/ahmad-hamad-md-987b5ed4
Ahmad Mourad, MD https://www.doximity.com/pub/ahmad-mourad-md
Ahmed Butt, MD https://www.doximity.com/pub/ahmed-butt-md
Ahmed Elisa, MD https://www.doximity.com/pub/ahmed-elisa-md
Ahmed Mohiuddin, MD https://www.doximity.com/pub/ahmed-mohiuddin-md
Ai-Lan Wang, MD https://www.doximity.com/pub/ai-lan-wang-md
Aidan Long, MD https://www.doximity.com/pub/aidan-long-md
Aimee Altschul-Latzman, MD https://www.doximity.com/pub/aimee-altschul-latzman-md
Aimee Speck, MD https://www.doximity.com/pub/aimee-speck-md
Aisha Mohammed, MD https://www.doximity.com/pub/aisha-mohammed-md
Aishah Ali, MD https://www.doximity.com/pub/aishah-ali-md
Akansha Ganju, MD https://www.doximity.com/pub/akansha-ganju-md
Akash Goswami, MD https://www.doximity.com/pub/akash-goswami-md
Akila Sreedharan, MD https://www.doximity.com/pub/akila-sreedharan-md
Akilah Jefferson, MD https://www.doximity.com/pub/akilah-jefferson-md
Akkamahadevi Shringeri, MD https://www.doximity.com/pub/akkamahadevi-shringeri-md
Akram Mushtaha, MD https://www.doximity.com/pub/akram-mushtaha-md
AL'aa Hegab, MD https://www.doximity.com/pub/al-aa-hegab-md
Alaa Hegab, MD https://www.doximity.com/pub/alaa-hegab-md-b54bad90
Alaaddin Kandeel, MD https://www.doximity.com/pub/alaaddin-kandeel-md
Alalia Berry, MD https://www.doximity.com/pub/alalia-berry-md
Alan Aarons, MD https://www.doximity.com/pub/alan-aarons-md
Alan Alvarado, MD https://www.doximity.com/pub/alan-alvarado-md
Alan Baptist, MD https://www.doximity.com/pub/alan-baptist-md
Alan Bitner, MD https://www.doximity.com/pub/alan-bitner-md
Alan Dejarnatt, MD https://www.doximity.com/pub/alan-dejarnatt-md
Alan Gaines, MD https://www.doximity.com/pub/alan-gaines-md
Alan Goldsobel, MD https://www.doximity.com/pub/alan-goldsobel-md
Alan Goodman, MD https://www.doximity.com/pub/alan-goodman-md
Alan Green, MD https://www.doximity.com/pub/alan-green-md-46c08e7a
Alan Heller, MD https://www.doximity.com/pub/alan-heller-md
Alan James, MD https://www.doximity.com/pub/alan-james-md
Alan Katz, MD https://www.doximity.com/pub/alan-katz-md-5b8fcfb4
Alan Kaufman, MD https://www.doximity.com/pub/alan-kaufman-md
Alan Kaufman, MD https://www.doximity.com/pub/alan-kaufman-md-161638ec
Alan Khadavi, MD https://www.doximity.com/pub/alan-khadavi-md
Alan Knutsen, MD https://www.doximity.com/pub/alan-knutsen-md
Alan Koterba, MD https://www.doximity.com/pub/alan-koterba-md
Alan Kwaselow, MD https://www.doximity.com/pub/alan-kwaselow-md
Alan Levin, MD https://www.doximity.com/pub/alan-levin-md-cdb3
Alan McDaniel, MD https://www.doximity.com/pub/alan-mcdaniel-md-9278
Alan Nguyen, MD https://www.doximity.com/pub/alan-nguyen-md
Alan Resnick, MD https://www.doximity.com/pub/alan-resnick-md
Alan Rosenthal, MD https://www.doximity.com/pub/alan-rosenthal-do
Alan Rosenthal, MD https://www.doximity.com/pub/alan-rosenthal-md-13be6f93
Alan Schocket, MD https://www.doximity.com/pub/alan-schocket-md
Alan Sheen, MD https://www.doximity.com/pub/alan-sheen-md
Alan Siedlecki, MD https://www.doximity.com/pub/alan-siedlecki-do
Alan Szeftel, MD https://www.doximity.com/pub/alan-szeftel-md-76676d39
Alan Wolff, MD https://www.doximity.com/pub/alan-wolff-md
Alana Jones, MD https://www.doximity.com/pub/alana-jones-do
Alanna Burnett Stinson, MD https://www.doximity.com/pub/alanna-burnett-stinson-md
Alanna Wong, MD https://www.doximity.com/pub/alanna-wong-md
Albert Finn, MD https://www.doximity.com/pub/albert-finn-md
Albert Haas, MD https://www.doximity.com/pub/albert-haas-md-ea95
Albert Hartel, MD https://www.doximity.com/pub/albert-hartel-md
Albert Hensel, MD https://www.doximity.com/pub/albert-hensel-md
Albert Huber, MD https://www.doximity.com/pub/albert-huber-md
Albert Rohr, MD https://www.doximity.com/pub/albert-rohr-md
Albert Sheffer, MD https://www.doximity.com/pub/albert-sheffer-md
Albert Tompkins, MD https://www.doximity.com/pub/albert-tompkins-md
Albert Tsien, MD https://www.doximity.com/pub/albert-tsien-md
Albert Wu, MD https://www.doximity.com/pub/albert-wu-md-6008d1d2
Aleena Banerji, MD https://www.doximity.com/pub/aleena-banerji-md
Alegra Grieb, MD https://www.doximity.com/pub/alegra-grieb-md
Alejandro Dorenbaum-Kracer, MD https://www.doximity.com/pub/alejandro-dorenbaum-kracer-md
Alekh Gupta, MD https://www.doximity.com/pub/alekh-gupta-md
Aleksandra Bokszczanin-Knosala, MD https://www.doximity.com/pub/aleksandra-bokszczanin-knosala-md
Alex Penrice, MD https://www.doximity.com/pub/alex-penrice-md
Alex Ray, MD https://www.doximity.com/pub/alex-ray-md
Alex Thomas, MD https://www.doximity.com/pub/alex-thomas-md-ca1583d5
Alex Wonnaparhown, MD https://www.doximity.com/pub/alex-wonnaparhown-md
Alex Yip, MD https://www.doximity.com/pub/alex-yip-md
Alexander Babazadeh, MD https://www.doximity.com/pub/alexander-babazadeh-md
Alexander Emerson, MD https://www.doximity.com/pub/alexander-emerson-md
Alexander Gilmore, MD https://www.doximity.com/pub/alexander-gilmore-md
Alexander Greiner, MD https://www.doximity.com/pub/alexander-greiner-md
Alexander Horbal, MD https://www.doximity.com/pub/alexander-horbal-do
Alexander Kim, MD https://www.doximity.com/pub/alexander-kim-md-18433bb9
Alexander Kingsbury, MD https://www.doximity.com/pub/alexander-kingsbury-md
Alexander Marotta, MD https://www.doximity.com/pub/alexander-marotta-md
Alexander Nicholson, MD https://www.doximity.com/pub/alexander-nicholson-md
Alexander Patterson, MD https://www.doximity.com/pub/alexander-patterson-md
Alexander Vu, MD https://www.doximity.com/pub/alexander-vu-md
Alexander Yu, MD https://www.doximity.com/pub/alexander-yu-md-9ee37936
Alexandra Horwitz, MD https://www.doximity.com/pub/alexandra-horwitz-md
Alexandra Joseph, MD https://www.doximity.com/pub/alexandra-joseph-md-ff4785b9
Alexandra Navard-keck, MD https://www.doximity.com/pub/alexandra-navard-keck-md
Alexandra Navard, MD https://www.doximity.com/pub/alexandra-navard-md
Alexandra Worobec, MD https://www.doximity.com/pub/alexandra-worobec-md
Alexei Gonzalez Estrada, MD https://www.doximity.com/pub/alexei-gonzalez-estrada-md
Alford Smith, MD https://www.doximity.com/pub/alford-smith-md
Alfred Covington, MD https://www.doximity.com/pub/alfred-covington-md
Alfred Johnson, MD https://www.doximity.com/pub/alfred-johnson-do
Alfred Moon, MD https://www.doximity.com/pub/alfred-moon-md
Ali Abrishami, MD https://www.doximity.com/pub/ali-abrishami-md
Ali Amirzadeh, MD https://www.doximity.com/pub/ali-amirzadeh-md
Ali Doroudchi, MD https://www.doximity.com/pub/ali-doroudchi-md
Ali Saad, MD https://www.doximity.com/pub/ali-saad-do-45f2e24f
Ali Sabrkesh, MD https://www.doximity.com/pub/ali-sabrkesh-md
Alice Chan, MD https://www.doximity.com/pub/alice-chan-md-9c1be049
Alice Chau, MD https://www.doximity.com/pub/alice-chau-md
Alice Chou, MD https://www.doximity.com/pub/alice-chou-md
Alice Hoyt, MD https://www.doximity.com/pub/alice-hoyt-md
Alice Stoddart, MD https://www.doximity.com/pub/alice-stoddart-md
Alicia Alvarez, MD https://www.doximity.com/pub/alicia-alvarez-md-5f7e21a6
Alicia Trotter, MD https://www.doximity.com/pub/alicia-trotter-md
Alicia Widge, MD https://www.doximity.com/pub/alicia-widge-md
Alina Serdakowska, MD https://www.doximity.com/pub/alina-serdakowska-md
Alireza Nejad, MD https://www.doximity.com/pub/alireza-nejad-md
Alireza Shakouri, MD https://www.doximity.com/pub/alireza-shakouri-md
Alison Chow, MD https://www.doximity.com/pub/alison-chow-md
Alison Church, MD https://www.doximity.com/pub/alison-church-md
Alison Humphrey, MD https://www.doximity.com/pub/alison-humphrey-md
Alissa Hersh, MD https://www.doximity.com/pub/alissa-hersh-md
Alissa Mcinerney, MD https://www.doximity.com/pub/alissa-mcinerney-md
Alissa Welsh, MD https://www.doximity.com/pub/alissa-welsh-md
Alkis Togias, MD https://www.doximity.com/pub/alkis-togias-md
Allan Au, MD https://www.doximity.com/pub/allan-au-md
Allan Gilbert, MD https://www.doximity.com/pub/allan-gilbert-md
Allan Lieberman, MD https://www.doximity.com/pub/allan-lieberman-md
Allan Luskin, MD https://www.doximity.com/pub/allan-luskin-md
Allan Salomon, MD https://www.doximity.com/pub/allan-salomon-md
Allan Singer, MD https://www.doximity.com/pub/allan-singer-md
Allan Stillerman, MD https://www.doximity.com/pub/allan-stillerman-md
Allan Wachter, MD https://www.doximity.com/pub/allan-wachter-md
Allan Wang, MD https://www.doximity.com/pub/allan-wang-md-4e13da9a
Allan Weinstein, MD https://www.doximity.com/pub/allan-weinstein-md
Allen Adinoff, MD https://www.doximity.com/pub/allen-adinoff-md
Allen Kaplan, MD https://www.doximity.com/pub/allen-kaplan-md
Allen Lapey, MD https://www.doximity.com/pub/allen-lapey-md
Allen Lieberman, MD https://www.doximity.com/pub/allen-lieberman-md
Allen Meisel, MD https://www.doximity.com/pub/allen-meisel-md
Allen Okie, MD https://www.doximity.com/pub/allen-okie-md
Allen Weiss, MD https://www.doximity.com/pub/allen-weiss-md-9701
Allergy Guyer Office, MD https://www.doximity.com/pub/allergy-guyer-office-md
Alli Blumstein, MD https://www.doximity.com/pub/alli-blumstein-md
Allison Freeman, MD https://www.doximity.com/pub/allison-freeman-md
Allison Norton, MD https://www.doximity.com/pub/allison-norton-md
Allison Ramsey, MD https://www.doximity.com/pub/allison-ramsey-md
Ally Answers1, MD https://www.doximity.com/pub/ally-answers1-md
ally md, MD https://www.doximity.com/pub/ally-md-md
Allyson Larkin, MD https://www.doximity.com/pub/allyson-larkin-md-c2823451
Allyson Tevrizian, MD https://www.doximity.com/pub/allyson-tevrizian-md
Alma Herrera, MD https://www.doximity.com/pub/alma-herrera-md
Alnoor Malick, MD https://www.doximity.com/pub/alnoor-malick-md
Alpa Jani, MD https://www.doximity.com/pub/alpa-jani-md
Alta Wolde, MD https://www.doximity.com/pub/alta-wolde-md
Althea Marie Diaz, MD https://www.doximity.com/pub/althea-marie-diaz-md
Alton Melton, MD https://www.doximity.com/pub/alton-melton-md
Alvin Aubry, MD https://www.doximity.com/pub/alvin-aubry-md
Alvin Sanico, MD https://www.doximity.com/pub/alvin-sanico-md
Aly El Hag, MD https://www.doximity.com/pub/aly-el-hag-md
Alysa Ellis, MD https://www.doximity.com/pub/alysa-ellis-md
Alyson Smith, MD https://www.doximity.com/pub/alyson-smith-md
Ama Alexis, MD https://www.doximity.com/pub/ama-alexis-md
Amal Assa'Ad, MD https://www.doximity.com/pub/amal-assa-ad-md
Aman Kalkat, MD https://www.doximity.com/pub/aman-kalkat-md
Aman Nasir, MD https://www.doximity.com/pub/aman-nasir-md
Amanda Agyemang, MD https://www.doximity.com/pub/amanda-agyemang-md
Amanda Bittner, MD https://www.doximity.com/pub/amanda-bittner-md
Amanda Cox, MD https://www.doximity.com/pub/amanda-cox-md-e909d976
Amanda Goddard, MD https://www.doximity.com/pub/amanda-goddard-do
Amanda Holsworth, MD https://www.doximity.com/pub/amanda-holsworth-do
Amanda Lewis, MD https://www.doximity.com/pub/amanda-lewis-md
Amanda McIntyre, MD https://www.doximity.com/pub/amanda-mcintyre-md
Amanda Pratt, MD https://www.doximity.com/pub/amanda-pratt-md-49f2231f
Amanda Pullman, MD https://www.doximity.com/pub/amanda-pullman-md
Amanda Rudman Spergel, MD https://www.doximity.com/pub/amanda-rudman-spergel-md
Amanda Salih, MD https://www.doximity.com/pub/amanda-salih-md
Amanda Shenoy, MD https://www.doximity.com/pub/amanda-shenoy-md
Amanda Trott-Gregorio, MD https://www.doximity.com/pub/amanda-trott-gregorio-md
Amanjit Dhatt, MD https://www.doximity.com/pub/amanjit-dhatt-md
Amar Dixit, MD https://www.doximity.com/pub/amar-dixit-md
Amar Sharma, MD https://www.doximity.com/pub/amar-sharma-md
Amber Burnette, MD https://www.doximity.com/pub/amber-burnette-md
Amber Hardeman, MD https://www.doximity.com/pub/amber-hardeman-md
Amber Patterson, MD https://www.doximity.com/pub/amber-patterson-md
Amber Pepper, MD https://www.doximity.com/pub/amber-pepper-md
Amee Majmundar, MD https://www.doximity.com/pub/amee-majmundar-md
Amee Patel, MD https://www.doximity.com/pub/amee-patel-md-2d20050c
Amelia Rojas, MD https://www.doximity.com/pub/amelia-rojas-md
Ami Belmont, MD https://www.doximity.com/pub/ami-belmont-md
Ami Degala, MD https://www.doximity.com/pub/ami-degala-md
Ami Hannam, MD https://www.doximity.com/pub/ami-hannam-md
Ami Mehra, MD https://www.doximity.com/pub/ami-mehra-md
Ami Philipp, MD https://www.doximity.com/pub/ami-philipp-md
Amie Nguyen, MD https://www.doximity.com/pub/amie-nguyen-md
Amiinah Kung, MD https://www.doximity.com/pub/amiinah-kung-md
Amika Sood, MD https://www.doximity.com/pub/amika-sood-md
Amika Sood, MD https://www.doximity.com/pub/amika-sood-md-8dfc3308
Amin Mery, MD https://www.doximity.com/pub/amin-mery-md
Aminaa Siddiqi, MD https://www.doximity.com/pub/aminaa-siddiqi-md
Amir Abidov, MD https://www.doximity.com/pub/amir-abidov-md
Amir Shahlaee, MD https://www.doximity.com/pub/amir-shahlaee-md
Amishi Murthy, MD https://www.doximity.com/pub/amishi-murthy-md
Amit Kumar, MD https://www.doximity.com/pub/amit-kumar-md-3516d3f2
Amit Patel, MD https://www.doximity.com/pub/amit-patel-md-7c19e67b
Amit Shah, MD https://www.doximity.com/pub/amit-shah-md-d1fc1321
Amitha Harish, MD https://www.doximity.com/pub/amitha-harish-md
Ammar Hatab, MD https://www.doximity.com/pub/ammar-hatab-md
Amol Kamboj, MD https://www.doximity.com/pub/amol-kamboj-md
Amrish Patel, MD https://www.doximity.com/pub/amrish-patel-md-3205
Amrit Dhaliwal, MD https://www.doximity.com/pub/amrit-dhaliwal-md
Amrita Khokhar, MD https://www.doximity.com/pub/amrita-khokhar-md
Amudha Pazhanisamy, MD https://www.doximity.com/pub/amudha-pazhanisamy-do
Amy Auerbach, MD https://www.doximity.com/pub/amy-auerbach-md
Amy Boyd, MD https://www.doximity.com/pub/amy-boyd-md-ad1d3695
Amy Burris, MD https://www.doximity.com/pub/amy-burris-md
Amy CaJacob, MD https://www.doximity.com/pub/amy-cajacob-md
Amy Castilano, MD https://www.doximity.com/pub/amy-castilano-md
Amy Darter, MD https://www.doximity.com/pub/amy-darter-md
Amy Eapen, MD https://www.doximity.com/pub/amy-eapen-md
Amy Ellingson, MD https://www.doximity.com/pub/amy-ellingson-md
Amy Feldman, MD https://www.doximity.com/pub/amy-feldman-md-6080a717
Amy Hirsh, MD https://www.doximity.com/pub/amy-hirsh-md
Amy Korobow, MD https://www.doximity.com/pub/amy-korobow-md
Amy Levin, MD https://www.doximity.com/pub/amy-levin-md-980e8402
Amy Lichtenfeld, MD https://www.doximity.com/pub/amy-lichtenfeld-md
Amy Mashburn, MD https://www.doximity.com/pub/amy-mashburn-md
Amy O. Thomas, MD https://www.doximity.com/pub/amy-o-thomas-md
Amy Parker, MD https://www.doximity.com/pub/amy-parker-md
Amy Ragsdale, MD https://www.doximity.com/pub/amy-ragsdale-do
Amy Schiffman, MD https://www.doximity.com/pub/amy-schiffman-md-7b77d133
Amy Scurlock, MD https://www.doximity.com/pub/amy-scurlock-md
Amy Shah, MD https://www.doximity.com/pub/amy-shah-md-c434b266
Amy Stallings, MD https://www.doximity.com/pub/amy-stallings-md
Amy Wagelie Steffen, MD https://www.doximity.com/pub/amy-wagelie-steffen-md
Amy Ward, MD https://www.doximity.com/pub/amy-ward-md
Amy Yoder Dowden, MD https://www.doximity.com/pub/amy-yoder-dowden-md
An Nguyen, MD https://www.doximity.com/pub/an-nguyen-md-ebb462a5
Ana Graneiro, MD https://www.doximity.com/pub/ana-graneiro-md
Ana Lamas, MD https://www.doximity.com/pub/ana-lamas-md
Ana MacDowell, MD https://www.doximity.com/pub/ana-macdowell-md
Ana Ortiz, MD https://www.doximity.com/pub/ana-ortiz-md-08fd75b9
Ana Saavedra-Delgado, MD https://www.doximity.com/pub/ana-saavedra-delgado-md
Anand Trivedi, MD https://www.doximity.com/pub/anand-trivedi-md
Ananth Thyagarajan, MD https://www.doximity.com/pub/ananth-thyagarajan-md-b10ae555
Anar Dossumbekova, MD https://www.doximity.com/pub/anar-dossumbekova-md
Anardi Agosto-Mujica, MD https://www.doximity.com/pub/anardi-agosto-mujica-md
Anastasiya Kleva, MD https://www.doximity.com/pub/anastasiya-kleva-md
Anat Warren, MD https://www.doximity.com/pub/anat-warren-md
Anatole Kleiner, MD https://www.doximity.com/pub/anatole-kleiner-md
Andre Berger, MD https://www.doximity.com/pub/andre-berger-md-f13c11f4
Andre Codispoti, MD https://www.doximity.com/pub/andre-codispoti-md
Andre Nel, MD https://www.doximity.com/pub/andre-nel-md
Andrea Apter, MD https://www.doximity.com/pub/andrea-apter-md
Andrea Dmello, MD https://www.doximity.com/pub/andrea-dmello-md
Andrea Hart, MD https://www.doximity.com/pub/andrea-hart-md-bd115d7e
Andrea Jones, MD https://www.doximity.com/pub/andrea-jones-md-55c41cbb
Andrea Lantz, MD https://www.doximity.com/pub/andrea-lantz-md
Andrea Miller-Lari, MD https://www.doximity.com/pub/andrea-miller-lari-do
Andrea Pappalardo, MD https://www.doximity.com/pub/andrea-pappalardo-md
Andrea Sitek, MD https://www.doximity.com/pub/andrea-sitek-md
Andrej Petrov, MD https://www.doximity.com/pub/andrej-petrov-md
Andrew Abreo, MD https://www.doximity.com/pub/andrew-abreo-md
Andrew Ayars, MD https://www.doximity.com/pub/andrew-ayars-md
Andrew Bagg, MD https://www.doximity.com/pub/andrew-bagg-md
Andrew Beaty, MD https://www.doximity.com/pub/andrew-beaty-md
Andrew Carey, MD https://www.doximity.com/pub/andrew-carey-md
Andrew Collins, MD https://www.doximity.com/pub/andrew-collins-md-3045f7ea
Andrew Cooke, MD https://www.doximity.com/pub/andrew-cooke-md-0ffc276f
Andrew Dang, MD https://www.doximity.com/pub/andrew-dang-md-482dd25c
Andrew Davidson, MD https://www.doximity.com/pub/andrew-davidson-md-6409ed16
Andrew Email, MD https://www.doximity.com/pub/andrew-email-md
Andrew Eng, MD https://www.doximity.com/pub/andrew-eng-md-d56841ec
Andrew Green, MD https://www.doximity.com/pub/andrew-green-md
Andrew Hope, MD https://www.doximity.com/pub/andrew-hope-md
Andrew Kim, MD https://www.doximity.com/pub/andrew-kim-md-27c225e1
Andrew Lozano, MD https://www.doximity.com/pub/andrew-lozano-md
Andrew Macginnitie, MD https://www.doximity.com/pub/andrew-macginnitie-md
Andrew McKnight, MD https://www.doximity.com/pub/andrew-mcknight-md
Andrew Moore, MD https://www.doximity.com/pub/andrew-moore-md
Andrew Murphy, MD https://www.doximity.com/pub/andrew-murphy-md-38eab9e7
Andrew Nickels, MD https://www.doximity.com/pub/andrew-nickels-md
Andrew Ober, MD https://www.doximity.com/pub/andrew-ober-md
Andrew Parker, MD https://www.doximity.com/pub/andrew-parker-md-384663e1
Andrew Pedinoff, MD https://www.doximity.com/pub/andrew-pedinoff-md
Andrew Pham, MD https://www.doximity.com/pub/andrew-pham-md
Andrew Rorie, MD https://www.doximity.com/pub/andrew-rorie-md
Andrew Sassack, MD https://www.doximity.com/pub/andrew-sassack-md
Andrew Saxon, MD https://www.doximity.com/pub/andrew-saxon-md
Andrew Singer, MD https://www.doximity.com/pub/andrew-singer-md-4c4c
Andrew Smith, MD https://www.doximity.com/pub/andrew-smith-md-f507542b
Andrew Sustiel, MD https://www.doximity.com/pub/andrew-sustiel-md
Andrew Van Hersh, MD https://www.doximity.com/pub/andrew-van-hersh-do
Andrew Vayonis, MD https://www.doximity.com/pub/andrew-vayonis-md
Andrew Weskamp, MD https://www.doximity.com/pub/andrew-weskamp-do
Andrew White, MD https://www.doximity.com/pub/andrew-white-md-d34e91d2
Andrew Wiznia, MD https://www.doximity.com/pub/andrew-wiznia-md
Andrey Leonov, MD https://www.doximity.com/pub/andrey-leonov-md
Andria Cheramie, MD https://www.doximity.com/pub/andria-cheramie-do
andy nodoc, MD https://www.doximity.com/pub/andy-nodoc-md
andy nowyw, MD https://www.doximity.com/pub/andy-nowyw-md
Anette Morris, MD https://www.doximity.com/pub/anette-morris-md
Aneysa Sane, MD https://www.doximity.com/pub/aneysa-sane-md
Angela Ahuja, MD https://www.doximity.com/pub/angela-ahuja-md
Angela Chan, MD https://www.doximity.com/pub/angela-chan-md-4eec5cea
Angela Chang, MD https://www.doximity.com/pub/angela-chang-md-1c4d1a0b
Angela Fadahunsi, MD https://www.doximity.com/pub/angela-fadahunsi-md
Angela Iacobelli, MD https://www.doximity.com/pub/angela-iacobelli-md
Angela Lombardi, MD https://www.doximity.com/pub/angela-lombardi-md
Angela Sabry, MD https://www.doximity.com/pub/angela-sabry-md
Angela Salanitro, MD https://www.doximity.com/pub/angela-salanitro-md
Angela Tsuang, MD https://www.doximity.com/pub/angela-tsuang-md
Angelina Crans Yoon, MD https://www.doximity.com/pub/angelina-crans-yoon-md
Angelo Freda, MD https://www.doximity.com/pub/angelo-freda-do
Angelo Mastrosimone, MD https://www.doximity.com/pub/angelo-mastrosimone-md
Angelo Spoto, MD https://www.doximity.com/pub/angelo-spoto-md
Angelos Koutsonikolis, MD https://www.doximity.com/pub/angelos-koutsonikolis-md
Anh Dai Nguyen, MD https://www.doximity.com/pub/anh-dai-nguyen-md
Anh Dao, MD https://www.doximity.com/pub/anh-dao-md-13e23991
Anh Nguyen, MD https://www.doximity.com/pub/anh-nguyen-md-19e618ab
Anil Badhwar, MD https://www.doximity.com/pub/anil-badhwar-md
Anil Gupta, MD https://www.doximity.com/pub/anil-gupta-md
Anil Nanda, MD https://www.doximity.com/pub/anil-nanda-md
Anil Patel, MD https://www.doximity.com/pub/anil-patel-md-e9a7f518
Anilkumar Katta, MD https://www.doximity.com/pub/anilkumar-katta-md
Anita Carmen Choy, MD https://www.doximity.com/pub/anita-carmen-choy-md
Anita Gewurz, MD https://www.doximity.com/pub/anita-gewurz-md
Anita Gheller-Rigoni, MD https://www.doximity.com/pub/anita-gheller-rigoni-do
Anita Kallepalli, MD https://www.doximity.com/pub/anita-kallepalli-md-5f070024
Anita Keswani, MD https://www.doximity.com/pub/anita-keswani-md
Anita Kohli-Pamnani, MD https://www.doximity.com/pub/anita-kohli-pamnani-md-a5c69afc
Anita Shvarts, MD https://www.doximity.com/pub/anita-shvarts-md
Anita Sivam, MD https://www.doximity.com/pub/anita-sivam-do
Anita Tam Su, MD https://www.doximity.com/pub/anita-tam-su-md
Anita Trikha, MD https://www.doximity.com/pub/anita-trikha-md
Anita Wasan, MD https://www.doximity.com/pub/anita-wasan-md
Anitha Shrikhande, MD https://www.doximity.com/pub/anitha-shrikhande-md
Anjana Khuntia, MD https://www.doximity.com/pub/anjana-khuntia-md
Anjeli Kalra, MD https://www.doximity.com/pub/anjeli-kalra-md
Anju Peters, MD https://www.doximity.com/pub/anju-peters-md
Anjuli Mehrotra, MD https://www.doximity.com/pub/anjuli-mehrotra-md
Anjum Rana, MD https://www.doximity.com/pub/anjum-rana-md
Anlin Xu, MD https://www.doximity.com/pub/anlin-xu-md
Ann Borreson, MD https://www.doximity.com/pub/ann-borreson-md
Ann Collier, MD https://www.doximity.com/pub/ann-collier-md
Ann Ghory, MD https://www.doximity.com/pub/ann-ghory-md
Ann Mighell, MD https://www.doximity.com/pub/ann-mighell-md
Ann Roberts, MD https://www.doximity.com/pub/ann-roberts-md-d690d69c
Ann Wang-Dohlman, MD https://www.doximity.com/pub/ann-wang-dohlman-md
Ann Wanner, MD https://www.doximity.com/pub/ann-wanner-md
Ann Zilliox, MD https://www.doximity.com/pub/ann-zilliox-md
Anna Arroyo, MD https://www.doximity.com/pub/anna-arroyo-md
Anna Dobracki, MD https://www.doximity.com/pub/anna-dobracki-md
Anna Feldweg, MD https://www.doximity.com/pub/anna-feldweg-md
Anna George, MD https://www.doximity.com/pub/anna-george-md-5b3dfc7b
Anna Gray, MD https://www.doximity.com/pub/anna-gray-md-9cd7b7c9
Anna Heisser, MD https://www.doximity.com/pub/anna-heisser-md
Anna Kochin, MD https://www.doximity.com/pub/anna-kochin-md
Anna Kovalszki, MD https://www.doximity.com/pub/anna-kovalszki-md
Anna Lang, MD https://www.doximity.com/pub/anna-lang-md
Anna Meyer, MD https://www.doximity.com/pub/anna-meyer-md-4624734b
Anna Nowak-Wegrzyn, MD https://www.doximity.com/pub/anna-nowak-wegrzyn-md
Anna Nowak-Wegrzyn, MD https://www.doximity.com/pub/anna-nowak-wegrzyn-md-328282e5
Anna O'Connor, MD https://www.doximity.com/pub/anna-o-connor-md-6c6de426
Anna Smith, MD https://www.doximity.com/pub/anna-smith-md-805e185a
Anna Szemiot, MD https://www.doximity.com/pub/anna-szemiot-md
Anna Wolfson, MD https://www.doximity.com/pub/anna-wolfson-md
Annamaria Mechtler, MD https://www.doximity.com/pub/annamaria-mechtler-md
Annamaria Mechtler, MD https://www.doximity.com/pub/annamaria-mechtler-md-2139e377
Annamma Jacob, MD https://www.doximity.com/pub/annamma-jacob-md
Anne Brenner, MD https://www.doximity.com/pub/anne-brenner-md-21e4312c
Anne Ditto, MD https://www.doximity.com/pub/anne-ditto-md-f0bfa003
Anne Duque, MD https://www.doximity.com/pub/anne-duque-md
Anne Erben, MD https://www.doximity.com/pub/anne-erben-md
Anne Goldfeld, MD https://www.doximity.com/pub/anne-goldfeld-md
Anne Lent, MD https://www.doximity.com/pub/anne-lent-md
Anne Liu, MD https://www.doximity.com/pub/anne-liu-md
Anne Maitland, MD https://www.doximity.com/pub/anne-maitland-md
Anne-Marie Irani, MD https://www.doximity.com/pub/anne-marie-irani-md
Anne Marie Singh, MD https://www.doximity.com/pub/anne-marie-singh-md
Anne McLaughlin, MD https://www.doximity.com/pub/anne-mclaughlin-md
Anne Miranowski, MD https://www.doximity.com/pub/anne-miranowski-md
Anne Pittman, MD https://www.doximity.com/pub/anne-pittman-md
Anne Staveren, MD https://www.doximity.com/pub/anne-staveren-md
Anne Szpindor, MD https://www.doximity.com/pub/anne-szpindor-md
Anne Yates, MD https://www.doximity.com/pub/anne-yates-md
Annely Richardson, MD https://www.doximity.com/pub/annely-richardson-md
Annette Carlisle, MD https://www.doximity.com/pub/annette-carlisle-md
Annette Fiorillo, MD https://www.doximity.com/pub/annette-fiorillo-do
Annette Legros, MD https://www.doximity.com/pub/annette-legros-md
Anon Srikiatkhachorn, MD https://www.doximity.com/pub/anon-srikiatkhachorn-md
Anoshie Ratnayake, MD https://www.doximity.com/pub/anoshie-ratnayake-md
Anthony Bonitatibus, MD https://www.doximity.com/pub/anthony-bonitatibus-md
Anthony DeMeo, MD https://www.doximity.com/pub/anthony-demeo-md
Anthony Gerardi, MD https://www.doximity.com/pub/anthony-gerardi-md
Anthony Henry, MD https://www.doximity.com/pub/anthony-henry-md
Anthony Hirsch, MD https://www.doximity.com/pub/anthony-hirsch-md
Anthony Horner, MD https://www.doximity.com/pub/anthony-horner-md
Anthony Kulczycki, MD https://www.doximity.com/pub/anthony-kulczycki-md
Anthony LaCava, MD https://www.doximity.com/pub/anthony-lacava-md
Anthony Lamarca, MD https://www.doximity.com/pub/anthony-lamarca-md-6affcdea
Anthony Lopresti, MD https://www.doximity.com/pub/anthony-lopresti-do
Anthony Montanaro, MD https://www.doximity.com/pub/anthony-montanaro-md
Anthony Nguyen, MD https://www.doximity.com/pub/anthony-nguyen-do-bccc2641
Anthony Orecchia, MD https://www.doximity.com/pub/anthony-orecchia-md
Anthony Ricci, MD https://www.doximity.com/pub/anthony-ricci-md-801e431f
Anthony Rooklin, MD https://www.doximity.com/pub/anthony-rooklin-md
Anthony Szema, MD https://www.doximity.com/pub/anthony-szema-md
Anthony Weido, MD https://www.doximity.com/pub/anthony-weido-md
Antoine Azar, MD https://www.doximity.com/pub/antoine-azar-md
Anton Dotson, MD https://www.doximity.com/pub/anton-dotson-md
Antonella Cianferoni, MD https://www.doximity.com/pub/antonella-cianferoni-md
Antonio Belda, MD https://www.doximity.com/pub/antonio-belda-md
Antonio Bunker-Soler, MD https://www.doximity.com/pub/antonio-bunker-soler-md
Antonio De La Cruz, MD https://www.doximity.com/pub/antonio-de-la-cruz-md
Anu Mallapaty, MD https://www.doximity.com/pub/anu-mallapaty-do
Anu Mongia, MD https://www.doximity.com/pub/anu-mongia-md
Anubha Tripathi, MD https://www.doximity.com/pub/anubha-tripathi-md
Anuj Dharwar, MD https://www.doximity.com/pub/anuj-dharwar-md
Anuja Kapil, MD https://www.doximity.com/pub/anuja-kapil-md
Anupama Kewalramani, MD https://www.doximity.com/pub/anupama-kewalramani-md
Anupama Padi, MD https://www.doximity.com/pub/anupama-padi-md
Anupama Ravi, MD https://www.doximity.com/pub/anupama-ravi-md-fc7870e8
Anuradha Shahnaz Fatteh, MD https://www.doximity.com/pub/anuradha-shahnaz-fatteh-md
Aparna Daley, MD https://www.doximity.com/pub/aparna-daley-md
Aparna Shah, MD https://www.doximity.com/pub/aparna-shah-md
Aparna Shah, MD https://www.doximity.com/pub/aparna-shah-md-1063f28d
Aparna Tatineni, MD https://www.doximity.com/pub/aparna-tatineni-md-cb9b77c2
Appaji Gondi, MD https://www.doximity.com/pub/appaji-gondi-md
April Arseneau, MD https://www.doximity.com/pub/april-arseneau-md
Aqil Imam, MD https://www.doximity.com/pub/aqil-imam-md
Arabelle Abellard, MD https://www.doximity.com/pub/arabelle-abellard-md
Araceli Elizalde, MD https://www.doximity.com/pub/araceli-elizalde-md
Aram Hanissian, MD https://www.doximity.com/pub/aram-hanissian-md
Archana Mehta, MD https://www.doximity.com/pub/archana-mehta-md-9740d105
Archana Narayan, MD https://www.doximity.com/pub/archana-narayan-md
Arfa Faiz, MD https://www.doximity.com/pub/arfa-faiz-md
Ari Fried, MD https://www.doximity.com/pub/ari-fried-md
Ari Heffes-Doon, MD https://www.doximity.com/pub/ari-heffes-doon-md
Ari Kounavis, MD https://www.doximity.com/pub/ari-kounavis-md
Ari Zelig, MD https://www.doximity.com/pub/ari-zelig-md
Ariana Buchanan, MD https://www.doximity.com/pub/ariana-buchanan-md
Ariel Leung, MD https://www.doximity.com/pub/ariel-leung-md
Aries Caesar Gavino, MD https://www.doximity.com/pub/aries-caesar-gavino-md
Aries Liu-Helm, MD https://www.doximity.com/pub/aries-liu-helm-md
Aristides Rodriguez, MD https://www.doximity.com/pub/aristides-rodriguez-md
Arkapol Piyamahunt, MD https://www.doximity.com/pub/arkapol-piyamahunt-md
Arlo Courter, MD https://www.doximity.com/pub/arlo-courter-md
Arman Pirzad, MD https://www.doximity.com/pub/arman-pirzad-md
Arnaldo Perez, MD https://www.doximity.com/pub/arnaldo-perez-md
Arnaud Wautlet, MD https://www.doximity.com/pub/arnaud-wautlet-md
Arnold Kirshenbaum, MD https://www.doximity.com/pub/arnold-kirshenbaum-md
Arnold Levinson, MD https://www.doximity.com/pub/arnold-levinson-md
Arsenio Vivera, MD https://www.doximity.com/pub/arsenio-vivera-md
Artemio Jongco, MD https://www.doximity.com/pub/artemio-jongco-md
Arthur Althaus, MD https://www.doximity.com/pub/arthur-althaus-md
Arthur Englard, MD https://www.doximity.com/pub/arthur-englard-md
Arthur Fokakis, MD https://www.doximity.com/pub/arthur-fokakis-md
Arthur Kurtz, MD https://www.doximity.com/pub/arthur-kurtz-md
Arthur Loesevitz, MD https://www.doximity.com/pub/arthur-loesevitz-md
Arthur Lubitz, MD https://www.doximity.com/pub/arthur-lubitz-md
Arthur McLean, MD https://www.doximity.com/pub/arthur-mclean-md
Arthur Rabson, MD https://www.doximity.com/pub/arthur-rabson-md
Arthur Torre, MD https://www.doximity.com/pub/arthur-torre-md
Arthur Turk, MD https://www.doximity.com/pub/arthur-turk-md
Arthur Vegh, MD https://www.doximity.com/pub/arthur-vegh-md
Arthur White, MD https://www.doximity.com/pub/arthur-white-md-42605a9b
Artie Shelton, MD https://www.doximity.com/pub/artie-shelton-md
Arturo Bonnin, MD https://www.doximity.com/pub/arturo-bonnin-md
Arun Kadambi, MD https://www.doximity.com/pub/arun-kadambi-md
Arveen Bhasin, MD https://www.doximity.com/pub/arveen-bhasin-md
Arveen Bhasin, MD https://www.doximity.com/pub/arveen-bhasin-md-a3a5
Arvind Kumar, MD https://www.doximity.com/pub/arvind-kumar-md
Arvind Madaan, MD https://www.doximity.com/pub/arvind-madaan-md
Arvinder Mokha, MD https://www.doximity.com/pub/arvinder-mokha-md
Arye Rubinstein, MD https://www.doximity.com/pub/arye-rubinstein-md
Arye Rubinstein, MD https://www.doximity.com/pub/arye-rubinstein-md-be9f94a6
Asadollah Shahideh, MD https://www.doximity.com/pub/asadollah-shahideh-md
Asal Gharib, MD https://www.doximity.com/pub/asal-gharib-md
asdf dsfg, MD https://www.doximity.com/pub/asdf-dsfg-do
Asek Makia, MD https://www.doximity.com/pub/asek-makia-md
Asha Desai, MD https://www.doximity.com/pub/asha-desai-md
Asha Gupta, MD https://www.doximity.com/pub/asha-gupta-md
Ashika Odhav, MD https://www.doximity.com/pub/ashika-odhav-md
Ashish Asawa, MD https://www.doximity.com/pub/ashish-asawa-md
Ashish Mathur, MD https://www.doximity.com/pub/ashish-mathur-md-8b8de95f
Ashlei Mathew, MD https://www.doximity.com/pub/ashlei-mathew-md
Ashley Ciliberti, MD https://www.doximity.com/pub/ashley-ciliberti-md
Ashley Devonshire, MD https://www.doximity.com/pub/ashley-devonshire-md
Ashley Emmert, MD https://www.doximity.com/pub/ashley-emmert-md
Ashley Escue, MD https://www.doximity.com/pub/ashley-escue-md
Ashley Hall, MD https://www.doximity.com/pub/ashley-hall-md
Ashley Jerath Tatum, MD https://www.doximity.com/pub/ashley-jerath-tatum-md
Ashley Kazatsky, MD https://www.doximity.com/pub/ashley-kazatsky-do
Ashley Lee, MD https://www.doximity.com/pub/ashley-lee-md-6701643a
Ashley Sandoval, MD https://www.doximity.com/pub/ashley-sandoval-md
Ashley Stoner, MD https://www.doximity.com/pub/ashley-stoner-md
Ashley Wu, MD https://www.doximity.com/pub/ashley-wu-md
Ashmi Doshi, MD https://www.doximity.com/pub/ashmi-doshi-md
Ashok Gandhi, MD https://www.doximity.com/pub/ashok-gandhi-md
Ashok Patel, MD https://www.doximity.com/pub/ashok-patel-md-2264d441
Ashok Shah, MD https://www.doximity.com/pub/ashok-shah-md/1
Ashvini Biswas, MD https://www.doximity.com/pub/ashvini-biswas-md
Ashwin Shankar, MD https://www.doximity.com/pub/ashwin-shankar-do
Ashwini Reddy, MD https://www.doximity.com/pub/ashwini-reddy-md-9a468f05
Asif Imam, MD https://www.doximity.com/pub/asif-imam-md
Asif Khan, MD https://www.doximity.com/pub/asif-khan-md-0d1aa9c7
Aslam Lateef, MD https://www.doximity.com/pub/aslam-lateef-md
Aslam Lateef, MD https://www.doximity.com/pub/aslam-lateef-md-86755bda
Asriani Chiu, MD https://www.doximity.com/pub/asriani-chiu-md
Asuncion Luz, MD https://www.doximity.com/pub/asuncion-luz-md
Asya Segalene, MD https://www.doximity.com/pub/asya-segalene-md
Athanasios Konstantinidis, MD https://www.doximity.com/pub/athanasios-konstantinidis-md
Athena Economides, MD https://www.doximity.com/pub/athena-economides-md
Atoosa Kourosh, MD https://www.doximity.com/pub/atoosa-kourosh-md
Aubrey Ziegler, MD https://www.doximity.com/pub/aubrey-ziegler-md
Aubri Waters, MD https://www.doximity.com/pub/aubri-waters-md
Audrey Park, MD https://www.doximity.com/pub/audrey-park-md
Audrey Weissman, MD https://www.doximity.com/pub/audrey-weissman-md
August Jillian Generoso, MD https://www.doximity.com/pub/august-jillian-generoso-md
Augusto Ochoa, MD https://www.doximity.com/pub/augusto-ochoa-md
Aurapin Sukanich, MD https://www.doximity.com/pub/aurapin-sukanich-md
Autumn Burnette, MD https://www.doximity.com/pub/autumn-burnette-md
Autumn Guyer, MD https://www.doximity.com/pub/autumn-guyer-md
Avi Deener, MD https://www.doximity.com/pub/avi-deener-md
Avni Joshi, MD https://www.doximity.com/pub/avni-joshi-md
Avraham Beigelman, MD https://www.doximity.com/pub/avraham-beigelman-md
Avraham Giannini, MD https://www.doximity.com/pub/avraham-giannini-md
Avraham Kadar, MD https://www.doximity.com/pub/avraham-kadar-md
Avram Derrow, MD https://www.doximity.com/pub/avram-derrow-md
Avram Derrow, MD https://www.doximity.com/pub/avram-derrow-md-7e361454
Ayesha Siddiqi, MD https://www.doximity.com/pub/ayesha-siddiqi-md
Ayman Alibrahim, MD https://www.doximity.com/pub/ayman-alibrahim-md
Ayman Aouthmany, MD https://www.doximity.com/pub/ayman-aouthmany-md
Aymeric Louit, MD https://www.doximity.com/pub/aymeric-louit-md
B Newman, MD https://www.doximity.com/pub/b-newman-md
Babatunde Adeyemi, MD https://www.doximity.com/pub/babatunde-adeyemi-md
Badrul Chowdhury, MD https://www.doximity.com/pub/badrul-chowdhury-md
Baiju Malde, MD https://www.doximity.com/pub/baiju-malde-md
Ballambat Bhat, MD https://www.doximity.com/pub/ballambat-bhat-md
Balraj Bajaj, MD https://www.doximity.com/pub/balraj-bajaj-md
Baltazar Remigio Espiritu, MD https://www.doximity.com/pub/baltazar-remigio-espiritu-md
Ban Wang, MD https://www.doximity.com/pub/ban-wang-md
Barbara Ariue, MD https://www.doximity.com/pub/barbara-ariue-md
Barbara Baxter, MD https://www.doximity.com/pub/barbara-baxter-md
Barbara Brunet, MD https://www.doximity.com/pub/barbara-brunet-md
Barbara Chilmonczyk, MD https://www.doximity.com/pub/barbara-chilmonczyk-md
Barbara Conner-Andersen, MD https://www.doximity.com/pub/barbara-conner-andersen-md
Barbara Deuell, MD https://www.doximity.com/pub/barbara-deuell-md
Barbara Isaacs, MD https://www.doximity.com/pub/barbara-isaacs-md
Barbara Jost, MD https://www.doximity.com/pub/barbara-jost-md
Barbara Karpel, MD https://www.doximity.com/pub/barbara-karpel-md
Barbara Mackie, MD https://www.doximity.com/pub/barbara-mackie-md
Barbara Magera, MD https://www.doximity.com/pub/barbara-magera-md
Barbara Martinez, MD https://www.doximity.com/pub/barbara-martinez-md-8bde
Barrie Weisman, MD https://www.doximity.com/pub/barrie-weisman-md
Barry Alper, MD https://www.doximity.com/pub/barry-alper-md
Barry Asman, MD https://www.doximity.com/pub/barry-asman-md
Barry Cooper, MD https://www.doximity.com/pub/barry-cooper-md-ac69f1ad
Barry Feinstein, MD https://www.doximity.com/pub/barry-feinstein-md
Barry Feinstein, MD https://www.doximity.com/pub/barry-feinstein-md-6f3944c6
Barry Kohn, MD https://www.doximity.com/pub/barry-kohn-md
Barry Lampl, MD https://www.doximity.com/pub/barry-lampl-do
Barry Mark, MD https://www.doximity.com/pub/barry-mark-md
Barry Paull, MD https://www.doximity.com/pub/barry-paull-md-a13c049a
Barry Pelz, MD https://www.doximity.com/pub/barry-pelz-md
Barry Rhodes, MD https://www.doximity.com/pub/barry-rhodes-md
Barry Seinfeld, MD https://www.doximity.com/pub/barry-seinfeld-md
Barry Weinreb, MD https://www.doximity.com/pub/barry-weinreb-md
Bart Leyko, MD https://www.doximity.com/pub/bart-leyko-md
Barton Haynes, MD https://www.doximity.com/pub/barton-haynes-md
Barton Inkeles, MD https://www.doximity.com/pub/barton-inkeles-md
Baruch Friedman, MD https://www.doximity.com/pub/baruch-friedman-md
Barzin Khalili, MD https://www.doximity.com/pub/barzin-khalili-md
Basil Kahwash, MD https://www.doximity.com/pub/basil-kahwash-md
Basma Armanious, MD https://www.doximity.com/pub/basma-armanious-md
Bassem Chahine, MD https://www.doximity.com/pub/bassem-chahine-md
Batenga Obuseh, MD https://www.doximity.com/pub/batenga-obuseh-md
Bdog Bdog, MD https://www.doximity.com/pub/bdog-bdog-md
Becky Buelow, MD https://www.doximity.com/pub/becky-buelow-md
Bediola Badie, MD https://www.doximity.com/pub/bediola-badie-md
Behnam Daghigh, MD https://www.doximity.com/pub/behnam-daghigh-md
Bela Faltay, MD https://www.doximity.com/pub/bela-faltay-md
Belen Tan, MD https://www.doximity.com/pub/belen-tan-md
Belinda Graham, MD https://www.doximity.com/pub/belinda-graham-md
Belle Peralejo, MD https://www.doximity.com/pub/belle-peralejo-md
Benjamin Close, MD https://www.doximity.com/pub/benjamin-close-md
Benjamin Davis, MD https://www.doximity.com/pub/benjamin-davis-md-b3a20310
Benjamin Oyefara, MD https://www.doximity.com/pub/benjamin-oyefara-md
Benjamin Prince, MD https://www.doximity.com/pub/benjamin-prince-md
Benjamin Rahoy, MD https://www.doximity.com/pub/benjamin-rahoy-do
Benjamin Solomon, MD https://www.doximity.com/pub/benjamin-solomon-md-9fd3ceff
Benjamin Song, MD https://www.doximity.com/pub/benjamin-song-md
Benjamin Soule, MD https://www.doximity.com/pub/benjamin-soule-md
Benjamin Stewart-Bates, MD https://www.doximity.com/pub/benjamin-stewart-bates-do
Benjamin Wright, MD https://www.doximity.com/pub/benjamin-wright-md-0c3e72a8
Bennett Radford, MD https://www.doximity.com/pub/bennett-radford-do
Bernard Adelsberg, MD https://www.doximity.com/pub/bernard-adelsberg-md
Bernard Feigenbaum, MD https://www.doximity.com/pub/bernard-feigenbaum-md
Bernard Feldman, MD https://www.doximity.com/pub/bernard-feldman-md-0870e9db
Bernard Fruge, MD https://www.doximity.com/pub/bernard-fruge-md
Bernard Geller, MD https://www.doximity.com/pub/bernard-geller-md
Bernard Silverman, MD https://www.doximity.com/pub/bernard-silverman-md
Bernard Zeffren, MD https://www.doximity.com/pub/bernard-zeffren-md
Bernardo Villacis, MD https://www.doximity.com/pub/bernardo-villacis-md
Bertram Kahn, MD https://www.doximity.com/pub/bertram-kahn-md
Beth Gill, MD https://www.doximity.com/pub/beth-gill-md
Beth Kapadia, MD https://www.doximity.com/pub/beth-kapadia-md
Beth Miller, MD https://www.doximity.com/pub/beth-miller-md
Beth Rubinstein, MD https://www.doximity.com/pub/beth-rubinstein-md
Beth Seiler, MD https://www.doximity.com/pub/beth-seiler-md
Bethany Barnes, MD https://www.doximity.com/pub/bethany-barnes-md
Bethany Gibson, MD https://www.doximity.com/pub/bethany-gibson-md
Betty Chang, MD https://www.doximity.com/pub/betty-chang-md-01bd5648
Betty Liu, MD https://www.doximity.com/pub/betty-liu-md-d283fb8b
Betty Miller-Kolotkin, MD https://www.doximity.com/pub/betty-miller-kolotkin-md
Betty Mirro, MD https://www.doximity.com/pub/betty-mirro-md
Beverly Di Giorgi, MD https://www.doximity.com/pub/beverly-di-giorgi-md
Bhavin Patel, MD https://www.doximity.com/pub/bhavin-patel-md
Bhavini Trivedi, MD https://www.doximity.com/pub/bhavini-trivedi-md
Bhavisha Patel, MD https://www.doximity.com/pub/bhavisha-patel-md-224d66b8
Bhushan Gupta, MD https://www.doximity.com/pub/bhushan-gupta-md
Bichphuong Nguyen, MD https://www.doximity.com/pub/bichphuong-nguyen-md
Bienvenido Lamorena, MD https://www.doximity.com/pub/bienvenido-lamorena-md
Bill Hefley, MD https://www.doximity.com/pub/bill-hefley-md
Bimaljit Pangli, MD https://www.doximity.com/pub/bimaljit-pangli-md
Bina Joseph, MD https://www.doximity.com/pub/bina-joseph-md
Binaca Gaglani, MD https://www.doximity.com/pub/binaca-gaglani-md
Bindu Bennuri, MD https://www.doximity.com/pub/bindu-bennuri-md-1e27676e
Binita Amin, MD https://www.doximity.com/pub/binita-amin-md
Binod Thakur, MD https://www.doximity.com/pub/binod-thakur-md
Blake Olmsted, MD https://www.doximity.com/pub/blake-olmsted-md
Blake Scheer, MD https://www.doximity.com/pub/blake-scheer-md
Blanka Kaplan, MD https://www.doximity.com/pub/blanka-kaplan-md
Bob Geng, MD https://www.doximity.com/pub/bob-geng-md
Bob Miyake, MD https://www.doximity.com/pub/bob-miyake-md
Bobby Lanier, MD https://www.doximity.com/pub/bobby-lanier-md
Bohdan Oryshkevich, MD https://www.doximity.com/pub/bohdan-oryshkevich-md
Bonita Wilson, MD https://www.doximity.com/pub/bonita-wilson-md
Bonnie Baswell, MD https://www.doximity.com/pub/bonnie-baswell-md
Bora Kim, MD https://www.doximity.com/pub/bora-kim-do
Boris Balson, MD https://www.doximity.com/pub/boris-balson-md
Boris Lokshin, MD https://www.doximity.com/pub/boris-lokshin-md
Boyan Hadjiev, MD https://www.doximity.com/pub/boyan-hadjiev-md
Boyce Hornberger, MD https://www.doximity.com/pub/boyce-hornberger-md
Brad Espinoza, MD https://www.doximity.com/pub/brad-espinoza-md
Brad Goodman, MD https://www.doximity.com/pub/brad-goodman-md
Brad Kittredge, MD https://www.doximity.com/pub/brad-kittredge-md
Brad Mcclimon, MD https://www.doximity.com/pub/brad-mcclimon-md
Bradley Becker, MD https://www.doximity.com/pub/bradley-becker-md
Bradley Boelkins, MD https://www.doximity.com/pub/bradley-boelkins-md
Bradley Chipps, MD https://www.doximity.com/pub/bradley-chipps-md
Bradley Cromar, MD https://www.doximity.com/pub/bradley-cromar-md
Bradley Goff, MD https://www.doximity.com/pub/bradley-goff-md
Bradley Locke, MD https://www.doximity.com/pub/bradley-locke-do
Bradley Rankin, MD https://www.doximity.com/pub/bradley-rankin-md
Bradley Sabin, MD https://www.doximity.com/pub/bradley-sabin-md-c0eeb95a
Brandi Dyer, MD https://www.doximity.com/pub/brandi-dyer-md
Brandon Hill, MD https://www.doximity.com/pub/brandon-hill-md
Brandon Humble, MD https://www.doximity.com/pub/brandon-humble-md
Brandon Kucksdorf, MD https://www.doximity.com/pub/brandon-kucksdorf-md
Brandon Ross, MD https://www.doximity.com/pub/brandon-ross-md
Branimir Catipovic, MD https://www.doximity.com/pub/branimir-catipovic-md
Brant Ward, MD https://www.doximity.com/pub/brant-ward-md
Breanne Hayes, MD https://www.doximity.com/pub/breanne-hayes-do
Breck Nichols, MD https://www.doximity.com/pub/breck-nichols-md
Brenda Foley, MD https://www.doximity.com/pub/brenda-foley-md-91183d63
Brenda Guyer, MD https://www.doximity.com/pub/brenda-guyer-md
Brenna LaBere, MD https://www.doximity.com/pub/brenna-labere-md
Brennen Lark, MD https://www.doximity.com/pub/brennen-lark-md
Bret Haymore, MD https://www.doximity.com/pub/bret-haymore-md
Brett Coons, MD https://www.doximity.com/pub/brett-coons-md
Brett Hronek, MD https://www.doximity.com/pub/brett-hronek-md
Brett Kettelhut, MD https://www.doximity.com/pub/brett-kettelhut-md
Brett Stanaland, MD https://www.doximity.com/pub/brett-stanaland-md
Brian Brennan, MD https://www.doximity.com/pub/brian-brennan-md
Brian Burgess, MD https://www.doximity.com/pub/brian-burgess-md/1
Brian Dantzler, MD https://www.doximity.com/pub/brian-dantzler-md
Brian Greenberg, MD https://www.doximity.com/pub/brian-greenberg-md
Brian Jackson, MD https://www.doximity.com/pub/brian-jackson-md-3ec25f53
Brian Kelly, MD https://www.doximity.com/pub/brian-kelly-md-121c64b7
Brian Lipson, MD https://www.doximity.com/pub/brian-lipson-md-5b532120
Brian Miller, MD https://www.doximity.com/pub/brian-miller-do
Brian Millhollon, MD https://www.doximity.com/pub/brian-millhollon-md
Brian Modena, MD https://www.doximity.com/pub/brian-modena-md
Brian Novick, MD https://www.doximity.com/pub/brian-novick-md
Brian Reed, MD https://www.doximity.com/pub/brian-reed-md-b97d6138
Brian Safier, MD https://www.doximity.com/pub/brian-safier-md
Brian Schroer, MD https://www.doximity.com/pub/brian-schroer-md
Brian Smart, MD https://www.doximity.com/pub/brian-smart-md
Brian Stone, MD https://www.doximity.com/pub/brian-stone-md
Brian Tison, MD https://www.doximity.com/pub/brian-tison-md
Brian Vickery, MD https://www.doximity.com/pub/brian-vickery-md
Brian Wilson, MD https://www.doximity.com/pub/brian-wilson-md-dec41a68
Brianne Navetta-Modrov, MD https://www.doximity.com/pub/brianne-navetta-modrov-md
Brianne Navetta-Modrov, MD https://www.doximity.com/pub/brianne-navetta-modrov-md-4597b4eb
Brice Rolston, MD https://www.doximity.com/pub/brice-rolston-md
Bridget Joseph, MD https://www.doximity.com/pub/bridget-joseph-md
Bridget Wilson, MD https://www.doximity.com/pub/bridget-wilson-md-68c458a6
Bridgette Jones, MD https://www.doximity.com/pub/bridgette-jones-md
Britta Sundquist, MD https://www.doximity.com/pub/britta-sundquist-md
Brittanie Neaves, MD https://www.doximity.com/pub/brittanie-neaves-md
Brittany Bindon, MD https://www.doximity.com/pub/brittany-bindon-md
Brittany Esty, MD https://www.doximity.com/pub/brittany-esty-md-becdce93
Brittany Hines, MD https://www.doximity.com/pub/brittany-hines-md
Britton Georges, MD https://www.doximity.com/pub/britton-georges-md
Brock Sherman, MD https://www.doximity.com/pub/brock-sherman-md
Brooke Harmssen, MD https://www.doximity.com/pub/brooke-harmssen-do
Brooke Polk, MD https://www.doximity.com/pub/brooke-polk-md
Bruce Ball, MD https://www.doximity.com/pub/bruce-ball-md
Bruce Berlow, MD https://www.doximity.com/pub/bruce-berlow-md
Bruce Birkby, MD https://www.doximity.com/pub/bruce-birkby-md
Bruce Bochner, MD https://www.doximity.com/pub/bruce-bochner-md
Bruce Charous, MD https://www.doximity.com/pub/bruce-charous-md
Bruce Corsello, MD https://www.doximity.com/pub/bruce-corsello-md
Bruce DeCotiis, MD https://www.doximity.com/pub/bruce-decotiis-md
Bruce Edwards, MD https://www.doximity.com/pub/bruce-edwards-md-415899c5
Bruce Englander, MD https://www.doximity.com/pub/bruce-englander-md
Bruce Feldman, MD https://www.doximity.com/pub/bruce-feldman-md-28c3
Bruce Finkel, MD https://www.doximity.com/pub/bruce-finkel-md
Bruce Friedman, MD https://www.doximity.com/pub/bruce-friedman-md
Bruce Goldberg, MD https://www.doximity.com/pub/bruce-goldberg-md-c370876c
Bruce Goldstein, MD https://www.doximity.com/pub/bruce-goldstein-md
Bruce Kenamore, MD https://www.doximity.com/pub/bruce-kenamore-md
Bruce Martin, MD https://www.doximity.com/pub/bruce-martin-do
Bruce May, MD https://www.doximity.com/pub/bruce-may-md
Bruce McClenathan, MD https://www.doximity.com/pub/bruce-mcclenathan-md
Bruce Paterson, MD https://www.doximity.com/pub/bruce-paterson-md
Bruce Pfuetze, MD https://www.doximity.com/pub/bruce-pfuetze-md
Bruce Polender, MD https://www.doximity.com/pub/bruce-polender-md
Bruce Prenner, MD https://www.doximity.com/pub/bruce-prenner-md
Bruce Ryhal, MD https://www.doximity.com/pub/bruce-ryhal-md
Bruce Tempest, MD https://www.doximity.com/pub/bruce-tempest-md
Bruce Zuraw, MD https://www.doximity.com/pub/bruce-zuraw-md
Bryan Martin, MD https://www.doximity.com/pub/bryan-martin-do
