Berenice Rivera-Cruz, MD https://www.doximity.com/cv/dr-berenice-rivera-cruz-crna
John Allen, MD https://www.doximity.com/cv/john-allen-crna-83ccf8b6
Leon Sanders, MD https://www.doximity.com/cv/leon-sanders-np-slash-1
Cesar Visurraga, MD https://www.doximity.com/cv/marylandcrnastaffing
Meejin Shim, MD https://www.doximity.com/cv/meejins
Mary Nichols, MD https://www.doximity.com/cv/mnicholscrna
Gabriel Dietsch, MD https://www.doximity.com/cv/nationalresearch
Matthew Halliday, MD https://www.doximity.com/cv/none
Paul Tung, MD https://www.doximity.com/cv/paul-tung-dnp-crna
Rita Nolind, MD https://www.doximity.com/cv/rita-nolind-crna
A Cranor, MD https://www.doximity.com/pub/a-cranor-crna
A Eric Vega, MD https://www.doximity.com/pub/a-eric-vega-crna
A Foote, MD https://www.doximity.com/pub/a-foote-crna
A Nelson, MD https://www.doximity.com/pub/a-nelson-crna
Aalamjot Bhuller, MD https://www.doximity.com/pub/aalamjot-bhuller-crna
Aaliyah Fantroy, MD https://www.doximity.com/pub/aaliyah-fantroy-crna
Aaren Marecki, MD https://www.doximity.com/pub/aaren-marecki-crna
Aaron Abraham, MD https://www.doximity.com/pub/aaron-abraham-crna
Aaron Acello, MD https://www.doximity.com/pub/aaron-acello-crna
Aaron Ainsworth, MD https://www.doximity.com/pub/aaron-ainsworth-crna
Aaron Alcorn, MD https://www.doximity.com/pub/aaron-alcorn-crna
Aaron Anderson, MD https://www.doximity.com/pub/aaron-anderson-crna
Aaron Archer, MD https://www.doximity.com/pub/aaron-archer-crna
Aaron Bell, MD https://www.doximity.com/pub/aaron-bell-crna
Aaron Binder, MD https://www.doximity.com/pub/aaron-binder-crna
Aaron Blackerby, MD https://www.doximity.com/pub/aaron-blackerby-crna
Aaron Bronson, MD https://www.doximity.com/pub/aaron-bronson-crna
Aaron Bryan, MD https://www.doximity.com/pub/aaron-bryan-crna
Aaron Buck, MD https://www.doximity.com/pub/aaron-buck-crna
Aaron Burd, MD https://www.doximity.com/pub/aaron-burd-crna
Aaron Burt, MD https://www.doximity.com/pub/aaron-burt-crna
Aaron Carroll, MD https://www.doximity.com/pub/aaron-carroll-crna
Aaron Champagne, MD https://www.doximity.com/pub/aaron-champagne-crna
Aaron Chenowith, MD https://www.doximity.com/pub/aaron-chenowith-crna
Aaron Cole, MD https://www.doximity.com/pub/aaron-cole-crna
Aaron Collins, MD https://www.doximity.com/pub/aaron-collins-crna
Aaron Cordle, MD https://www.doximity.com/pub/aaron-cordle-crna
Aaron Corn, MD https://www.doximity.com/pub/aaron-corn-crna
Aaron Crowell, MD https://www.doximity.com/pub/aaron-crowell-crna
Aaron Crowther, MD https://www.doximity.com/pub/aaron-crowther-crna
Aaron Davis, MD https://www.doximity.com/pub/aaron-davis-crna
Aaron Dehart, MD https://www.doximity.com/pub/aaron-dehart-crna
Aaron Demler-barth, MD https://www.doximity.com/pub/aaron-demler-barth-crna
Aaron Devallance, MD https://www.doximity.com/pub/aaron-devallance-crna
Aaron Doverspike, MD https://www.doximity.com/pub/aaron-doverspike-crna
Aaron Downs, MD https://www.doximity.com/pub/aaron-downs-crna
Aaron Drees, MD https://www.doximity.com/pub/aaron-drees-crna
Aaron Eastman, MD https://www.doximity.com/pub/aaron-eastman-crna
Aaron Egelkraut, MD https://www.doximity.com/pub/aaron-egelkraut-crna
Aaron Elliott, MD https://www.doximity.com/pub/aaron-elliott-crna
Aaron Elmore, MD https://www.doximity.com/pub/aaron-elmore-crna
Aaron English, MD https://www.doximity.com/pub/aaron-english-crna
Aaron Forbes, MD https://www.doximity.com/pub/aaron-forbes-crna
Aaron Frazer, MD https://www.doximity.com/pub/aaron-frazer-crna
Aaron Gardner, MD https://www.doximity.com/pub/aaron-gardner-crna
Aaron Gaskins, MD https://www.doximity.com/pub/aaron-gaskins-crna
Aaron Gilbreath, MD https://www.doximity.com/pub/aaron-gilbreath-crna
Aaron Gonzalez-Birr, MD https://www.doximity.com/pub/aaron-gonzalez-birr-crna
Aaron Gopp, MD https://www.doximity.com/pub/aaron-gopp-crna
Aaron Gordon, MD https://www.doximity.com/pub/aaron-gordon-crna
Aaron Gross, MD https://www.doximity.com/pub/aaron-gross-crna
Aaron Gross, MD https://www.doximity.com/pub/aaron-gross-crna-5b5e
Aaron Hall, MD https://www.doximity.com/pub/aaron-hall-crna
Aaron Hall, MD https://www.doximity.com/pub/aaron-hall-crna-bbea
Aaron Hankowitz, MD https://www.doximity.com/pub/aaron-hankowitz-crna
Aaron Harrington, MD https://www.doximity.com/pub/aaron-harrington-crna
Aaron Hess, MD https://www.doximity.com/pub/aaron-hess-crna
Aaron Hoard, MD https://www.doximity.com/pub/aaron-hoard-crna
Aaron Holloway, MD https://www.doximity.com/pub/aaron-holloway-crna
Aaron Holmes, MD https://www.doximity.com/pub/aaron-holmes-crna
Aaron Holverson, MD https://www.doximity.com/pub/aaron-holverson-crna
Aaron Huber, MD https://www.doximity.com/pub/aaron-huber-crna
Aaron Hudson, MD https://www.doximity.com/pub/aaron-hudson-crna
Aaron Husk, MD https://www.doximity.com/pub/aaron-husk-crna
Aaron Iverson, MD https://www.doximity.com/pub/aaron-iverson-crna
Aaron Jacob, MD https://www.doximity.com/pub/aaron-jacob-crna
Aaron Jamison, MD https://www.doximity.com/pub/aaron-jamison-crna
Aaron Jones, MD https://www.doximity.com/pub/aaron-jones-crna
Aaron Juliar, MD https://www.doximity.com/pub/aaron-juliar-crna
Aaron Kemmling, MD https://www.doximity.com/pub/aaron-kemmling-crna
Aaron Kendall, MD https://www.doximity.com/pub/aaron-kendall-crna
Aaron Ketcher, MD https://www.doximity.com/pub/aaron-ketcher-crna
Aaron Khemcharoen, MD https://www.doximity.com/pub/aaron-khemcharoen-crna
Aaron Kowalczyk, MD https://www.doximity.com/pub/aaron-kowalczyk-crna
Aaron Kraus, MD https://www.doximity.com/pub/aaron-kraus-crna
Aaron Krenek, MD https://www.doximity.com/pub/aaron-krenek-crna
Aaron Krueger, MD https://www.doximity.com/pub/aaron-krueger-crna
Aaron Lahasky, MD https://www.doximity.com/pub/aaron-lahasky-crna
Aaron Lahr, MD https://www.doximity.com/pub/aaron-lahr-crna
Aaron Lancaster, MD https://www.doximity.com/pub/aaron-lancaster-crna
Aaron Landers, MD https://www.doximity.com/pub/aaron-landers-crna
Aaron Lawver, MD https://www.doximity.com/pub/aaron-lawver-crna
Aaron Leddy, MD https://www.doximity.com/pub/aaron-leddy-crna
Aaron Lemmon, MD https://www.doximity.com/pub/aaron-lemmon-crna
Aaron Lewis, MD https://www.doximity.com/pub/aaron-lewis-crna
Aaron Lindquist, MD https://www.doximity.com/pub/aaron-lindquist-crna
Aaron Loida, MD https://www.doximity.com/pub/aaron-loida-crna
Aaron Lozzi, MD https://www.doximity.com/pub/aaron-lozzi-crna
Aaron Lybarger, MD https://www.doximity.com/pub/aaron-lybarger-crna
Aaron Macquesten, MD https://www.doximity.com/pub/aaron-macquesten-crna
Aaron May, MD https://www.doximity.com/pub/aaron-may-crna
Aaron McClellan, MD https://www.doximity.com/pub/aaron-mcclellan-crna
Aaron McCoy, MD https://www.doximity.com/pub/aaron-mccoy-crna
Aaron Mcdaniel, MD https://www.doximity.com/pub/aaron-mcdaniel-crna
Aaron Mcdaniel, MD https://www.doximity.com/pub/aaron-mcdaniel-crna-fe504919
Aaron Mcneilan, MD https://www.doximity.com/pub/aaron-mcneilan-crna
Aaron Meehl, MD https://www.doximity.com/pub/aaron-meehl-crna
Aaron Mojica, MD https://www.doximity.com/pub/aaron-mojica-crna
Aaron Mortensen, MD https://www.doximity.com/pub/aaron-mortensen-crna
Aaron Moulton, MD https://www.doximity.com/pub/aaron-moulton-crna
Aaron Nikolaus, MD https://www.doximity.com/pub/aaron-nikolaus-crna
Aaron Niskala, MD https://www.doximity.com/pub/aaron-niskala-crna
Aaron Norton, MD https://www.doximity.com/pub/aaron-norton-crna
Aaron Norton, MD https://www.doximity.com/pub/aaron-norton-crna-12405231
Aaron Novak, MD https://www.doximity.com/pub/aaron-novak-crna
Aaron Ostrowski, MD https://www.doximity.com/pub/aaron-ostrowski-crna
Aaron Ous, MD https://www.doximity.com/pub/aaron-ous-crna
Aaron Paplaskas, MD https://www.doximity.com/pub/aaron-paplaskas-crna
Aaron Petersen, MD https://www.doximity.com/pub/aaron-petersen-crna
Aaron Pittsley, MD https://www.doximity.com/pub/aaron-pittsley-crna
Aaron Quach, MD https://www.doximity.com/pub/aaron-quach-crna
Aaron Ragan, MD https://www.doximity.com/pub/aaron-ragan-crna
Aaron Ray, MD https://www.doximity.com/pub/aaron-ray-crna
Aaron Reed, MD https://www.doximity.com/pub/aaron-reed-crna
Aaron Reid, MD https://www.doximity.com/pub/aaron-reid-crna
Aaron Rogers, MD https://www.doximity.com/pub/aaron-rogers-crna
Aaron Roth, MD https://www.doximity.com/pub/aaron-roth-crna
Aaron Rudd, MD https://www.doximity.com/pub/aaron-rudd-crna
Aaron Sexton, MD https://www.doximity.com/pub/aaron-sexton-crna
Aaron Skidmore, MD https://www.doximity.com/pub/aaron-skidmore-crna
Aaron St. Vrain, MD https://www.doximity.com/pub/aaron-st-vrain-crna
Aaron Starks, MD https://www.doximity.com/pub/aaron-starks-crna
Aaron Stein, MD https://www.doximity.com/pub/aaron-stein-crna
Aaron Storsved, MD https://www.doximity.com/pub/aaron-storsved-crna
Aaron Street, MD https://www.doximity.com/pub/aaron-street-crna
Aaron Suarez, MD https://www.doximity.com/pub/aaron-suarez-crna
Aaron Sundberg, MD https://www.doximity.com/pub/aaron-sundberg-crna
Aaron Taylor, MD https://www.doximity.com/pub/aaron-taylor-crna
Aaron Tempel, MD https://www.doximity.com/pub/aaron-tempel-crna
Aaron Tevay, MD https://www.doximity.com/pub/aaron-tevay-crna
Aaron Thornton, MD https://www.doximity.com/pub/aaron-thornton-crna
Aaron Towler, MD https://www.doximity.com/pub/aaron-towler-crna
Aaron Vanderwall, MD https://www.doximity.com/pub/aaron-vanderwall-crna
Aaron Villarreal, MD https://www.doximity.com/pub/aaron-villarreal-crna
Aaron Vizcarra, MD https://www.doximity.com/pub/aaron-vizcarra-crna
Aaron Vollenweider, MD https://www.doximity.com/pub/aaron-vollenweider-crna
Aaron Walker, MD https://www.doximity.com/pub/aaron-walker-crna
Aaron Waters, MD https://www.doximity.com/pub/aaron-waters-crna
Aaron Wede, MD https://www.doximity.com/pub/aaron-wede-crna
Aaron Weinzettel, MD https://www.doximity.com/pub/aaron-weinzettel-crna
Aaron Welch, MD https://www.doximity.com/pub/aaron-welch-crna
Aaron Williams, MD https://www.doximity.com/pub/aaron-williams-crna
Aaron Woodward, MD https://www.doximity.com/pub/aaron-woodward-crna
Aaron Zewatsky, MD https://www.doximity.com/pub/aaron-zewatsky-crna
Aaron Zondlo, MD https://www.doximity.com/pub/aaron-zondlo-crna
Aaronique Anthony, MD https://www.doximity.com/pub/aaronique-anthony-crna
Aaryo Bakhtiar, MD https://www.doximity.com/pub/aaryo-bakhtiar-crna
Abbe Fannin, MD https://www.doximity.com/pub/abbe-fannin-crna
Abbey Beck, MD https://www.doximity.com/pub/abbey-beck-crna
Abbey Campbell, MD https://www.doximity.com/pub/abbey-campbell-crna
Abbey Fields, MD https://www.doximity.com/pub/abbey-fields-crna
Abbey Hawkins, MD https://www.doximity.com/pub/abbey-hawkins-crna
Abbey Langman, MD https://www.doximity.com/pub/abbey-langman-crna
Abbey Lowder, MD https://www.doximity.com/pub/abbey-lowder-crna
Abbey Markley, MD https://www.doximity.com/pub/abbey-markley-crna
Abbey Meyer, MD https://www.doximity.com/pub/abbey-meyer-crna
Abbey Peppers, MD https://www.doximity.com/pub/abbey-peppers-crna
Abbey Reynolds, MD https://www.doximity.com/pub/abbey-reynolds-crna
Abbey Ryder, MD https://www.doximity.com/pub/abbey-ryder-crna
Abbey Schmolinske, MD https://www.doximity.com/pub/abbey-schmolinske-crna
Abbey Travis, MD https://www.doximity.com/pub/abbey-travis-crna
Abbey Wonders, MD https://www.doximity.com/pub/abbey-wonders-crna
Abbie Jungermann, MD https://www.doximity.com/pub/abbie-jungermann-crna
Abbie Meadows, MD https://www.doximity.com/pub/abbie-meadows-crna
Abbie Susie, MD https://www.doximity.com/pub/abbie-susie-crna
Abbie Volz, MD https://www.doximity.com/pub/abbie-volz-crna
Abbigail Hatch Williams, MD https://www.doximity.com/pub/abbigail-hatch-williams-crna
Abby Benke, MD https://www.doximity.com/pub/abby-benke-crna
Abby Bisch, MD https://www.doximity.com/pub/abby-bisch-crna
Abby Bobo, MD https://www.doximity.com/pub/abby-bobo-crna
Abby Branch, MD https://www.doximity.com/pub/abby-branch-crna
Abby Cabrera, MD https://www.doximity.com/pub/abby-cabrera-crna
Abby Cleminson, MD https://www.doximity.com/pub/abby-cleminson-crna
Abby Friesen, MD https://www.doximity.com/pub/abby-friesen-crna
Abby Godwin, MD https://www.doximity.com/pub/abby-godwin-crna
Abby Hall, MD https://www.doximity.com/pub/abby-hall-crna
Abby Hoyer, MD https://www.doximity.com/pub/abby-hoyer-crna
Abby Link, MD https://www.doximity.com/pub/abby-link-crna
Abby Marinello, MD https://www.doximity.com/pub/abby-marinello-crna
Abby Matley, MD https://www.doximity.com/pub/abby-matley-crna
Abby Miller, MD https://www.doximity.com/pub/abby-miller-crna
Abby Mitchell, MD https://www.doximity.com/pub/abby-mitchell-crna
Abby Niedermann, MD https://www.doximity.com/pub/abby-niedermann-crna
Abby Nowakowski, MD https://www.doximity.com/pub/abby-nowakowski-crna
Abby Richards, MD https://www.doximity.com/pub/abby-richards-crna
Abby Richardson, MD https://www.doximity.com/pub/abby-richardson-crna
Abby Roach, MD https://www.doximity.com/pub/abby-roach-crna
Abby Rush, MD https://www.doximity.com/pub/abby-rush-crna
Abby Sahagian, MD https://www.doximity.com/pub/abby-sahagian-crna
Abby Siebert, MD https://www.doximity.com/pub/abby-siebert-crna
Abby Ward, MD https://www.doximity.com/pub/abby-ward-crna
Abby Young, MD https://www.doximity.com/pub/abby-young-crna
Abdul Basit, MD https://www.doximity.com/pub/abdul-basit-crna
Abdul-Malik Jalloh-Jamboria, MD https://www.doximity.com/pub/abdul-malik-jalloh-jamboria-crna
Abdullah Abuelouf, MD https://www.doximity.com/pub/abdullah-abuelouf-crna
Abdulmateen Qaisar, MD https://www.doximity.com/pub/abdulmateen-qaisar-crna
Abdur-Rahman Adly, MD https://www.doximity.com/pub/abdur-rahman-adly-crna
Abe Rummell, MD https://www.doximity.com/pub/abe-rummell-crna
Abel Garcia, MD https://www.doximity.com/pub/abel-garcia-crna
Abel Gonzalez, MD https://www.doximity.com/pub/abel-gonzalez-crna
Abhiram Harohalli, MD https://www.doximity.com/pub/abhiram-harohalli-crna
Abiezer Hernandez, MD https://www.doximity.com/pub/abiezer-hernandez-crna
Abigail Badr, MD https://www.doximity.com/pub/abigail-badr-crna
Abigail Baker, MD https://www.doximity.com/pub/abigail-baker-crna
Abigail Banko, MD https://www.doximity.com/pub/abigail-banko-crna
Abigail Barden, MD https://www.doximity.com/pub/abigail-barden-crna
Abigail Beaver, MD https://www.doximity.com/pub/abigail-beaver-crna
Abigail Brady, MD https://www.doximity.com/pub/abigail-brady-crna
Abigail Brittingham, MD https://www.doximity.com/pub/abigail-brittingham-crna
Abigail Butorac, MD https://www.doximity.com/pub/abigail-butorac-crna
Abigail Callejo-Covacha, MD https://www.doximity.com/pub/abigail-callejo-covacha-crna
Abigail Cash, MD https://www.doximity.com/pub/abigail-cash-crna
Abigail Caswell, MD https://www.doximity.com/pub/abigail-caswell-crna
Abigail Chua, MD https://www.doximity.com/pub/abigail-chua-crna
Abigail Colquitt, MD https://www.doximity.com/pub/abigail-colquitt-crna
Abigail Conner, MD https://www.doximity.com/pub/abigail-conner-crna
Abigail Coulthard, MD https://www.doximity.com/pub/abigail-coulthard-crna
Abigail Crubaugh, MD https://www.doximity.com/pub/abigail-crubaugh-crna
Abigail Cucci, MD https://www.doximity.com/pub/abigail-cucci-crna
Abigail Derrig, MD https://www.doximity.com/pub/abigail-derrig-crna
Abigail Devine, MD https://www.doximity.com/pub/abigail-devine-crna
Abigail Donnell, MD https://www.doximity.com/pub/abigail-donnell-crna
Abigail Evans, MD https://www.doximity.com/pub/abigail-evans-crna
Abigail Flanagan, MD https://www.doximity.com/pub/abigail-flanagan-crna
Abigail Grahek, MD https://www.doximity.com/pub/abigail-grahek-crna
Abigail Hadley, MD https://www.doximity.com/pub/abigail-hadley-crna
Abigail Hanneken, MD https://www.doximity.com/pub/abigail-hanneken-crna
Abigail Hatlen, MD https://www.doximity.com/pub/abigail-hatlen-crna
Abigail Hendler, MD https://www.doximity.com/pub/abigail-hendler-crna
Abigail Hilton, MD https://www.doximity.com/pub/abigail-hilton-crna
Abigail Hineman, MD https://www.doximity.com/pub/abigail-hineman-crna
Abigail Holden, MD https://www.doximity.com/pub/abigail-holden-crna
Abigail Hughes, MD https://www.doximity.com/pub/abigail-hughes-crna
Abigail Hughes-Strange, MD https://www.doximity.com/pub/abigail-hughes-strange-crna
Abigail Hutchison, MD https://www.doximity.com/pub/abigail-hutchison-crna
Abigail Johnson, MD https://www.doximity.com/pub/abigail-johnson-crna
Abigail Jones, MD https://www.doximity.com/pub/abigail-jones-crna
Abigail Karlsson, MD https://www.doximity.com/pub/abigail-karlsson-crna
Abigail Lawrence, MD https://www.doximity.com/pub/abigail-lawrence-crna
Abigail Loftice, MD https://www.doximity.com/pub/abigail-loftice-crna
Abigail Madeira, MD https://www.doximity.com/pub/abigail-madeira-crna
Abigail Mahoney, MD https://www.doximity.com/pub/abigail-mahoney-crna
Abigail Mailand, MD https://www.doximity.com/pub/abigail-mailand-crna
Abigail Martin, MD https://www.doximity.com/pub/abigail-martin-crna
Abigail Moore, MD https://www.doximity.com/pub/abigail-moore-crna
Abigail Murray, MD https://www.doximity.com/pub/abigail-murray-crna
Abigail Neumann, MD https://www.doximity.com/pub/abigail-neumann-crna
Abigail Nkurukoh, MD https://www.doximity.com/pub/abigail-nkurukoh-crna
Abigail Ofori, MD https://www.doximity.com/pub/abigail-ofori-crna
Abigail Roth, MD https://www.doximity.com/pub/abigail-roth-crna
Abigail Scott, MD https://www.doximity.com/pub/abigail-scott-crna
Abigail Shanahan, MD https://www.doximity.com/pub/abigail-shanahan-crna
Abigail Shook, MD https://www.doximity.com/pub/abigail-shook-crna
Abigail Strong, MD https://www.doximity.com/pub/abigail-strong-crna
Abigail Thurston, MD https://www.doximity.com/pub/abigail-thurston-crna
Abigail Vu, MD https://www.doximity.com/pub/abigail-vu-crna
Abigail Waite, MD https://www.doximity.com/pub/abigail-waite-crna
Abigail Webster, MD https://www.doximity.com/pub/abigail-webster-crna
Abigail White, MD https://www.doximity.com/pub/abigail-white-crna
Abigail White, MD https://www.doximity.com/pub/abigail-white-crna-5f65522a
Abigail White, MD https://www.doximity.com/pub/abigail-white-crna-a8913ab2
Abigail Willis, MD https://www.doximity.com/pub/abigail-willis-crna
Abigail Wilson, MD https://www.doximity.com/pub/abigail-wilson-crna
Abigail Wiredu Kuffour, MD https://www.doximity.com/pub/abigail-wiredu-kuffour-crna
Abigail Wood, MD https://www.doximity.com/pub/abigail-wood-crna
Abigal David, MD https://www.doximity.com/pub/abigal-david-crna
Abigalle Sparrow, MD https://www.doximity.com/pub/abigalle-sparrow-crna
Abimelec Saucedo, MD https://www.doximity.com/pub/abimelec-saucedo-crna
Abisai Negron, MD https://www.doximity.com/pub/abisai-negron-crna
Abner Perez, MD https://www.doximity.com/pub/abner-perez-crna
Abolanle Ojelade, MD https://www.doximity.com/pub/abolanle-ojelade-crna
Aboode Albasra, MD https://www.doximity.com/pub/aboode-albasra-crna
Abraham Anderson, MD https://www.doximity.com/pub/abraham-anderson-crna
Abraham Berkowitz, MD https://www.doximity.com/pub/abraham-berkowitz-crna
Abraham Crockett, MD https://www.doximity.com/pub/abraham-crockett-crna
Abraham Gonzalez, MD https://www.doximity.com/pub/abraham-gonzalez-crna
Abraham Lachman, MD https://www.doximity.com/pub/abraham-lachman-crna
Abram Borgman, MD https://www.doximity.com/pub/abram-borgman-crna
Abu Koroma, MD https://www.doximity.com/pub/abu-koroma-crna
Acadia Talbert, MD https://www.doximity.com/pub/acadia-talbert-crna
Ace Panes, MD https://www.doximity.com/pub/ace-panes-crna
Achante Sellars, MD https://www.doximity.com/pub/achante-sellars-crna
Achontyrausi McFarland, MD https://www.doximity.com/pub/achontyrausi-mcfarland-crna
Ada Countess, MD https://www.doximity.com/pub/ada-countess-crna
Ada Genere, MD https://www.doximity.com/pub/ada-genere-crna
Ada Hernandez, MD https://www.doximity.com/pub/ada-hernandez-crna
Ada Witt, MD https://www.doximity.com/pub/ada-witt-crna
Adal Wolde, MD https://www.doximity.com/pub/adal-wolde-crna
Adam Andrews, MD https://www.doximity.com/pub/adam-andrews-crna
Adam Archibald, MD https://www.doximity.com/pub/adam-archibald-crna
Adam Arlt, MD https://www.doximity.com/pub/adam-arlt-crna
Adam Arthur, MD https://www.doximity.com/pub/adam-arthur-crna
Adam Bailey, MD https://www.doximity.com/pub/adam-bailey-crna
Adam Baird, MD https://www.doximity.com/pub/adam-baird-crna
Adam Barone, MD https://www.doximity.com/pub/adam-barone-crna
Adam Beam, MD https://www.doximity.com/pub/adam-beam-crna
Adam Beckett, MD https://www.doximity.com/pub/adam-beckett-crna
Adam Benham, MD https://www.doximity.com/pub/adam-benham-crna
Adam Berman, MD https://www.doximity.com/pub/adam-berman-crna
Adam Bertuli, MD https://www.doximity.com/pub/adam-bertuli-crna
Adam Bielecki, MD https://www.doximity.com/pub/adam-bielecki-crna
Adam Bielecki, MD https://www.doximity.com/pub/adam-bielecki-crna-9e8cc8e7
Adam Bierbaum, MD https://www.doximity.com/pub/adam-bierbaum-crna
Adam Bigelow, MD https://www.doximity.com/pub/adam-bigelow-crna
Adam Billen, MD https://www.doximity.com/pub/adam-billen-crna
Adam Bilyeu, MD https://www.doximity.com/pub/adam-bilyeu-crna
Adam Bizub, MD https://www.doximity.com/pub/adam-bizub-crna
Adam Blackmon, MD https://www.doximity.com/pub/adam-blackmon-crna
Adam Bland, MD https://www.doximity.com/pub/adam-bland-crna
Adam Bobo, MD https://www.doximity.com/pub/adam-bobo-crna
Adam Boone, MD https://www.doximity.com/pub/adam-boone-crna
Adam Boucher, MD https://www.doximity.com/pub/adam-boucher-crna
Adam Boyd, MD https://www.doximity.com/pub/adam-boyd-crna
Adam Brieger, MD https://www.doximity.com/pub/adam-brieger-crna
Adam Brinkerhoff, MD https://www.doximity.com/pub/adam-brinkerhoff-crna
Adam Broadwell, MD https://www.doximity.com/pub/adam-broadwell-crna
Adam Brodginski, MD https://www.doximity.com/pub/adam-brodginski-crna
Adam Brown, MD https://www.doximity.com/pub/adam-brown-crna
Adam Bruinius, MD https://www.doximity.com/pub/adam-bruinius-crna
Adam Bruton, MD https://www.doximity.com/pub/adam-bruton-crna
Adam Carlson, MD https://www.doximity.com/pub/adam-carlson-crna
Adam Carroll, MD https://www.doximity.com/pub/adam-carroll-crna
Adam Cole, MD https://www.doximity.com/pub/adam-cole-crna
Adam Collier, MD https://www.doximity.com/pub/adam-collier-crna
Adam Collins, MD https://www.doximity.com/pub/adam-collins-crna
Adam Compeau, MD https://www.doximity.com/pub/adam-compeau-crna
Adam Conlon, MD https://www.doximity.com/pub/adam-conlon-crna
Adam Conrad, MD https://www.doximity.com/pub/adam-conrad-crna
Adam Cook, MD https://www.doximity.com/pub/adam-cook-crna
Adam Crawford, MD https://www.doximity.com/pub/adam-crawford-crna
Adam Curtis, MD https://www.doximity.com/pub/adam-curtis-crna
Adam Cwynar, MD https://www.doximity.com/pub/adam-cwynar-crna
Adam D'alonzo, MD https://www.doximity.com/pub/adam-d-alonzo-crna
Adam Darden, MD https://www.doximity.com/pub/adam-darden-crna
Adam David, MD https://www.doximity.com/pub/adam-david-crna
Adam Davies, MD https://www.doximity.com/pub/adam-davies-crna
Adam Dickman, MD https://www.doximity.com/pub/adam-dickman-crna
Adam Diem, MD https://www.doximity.com/pub/adam-diem-crna
Adam Dubbs, MD https://www.doximity.com/pub/adam-dubbs-crna
Adam Durant, MD https://www.doximity.com/pub/adam-durant-crna
Adam Eckhardt, MD https://www.doximity.com/pub/adam-eckhardt-crna
Adam Faltersack, MD https://www.doximity.com/pub/adam-faltersack-crna
Adam Farber, MD https://www.doximity.com/pub/adam-farber-crna
Adam Fieber, MD https://www.doximity.com/pub/adam-fieber-crna
Adam Figuracion, MD https://www.doximity.com/pub/adam-figuracion-crna
Adam Fiore, MD https://www.doximity.com/pub/adam-fiore-crna
Adam Fountain, MD https://www.doximity.com/pub/adam-fountain-crna
Adam Frazier, MD https://www.doximity.com/pub/adam-frazier-crna
Adam Frederick, MD https://www.doximity.com/pub/adam-frederick-crna
Adam Freis, MD https://www.doximity.com/pub/adam-freis-crna
Adam Gabrielsen, MD https://www.doximity.com/pub/adam-gabrielsen-crna
Adam Gelb, MD https://www.doximity.com/pub/adam-gelb-crna
Adam Glasco, MD https://www.doximity.com/pub/adam-glasco-crna
Adam Gossar, MD https://www.doximity.com/pub/adam-gossar-crna
Adam Graham, MD https://www.doximity.com/pub/adam-graham-crna
Adam Gunckle, MD https://www.doximity.com/pub/adam-gunckle-crna
Adam Gwinn, MD https://www.doximity.com/pub/adam-gwinn-crna
Adam Hall, MD https://www.doximity.com/pub/adam-hall-crna
Adam Harper, MD https://www.doximity.com/pub/adam-harper-crna
Adam Heinrich, MD https://www.doximity.com/pub/adam-heinrich-crna
Adam Hillard, MD https://www.doximity.com/pub/adam-hillard-crna
Adam Hobbs, MD https://www.doximity.com/pub/adam-hobbs-crna
Adam Hoelscher, MD https://www.doximity.com/pub/adam-hoelscher-crna
Adam Hogue, MD https://www.doximity.com/pub/adam-hogue-crna
Adam Hoover, MD https://www.doximity.com/pub/adam-hoover-crna
Adam Houck, MD https://www.doximity.com/pub/adam-houck-crna
Adam Huff, MD https://www.doximity.com/pub/adam-huff-crna
Adam Ingalsbe, MD https://www.doximity.com/pub/adam-ingalsbe-crna
Adam James, MD https://www.doximity.com/pub/adam-james-crna
Adam Jensen, MD https://www.doximity.com/pub/adam-jensen-crna
Adam Johnson, MD https://www.doximity.com/pub/adam-johnson-crna
Adam Johnson, MD https://www.doximity.com/pub/adam-johnson-crna-acf25c29
Adam Kaffana, MD https://www.doximity.com/pub/adam-kaffana-crna
Adam Kearns, MD https://www.doximity.com/pub/adam-kearns-crna
Adam Kerr, MD https://www.doximity.com/pub/adam-kerr-crna
Adam Kidd, MD https://www.doximity.com/pub/adam-kidd-crna
Adam Kokoszka, MD https://www.doximity.com/pub/adam-kokoszka-crna
Adam Kopacz, MD https://www.doximity.com/pub/adam-kopacz-crna
Adam Krause, MD https://www.doximity.com/pub/adam-krause-crna
Adam Krings, MD https://www.doximity.com/pub/adam-krings-crna
Adam Kuz, MD https://www.doximity.com/pub/adam-kuz-crna
Adam Kuzma, MD https://www.doximity.com/pub/adam-kuzma-crna
Adam Kuzmiak, MD https://www.doximity.com/pub/adam-kuzmiak-crna
Adam Kyle, MD https://www.doximity.com/pub/adam-kyle-crna
Adam Leeds-Peralta, MD https://www.doximity.com/pub/adam-leeds-peralta-crna
Adam Long, MD https://www.doximity.com/pub/adam-long-crna
Adam Longberry, MD https://www.doximity.com/pub/adam-longberry-crna
Adam Lowe, MD https://www.doximity.com/pub/adam-lowe-crna
Adam MacDonald, MD https://www.doximity.com/pub/adam-macdonald-crna
Adam Mazzoni, MD https://www.doximity.com/pub/adam-mazzoni-crna
Adam McKee, MD https://www.doximity.com/pub/adam-mckee-crna
Adam Melton, MD https://www.doximity.com/pub/adam-melton-crna
Adam Millar, MD https://www.doximity.com/pub/adam-millar-crna
Adam Mills, MD https://www.doximity.com/pub/adam-mills-crna
Adam Milton, MD https://www.doximity.com/pub/adam-milton-crna
Adam Mitchell, MD https://www.doximity.com/pub/adam-mitchell-crna
Adam Moellinger, MD https://www.doximity.com/pub/adam-moellinger-crna
Adam Moon, MD https://www.doximity.com/pub/adam-moon-crna
Adam Moritz, MD https://www.doximity.com/pub/adam-moritz-crna
Adam Mucha, MD https://www.doximity.com/pub/adam-mucha-crna
Adam Myers, MD https://www.doximity.com/pub/adam-myers-crna
Adam Nauss, MD https://www.doximity.com/pub/adam-nauss-crna
Adam Nemeth, MD https://www.doximity.com/pub/adam-nemeth-crna
Adam Nessen, MD https://www.doximity.com/pub/adam-nessen-crna
Adam Norgan, MD https://www.doximity.com/pub/adam-norgan-crna
Adam Normile, MD https://www.doximity.com/pub/adam-normile-crna
Adam Osborne, MD https://www.doximity.com/pub/adam-osborne-crna
Adam Pardo, MD https://www.doximity.com/pub/adam-pardo-crna
Adam Patano, MD https://www.doximity.com/pub/adam-patano-crna
Adam Patrick, MD https://www.doximity.com/pub/adam-patrick-crna
Adam Patterson, MD https://www.doximity.com/pub/adam-patterson-crna
Adam Peeples, MD https://www.doximity.com/pub/adam-peeples-crna
Adam Penrose, MD https://www.doximity.com/pub/adam-penrose-crna
Adam Perissinotti, MD https://www.doximity.com/pub/adam-perissinotti-crna
Adam Petesch, MD https://www.doximity.com/pub/adam-petesch-crna
Adam Pfeifer, MD https://www.doximity.com/pub/adam-pfeifer-crna
Adam Plowman, MD https://www.doximity.com/pub/adam-plowman-crna
Adam Powell, MD https://www.doximity.com/pub/adam-powell-crna
Adam Powell, MD https://www.doximity.com/pub/adam-powell-crna-b9860296
Adam Procuniar, MD https://www.doximity.com/pub/adam-procuniar-crna
Adam Purdy, MD https://www.doximity.com/pub/adam-purdy-crna
Adam Raynes, MD https://www.doximity.com/pub/adam-raynes-crna
Adam Reidenbach, MD https://www.doximity.com/pub/adam-reidenbach-crna
Adam Repass, MD https://www.doximity.com/pub/adam-repass-crna
Adam Richards, MD https://www.doximity.com/pub/adam-richards-crna
Adam Robinson, MD https://www.doximity.com/pub/adam-robinson-crna
Adam Robles, MD https://www.doximity.com/pub/adam-robles-crna
Adam Rogers, MD https://www.doximity.com/pub/adam-rogers-crna
Adam Rowan, MD https://www.doximity.com/pub/adam-rowan-crna
Adam Russell, MD https://www.doximity.com/pub/adam-russell-crna
Adam Ryan, MD https://www.doximity.com/pub/adam-ryan-crna
Adam Sakhitab-kerestes, MD https://www.doximity.com/pub/adam-sakhitab-kerestes-crna
Adam Schneider, MD https://www.doximity.com/pub/adam-schneider-crna
Adam Schrenzel, MD https://www.doximity.com/pub/adam-schrenzel-crna
Adam Schwartz, MD https://www.doximity.com/pub/adam-schwartz-crna
Adam Scudder, MD https://www.doximity.com/pub/adam-scudder-crna
Adam Selzler, MD https://www.doximity.com/pub/adam-selzler-crna
Adam Sheppard, MD https://www.doximity.com/pub/adam-sheppard-crna
Adam Shindle, MD https://www.doximity.com/pub/adam-shindle-crna
Adam Simpson, MD https://www.doximity.com/pub/adam-simpson-crna
Adam Smith, MD https://www.doximity.com/pub/adam-smith-crna
Adam Snyder, MD https://www.doximity.com/pub/adam-snyder-crna
Adam Sosnowchik, MD https://www.doximity.com/pub/adam-sosnowchik-crna
Adam Stebbins, MD https://www.doximity.com/pub/adam-stebbins-crna
Adam Steel, MD https://www.doximity.com/pub/adam-steel-crna
Adam Stenson, MD https://www.doximity.com/pub/adam-stenson-crna
Adam Stocksiek, MD https://www.doximity.com/pub/adam-stocksiek-crna
Adam Stroud, MD https://www.doximity.com/pub/adam-stroud-crna
Adam Sutterfield, MD https://www.doximity.com/pub/adam-sutterfield-crna
Adam Sutton, MD https://www.doximity.com/pub/adam-sutton-crna
Adam Taylor, MD https://www.doximity.com/pub/adam-taylor-crna
Adam Thomas, MD https://www.doximity.com/pub/adam-thomas-crna
Adam Traud, MD https://www.doximity.com/pub/adam-traud-crna
Adam Turman, MD https://www.doximity.com/pub/adam-turman-crna
Adam Varrenti, MD https://www.doximity.com/pub/adam-varrenti-crna
Adam Vinz, MD https://www.doximity.com/pub/adam-vinz-crna
Adam Virgili, MD https://www.doximity.com/pub/adam-virgili-crna
Adam Wallace, MD https://www.doximity.com/pub/adam-wallace-crna
Adam Warnken, MD https://www.doximity.com/pub/adam-warnken-crna
Adam Watters, MD https://www.doximity.com/pub/adam-watters-crna
Adam Weber, MD https://www.doximity.com/pub/adam-weber-crna
Adam Welch, MD https://www.doximity.com/pub/adam-welch-crna
Adam Wilson, MD https://www.doximity.com/pub/adam-wilson-crna
Adam Wisenbaker, MD https://www.doximity.com/pub/adam-wisenbaker-crna
Adam Wojdyla, MD https://www.doximity.com/pub/adam-wojdyla-crna
Adam Wollman, MD https://www.doximity.com/pub/adam-wollman-crna
Adam Wright, MD https://www.doximity.com/pub/adam-wright-crna
Adam Zoccola, MD https://www.doximity.com/pub/adam-zoccola-crna
Adan Ortiz, MD https://www.doximity.com/pub/adan-ortiz-crna
Addie Cant, MD https://www.doximity.com/pub/addie-cant-crna
Addie Flannigan, MD https://www.doximity.com/pub/addie-flannigan-crna
Addie Powers, MD https://www.doximity.com/pub/addie-powers-crna
Addisalem Bitew, MD https://www.doximity.com/pub/addisalem-bitew-crna
Addison Hohner, MD https://www.doximity.com/pub/addison-hohner-crna
Adebayo Orija, MD https://www.doximity.com/pub/adebayo-orija-crna
Adedayo Alalade, MD https://www.doximity.com/pub/adedayo-alalade-crna
Adeel Cyril, MD https://www.doximity.com/pub/adeel-cyril-crna
Adeel Haque, MD https://www.doximity.com/pub/adeel-haque-crna
Adefunke Omolade, MD https://www.doximity.com/pub/adefunke-omolade-crna
Adekunle Adesuyi, MD https://www.doximity.com/pub/adekunle-adesuyi-crna
Adekunle Odubeko, MD https://www.doximity.com/pub/adekunle-odubeko-crna
Adel Bashirimoghaddam, MD https://www.doximity.com/pub/adel-bashirimoghaddam-crna
Adelaide Omane, MD https://www.doximity.com/pub/adelaide-omane-crna
Adelbert Andrews, MD https://www.doximity.com/pub/adelbert-andrews-crna
Adele Alef, MD https://www.doximity.com/pub/adele-alef-crna
Adele Clerici, MD https://www.doximity.com/pub/adele-clerici-crna
Adele Garcia, MD https://www.doximity.com/pub/adele-garcia-crna
Adele McCall, MD https://www.doximity.com/pub/adele-mccall-crna
Adele Roda, MD https://www.doximity.com/pub/adele-roda-crna
Adeleke Oyemade, MD https://www.doximity.com/pub/adeleke-oyemade-crna
Adelina Almachar, MD https://www.doximity.com/pub/adelina-almachar-crna
Adelina Clarke, MD https://www.doximity.com/pub/adelina-clarke-crna
Adelina Resendez, MD https://www.doximity.com/pub/adelina-resendez-crna
Adelle Daigle-Bjerke, MD https://www.doximity.com/pub/adelle-daigle-bjerke-crna
Adellena Azzinaro, MD https://www.doximity.com/pub/adellena-azzinaro-crna
Ademola Salami, MD https://www.doximity.com/pub/ademola-salami-crna
Adenike Ogunleye, MD https://www.doximity.com/pub/adenike-ogunleye-crna
Adeniyi Ademoyo, MD https://www.doximity.com/pub/adeniyi-ademoyo-crna
Adeola Adebusoye, MD https://www.doximity.com/pub/adeola-adebusoye-crna
Adeola Adesuyi, MD https://www.doximity.com/pub/adeola-adesuyi-crna
Adeola Folayan, MD https://www.doximity.com/pub/adeola-folayan-crna
Adetunji Odeyemi, MD https://www.doximity.com/pub/adetunji-odeyemi-crna
Adhara Guzman, MD https://www.doximity.com/pub/adhara-guzman-crna
Adi Jenkins, MD https://www.doximity.com/pub/adi-jenkins-crna
Adil Dholasaniya, MD https://www.doximity.com/pub/adil-dholasaniya-crna
Adina Indries, MD https://www.doximity.com/pub/adina-indries-crna
Adina Westmark, MD https://www.doximity.com/pub/adina-westmark-crna
Adla Rouhana, MD https://www.doximity.com/pub/adla-rouhana-crna
Adline Adams, MD https://www.doximity.com/pub/adline-adams-crna
Adnan Huric, MD https://www.doximity.com/pub/adnan-huric-crna
Adolfo Giubergia, MD https://www.doximity.com/pub/adolfo-giubergia-crna
Adolphus Adera, MD https://www.doximity.com/pub/adolphus-adera-crna
Adora Diaz, MD https://www.doximity.com/pub/adora-diaz-crna
Adoracion Aguiar, MD https://www.doximity.com/pub/adoracion-aguiar-crna
Adree Williams, MD https://www.doximity.com/pub/adree-williams-crna
Adree Williams, MD https://www.doximity.com/pub/adree-williams-crna-78c7
Adrenne Wygonik, MD https://www.doximity.com/pub/adrenne-wygonik-crna
Adria Laird, MD https://www.doximity.com/pub/adria-laird-crna
Adrian Ardron, MD https://www.doximity.com/pub/adrian-ardron-crna
Adrian Bridy, MD https://www.doximity.com/pub/adrian-bridy-crna
Adrian Castro, MD https://www.doximity.com/pub/adrian-castro-crna
Adrian Chu, MD https://www.doximity.com/pub/adrian-chu-crna
Adrian Delacruz, MD https://www.doximity.com/pub/adrian-delacruz-crna
Adrian Dunn, MD https://www.doximity.com/pub/adrian-dunn-crna
Adrian Genotti, MD https://www.doximity.com/pub/adrian-genotti-crna
Adrian Gilbert, MD https://www.doximity.com/pub/adrian-gilbert-crna
Adrian Godwin, MD https://www.doximity.com/pub/adrian-godwin-crna
Adrian Hein, MD https://www.doximity.com/pub/adrian-hein-crna
Adrian Iglesias, MD https://www.doximity.com/pub/adrian-iglesias-crna
Adrian Jacquez, MD https://www.doximity.com/pub/adrian-jacquez-crna
Adrian Kalil, MD https://www.doximity.com/pub/adrian-kalil-crna
Adrian Morales, MD https://www.doximity.com/pub/adrian-morales-crna
Adrian Moya Raimundo, MD https://www.doximity.com/pub/adrian-moya-raimundo-crna
Adrian Nix, MD https://www.doximity.com/pub/adrian-nix-crna
Adrian Nowitzke, MD https://www.doximity.com/pub/adrian-nowitzke-crna
Adrian Olari, MD https://www.doximity.com/pub/adrian-olari-crna
Adrian Perez, MD https://www.doximity.com/pub/adrian-perez-crna
Adrian Preston, MD https://www.doximity.com/pub/adrian-preston-crna
Adrian Ramirez, MD https://www.doximity.com/pub/adrian-ramirez-crna
Adrian Ratlief, MD https://www.doximity.com/pub/adrian-ratlief-crna
Adrian Rodrigo, MD https://www.doximity.com/pub/adrian-rodrigo-crna
Adrian Surajbali, MD https://www.doximity.com/pub/adrian-surajbali-crna
Adrian Thodoropoulos, MD https://www.doximity.com/pub/adrian-thodoropoulos-crna
Adrian Whiteaker, MD https://www.doximity.com/pub/adrian-whiteaker-crna
Adriana Askew, MD https://www.doximity.com/pub/adriana-askew-crna
Adriana Comerford, MD https://www.doximity.com/pub/adriana-comerford-crna
Adriana Divo, MD https://www.doximity.com/pub/adriana-divo-crna
Adriana Escudero, MD https://www.doximity.com/pub/adriana-escudero-crna
Adriana Essilfie, MD https://www.doximity.com/pub/adriana-essilfie-crna
Adriana Hall, MD https://www.doximity.com/pub/adriana-hall-crna
Adriana Larrea, MD https://www.doximity.com/pub/adriana-larrea-crna
Adriana Montoya, MD https://www.doximity.com/pub/adriana-montoya-crna
Adriana Morros, MD https://www.doximity.com/pub/adriana-morros-crna
Adriana Nae, MD https://www.doximity.com/pub/adriana-nae-crna
Adriana O'Brien, MD https://www.doximity.com/pub/adriana-o-brien-crna
Adriana Ortiz-Coffie, MD https://www.doximity.com/pub/adriana-ortiz-coffie-crna
Adriana Quintana, MD https://www.doximity.com/pub/adriana-quintana-crna
Adriana Wong, MD https://www.doximity.com/pub/adriana-wong-crna
Adriane Fain, MD https://www.doximity.com/pub/adriane-fain-crna
Adrianna Price, MD https://www.doximity.com/pub/adrianna-price-crna
Adrianna Silva, MD https://www.doximity.com/pub/adrianna-silva-crna
Adrianne Cauley, MD https://www.doximity.com/pub/adrianne-cauley-crna
Adrianne Feldmiller, MD https://www.doximity.com/pub/adrianne-feldmiller-crna
Adrianne Legendre, MD https://www.doximity.com/pub/adrianne-legendre-crna
Adrianne Noboa, MD https://www.doximity.com/pub/adrianne-noboa-crna
Adrianne Reeks, MD https://www.doximity.com/pub/adrianne-reeks-crna
Adrianne Swick, MD https://www.doximity.com/pub/adrianne-swick-crna
Adrianne West, MD https://www.doximity.com/pub/adrianne-west-crna
Adriel Schmitt, MD https://www.doximity.com/pub/adriel-schmitt-crna
Adriene Kubic, MD https://www.doximity.com/pub/adriene-kubic-crna
Adrienne Austin, MD https://www.doximity.com/pub/adrienne-austin-crna
Adrienne Bernhard, MD https://www.doximity.com/pub/adrienne-bernhard-crna
Adrienne Carlsson, MD https://www.doximity.com/pub/adrienne-carlsson-crna
Adrienne Chakot, MD https://www.doximity.com/pub/adrienne-chakot-crna
Adrienne Chavez, MD https://www.doximity.com/pub/adrienne-chavez-crna
Adrienne Clarke, MD https://www.doximity.com/pub/adrienne-clarke-crna
Adrienne Daniluk, MD https://www.doximity.com/pub/adrienne-daniluk-crna
Adrienne Durrett, MD https://www.doximity.com/pub/adrienne-durrett-crna
Adrienne Eby, MD https://www.doximity.com/pub/adrienne-eby-crna
Adrienne Goodwin, MD https://www.doximity.com/pub/adrienne-goodwin-crna
Adrienne Green, MD https://www.doximity.com/pub/adrienne-green-crna
Adrienne Hane, MD https://www.doximity.com/pub/adrienne-hane-crna
Adrienne Hartgerink, MD https://www.doximity.com/pub/adrienne-hartgerink-crna
Adrienne Hersey, MD https://www.doximity.com/pub/adrienne-hersey-crna
Adrienne Hughes, MD https://www.doximity.com/pub/adrienne-hughes-crna
Adrienne Kelley, MD https://www.doximity.com/pub/adrienne-kelley-crna
Adrienne Merrick, MD https://www.doximity.com/pub/adrienne-merrick-crna
Adrienne Meyer, MD https://www.doximity.com/pub/adrienne-meyer-crna
Adrienne Montesanti, MD https://www.doximity.com/pub/adrienne-montesanti-crna
Adrienne Nations, MD https://www.doximity.com/pub/adrienne-nations-crna
Adrienne O'Brien, MD https://www.doximity.com/pub/adrienne-o-brien-crna
Adrienne Padden, MD https://www.doximity.com/pub/adrienne-padden-crna
Adrienne Pape, MD https://www.doximity.com/pub/adrienne-pape-crna
Adrienne Rabbani, MD https://www.doximity.com/pub/adrienne-rabbani-crna
Adrienne Rader, MD https://www.doximity.com/pub/adrienne-rader-crna
Adrienne Rigitano, MD https://www.doximity.com/pub/adrienne-rigitano-crna
Adrienne Rochleau, MD https://www.doximity.com/pub/adrienne-rochleau-crna
Adrienne Ropecka, MD https://www.doximity.com/pub/adrienne-ropecka-crna
Adrienne Ruzicka, MD https://www.doximity.com/pub/adrienne-ruzicka-crna
Adrienne Schwartz, MD https://www.doximity.com/pub/adrienne-schwartz-crna
Adrienne Stovall, MD https://www.doximity.com/pub/adrienne-stovall-crna
Adrienne Warner, MD https://www.doximity.com/pub/adrienne-warner-crna
Adrienne Wass, MD https://www.doximity.com/pub/adrienne-wass-crna
Adrienne Wyssbrod, MD https://www.doximity.com/pub/adrienne-wyssbrod-crna
Adryan Emion, MD https://www.doximity.com/pub/adryan-emion-crna
Aduragbemi Okiji, MD https://www.doximity.com/pub/aduragbemi-okiji-crna
Aduragbemi Okiji, MD https://www.doximity.com/pub/aduragbemi-okiji-crna-0d42b97c
Adwoa Addo Asiamah, MD https://www.doximity.com/pub/adwoa-addo-asiamah-crna
Aereal Runyans, MD https://www.doximity.com/pub/aereal-runyans-crna
Aeryanna Mcgaughy, MD https://www.doximity.com/pub/aeryanna-mcgaughy-crna
Affiong Utuk, MD https://www.doximity.com/pub/affiong-utuk-crna
Agata Galyon, MD https://www.doximity.com/pub/agata-galyon-crna
Agata Reja, MD https://www.doximity.com/pub/agata-reja-crna
Agatha Carducci-Kuhn, MD https://www.doximity.com/pub/agatha-carducci-kuhn-crna
Agatha O'connell, MD https://www.doximity.com/pub/agatha-o-connell-crna
Agbortambeng Enoweyere, MD https://www.doximity.com/pub/agbortambeng-enoweyere-crna
Agina Kempen, MD https://www.doximity.com/pub/agina-kempen-crna
Agnes Bothwell, MD https://www.doximity.com/pub/agnes-bothwell-crna
Agnes Brooker, MD https://www.doximity.com/pub/agnes-brooker-crna
Agnes Cavalcante, MD https://www.doximity.com/pub/agnes-cavalcante-crna
Agnes Cavalcante, MD https://www.doximity.com/pub/agnes-cavalcante-crna-865a3daa
Agnes Cregar, MD https://www.doximity.com/pub/agnes-cregar-crna
Agnes Dorko, MD https://www.doximity.com/pub/agnes-dorko-crna
Agnes Harnden, MD https://www.doximity.com/pub/agnes-harnden-crna
Agnes Miller, MD https://www.doximity.com/pub/agnes-miller-crna
Agnes Moczydlowska, MD https://www.doximity.com/pub/agnes-moczydlowska-crna
Agnes Sansone, MD https://www.doximity.com/pub/agnes-sansone-crna
Agnes Shaughnessy, MD https://www.doximity.com/pub/agnes-shaughnessy-crna
Agnes Vandeputte, MD https://www.doximity.com/pub/agnes-vandeputte-crna
Agnieszka Barszczak, MD https://www.doximity.com/pub/agnieszka-barszczak-crna
Agnieszka Ivins, MD https://www.doximity.com/pub/agnieszka-ivins-crna
Agnieszka Sotel, MD https://www.doximity.com/pub/agnieszka-sotel-crna
Agnieszka Sugg, MD https://www.doximity.com/pub/agnieszka-sugg-crna
Ahjin Kim, MD https://www.doximity.com/pub/ahjin-kim-crna
Ahlam Kandil-Elsayed, MD https://www.doximity.com/pub/ahlam-kandil-elsayed-crna
Ahmad Ismail, MD https://www.doximity.com/pub/ahmad-ismail-crna
Ahmad Kabiri, MD https://www.doximity.com/pub/ahmad-kabiri-crna
Ahmad Mohammad, MD https://www.doximity.com/pub/ahmad-mohammad-crna
Ahmad Mohammad, MD https://www.doximity.com/pub/ahmad-mohammad-crna-b7617e26
Ahmadu Jalloh, MD https://www.doximity.com/pub/ahmadu-jalloh-crna
Ahmed Alshaarawi, MD https://www.doximity.com/pub/ahmed-alshaarawi-crna
Ahmed Aly-Abdel-Latif, MD https://www.doximity.com/pub/ahmed-aly-abdel-latif-crna
Ahmed Bahagry, MD https://www.doximity.com/pub/ahmed-bahagry-crna
Ahmed El-Hamarna, MD https://www.doximity.com/pub/ahmed-el-hamarna-crna
Ahmed Qureshi, MD https://www.doximity.com/pub/ahmed-qureshi-crna
Ahmon White, MD https://www.doximity.com/pub/ahmon-white-crna
Ai-Kyung Chung, MD https://www.doximity.com/pub/ai-kyung-chung-crna
Ai Lien Kowalski, MD https://www.doximity.com/pub/ai-lien-kowalski-crna
Aida Baez, MD https://www.doximity.com/pub/aida-baez-crna
Aida Fernandez, MD https://www.doximity.com/pub/aida-fernandez-crna
Aida Lawrence, MD https://www.doximity.com/pub/aida-lawrence-crna
Aida Nuguid, MD https://www.doximity.com/pub/aida-nuguid-crna
Aida Sanchez, MD https://www.doximity.com/pub/aida-sanchez-crna
Aida Yohannes, MD https://www.doximity.com/pub/aida-yohannes-crna
Aileen Crum, MD https://www.doximity.com/pub/aileen-crum-crna
Aileen Manalu, MD https://www.doximity.com/pub/aileen-manalu-crna
Aileen Mendez, MD https://www.doximity.com/pub/aileen-mendez-crna
Aileen Nguyen, MD https://www.doximity.com/pub/aileen-nguyen-crna
Aileen Picciano, MD https://www.doximity.com/pub/aileen-picciano-crna
Ailin Jiang, MD https://www.doximity.com/pub/ailin-jiang-crna
Ailyn Rascon, MD https://www.doximity.com/pub/ailyn-rascon-crna
Aimee Badeaux, MD https://www.doximity.com/pub/aimee-badeaux-crna
Aimee Baker, MD https://www.doximity.com/pub/aimee-baker-crna
Aimee Belfon, MD https://www.doximity.com/pub/aimee-belfon-crna
Aimee Boes, MD https://www.doximity.com/pub/aimee-boes-crna
Aimee Brimhall, MD https://www.doximity.com/pub/aimee-brimhall-crna
Aimee Burlett, MD https://www.doximity.com/pub/aimee-burlett-crna
Aimee Callison, MD https://www.doximity.com/pub/aimee-callison-crna
Aimee Creer, MD https://www.doximity.com/pub/aimee-creer-crna
Aimee Durgin, MD https://www.doximity.com/pub/aimee-durgin-crna
Aimee Finnie, MD https://www.doximity.com/pub/aimee-finnie-crna
Aimee Gondi, MD https://www.doximity.com/pub/aimee-gondi-crna
Aimee Gruber, MD https://www.doximity.com/pub/aimee-gruber-crna
Aimee Heide, MD https://www.doximity.com/pub/aimee-heide-crna
Aimee Hoang, MD https://www.doximity.com/pub/aimee-hoang-crna
Aimee James, MD https://www.doximity.com/pub/aimee-james-crna
Aimee Kert, MD https://www.doximity.com/pub/aimee-kert-crna
Aimee Kovach, MD https://www.doximity.com/pub/aimee-kovach-crna
Aimee Lancaster, MD https://www.doximity.com/pub/aimee-lancaster-crna
Aimee Langley, MD https://www.doximity.com/pub/aimee-langley-crna
Aimee Ledet, MD https://www.doximity.com/pub/aimee-ledet-crna
Aimee Racette, MD https://www.doximity.com/pub/aimee-racette-crna
Aimee Renaudin, MD https://www.doximity.com/pub/aimee-renaudin-crna
Aimee Rodrigue, MD https://www.doximity.com/pub/aimee-rodrigue-crna
Aimee Schneider, MD https://www.doximity.com/pub/aimee-schneider-crna
Aimee Sullivan, MD https://www.doximity.com/pub/aimee-sullivan-crna
Aimee Swain, MD https://www.doximity.com/pub/aimee-swain-crna
Aimee Wilber, MD https://www.doximity.com/pub/aimee-wilber-crna
Aiming Wang, MD https://www.doximity.com/pub/aiming-wang-crna
Aimy Scroggins, MD https://www.doximity.com/pub/aimy-scroggins-crna
Aina Castelluccio, MD https://www.doximity.com/pub/aina-castelluccio-crna
Ainsley Bulgin, MD https://www.doximity.com/pub/ainsley-bulgin-crna
Aisha Allen, MD https://www.doximity.com/pub/aisha-allen-crna
Aisha Allen, MD https://www.doximity.com/pub/aisha-allen-crna-86a71504
Aisha Bales, MD https://www.doximity.com/pub/aisha-bales-crna
Aisha Kamran, MD https://www.doximity.com/pub/aisha-kamran-crna
Aisha Pierre, MD https://www.doximity.com/pub/aisha-pierre-crna
Aisha Powell, MD https://www.doximity.com/pub/aisha-powell-crna
Aisha White, MD https://www.doximity.com/pub/aisha-white-crna
Aishah Al-Naiem, MD https://www.doximity.com/pub/aishah-al-naiem-crna
Aislynn Coates, MD https://www.doximity.com/pub/aislynn-coates-crna
Aixa Figueroa, MD https://www.doximity.com/pub/aixa-figueroa-crna
Aiya Wommack, MD https://www.doximity.com/pub/aiya-wommack-crna
Aja Rivera, MD https://www.doximity.com/pub/aja-rivera-crna
Ajaypal Singh, MD https://www.doximity.com/pub/ajaypal-singh-crna
Ajaz Sheikh, MD https://www.doximity.com/pub/ajaz-sheikh-crna
Ajit Varkey, MD https://www.doximity.com/pub/ajit-varkey-crna
Ajith Skariah, MD https://www.doximity.com/pub/ajith-skariah-crna
Ajitha Gopalakrishnapanicker, MD https://www.doximity.com/pub/ajitha-gopalakrishnapanicker-crna
Ajitha Nair, MD https://www.doximity.com/pub/ajitha-nair-crna
Akeem Scott, MD https://www.doximity.com/pub/akeem-scott-crna
Akemi Hatefi, MD https://www.doximity.com/pub/akemi-hatefi-crna
Akilah Boyd, MD https://www.doximity.com/pub/akilah-boyd-crna
Akimi McKnight, MD https://www.doximity.com/pub/akimi-mcknight-crna
Akinbiyi Akindunbi, MD https://www.doximity.com/pub/akinbiyi-akindunbi-crna
Akuba Cudjoe, MD https://www.doximity.com/pub/akuba-cudjoe-crna
Akudo Ekeke, MD https://www.doximity.com/pub/akudo-ekeke-crna
Al Diaz, MD https://www.doximity.com/pub/al-diaz-crna
Ala Abedrabbo, MD https://www.doximity.com/pub/ala-abedrabbo-crna
Alaa Elsheikh, MD https://www.doximity.com/pub/alaa-elsheikh-crna
Aladin Bihorac, MD https://www.doximity.com/pub/aladin-bihorac-crna
Alaide Milanes, MD https://www.doximity.com/pub/alaide-milanes-crna
Alain Aymele, MD https://www.doximity.com/pub/alain-aymele-crna
Alain Jerome Fernandez, MD https://www.doximity.com/pub/alain-jerome-fernandez-crna
Alaina Becker, MD https://www.doximity.com/pub/alaina-becker-crna
Alaina DeFazio, MD https://www.doximity.com/pub/alaina-defazio-crna
Alaina Dunkelberger, MD https://www.doximity.com/pub/alaina-dunkelberger-crna
Alaina Little, MD https://www.doximity.com/pub/alaina-little-crna
Alaina Sharpton, MD https://www.doximity.com/pub/alaina-sharpton-crna
Alaina Smith, MD https://www.doximity.com/pub/alaina-smith-crna
Alainah Farrell, MD https://www.doximity.com/pub/alainah-farrell-crna
Alan Ambrose, MD https://www.doximity.com/pub/alan-ambrose-crna
Alan Anderson, MD https://www.doximity.com/pub/alan-anderson-crna
Alan Baudler, MD https://www.doximity.com/pub/alan-baudler-crna
Alan Benson, MD https://www.doximity.com/pub/alan-benson-crna
Alan Berard, MD https://www.doximity.com/pub/alan-berard-crna
Alan Berkman, MD https://www.doximity.com/pub/alan-berkman-crna
Alan Bowles, MD https://www.doximity.com/pub/alan-bowles-crna
Alan Bronstein, MD https://www.doximity.com/pub/alan-bronstein-crna
Alan Demoranville, MD https://www.doximity.com/pub/alan-demoranville-crna
Alan Dossett, MD https://www.doximity.com/pub/alan-dossett-crna
Alan Ebert, MD https://www.doximity.com/pub/alan-ebert-crna
Alan Engebretson, MD https://www.doximity.com/pub/alan-engebretson-crna
Alan Fell, MD https://www.doximity.com/pub/alan-fell-crna
Alan Fite, MD https://www.doximity.com/pub/alan-fite-crna
Alan Foote, MD https://www.doximity.com/pub/alan-foote-crna
Alan Garven, MD https://www.doximity.com/pub/alan-garven-crna
Alan Gouge, MD https://www.doximity.com/pub/alan-gouge-crna
Alan Greenbaum, MD https://www.doximity.com/pub/alan-greenbaum-crna
Alan Hendon, MD https://www.doximity.com/pub/alan-hendon-crna
Alan Hethcoat, MD https://www.doximity.com/pub/alan-hethcoat-crna
Alan Ho, MD https://www.doximity.com/pub/alan-ho-crna
Alan Hoeper, MD https://www.doximity.com/pub/alan-hoeper-crna
Alan Holt, MD https://www.doximity.com/pub/alan-holt-crna
Alan Holtzman, MD https://www.doximity.com/pub/alan-holtzman-crna
Alan Howe, MD https://www.doximity.com/pub/alan-howe-crna
Alan Hunt, MD https://www.doximity.com/pub/alan-hunt-crna
Alan Inglett, MD https://www.doximity.com/pub/alan-inglett-crna
Alan Janssen, MD https://www.doximity.com/pub/alan-janssen-crna
Alan Jensen, MD https://www.doximity.com/pub/alan-jensen-crna
Alan Keller, MD https://www.doximity.com/pub/alan-keller-crna
Alan Lim, MD https://www.doximity.com/pub/alan-lim-crna
Alan Lindgren, MD https://www.doximity.com/pub/alan-lindgren-crna
Alan Lovejoy, MD https://www.doximity.com/pub/alan-lovejoy-crna
Alan Loyd, MD https://www.doximity.com/pub/alan-loyd-crna
Alan Martens, MD https://www.doximity.com/pub/alan-martens-crna
Alan Meekins, MD https://www.doximity.com/pub/alan-meekins-crna
Alan Meinke, MD https://www.doximity.com/pub/alan-meinke-crna
Alan Nobles, MD https://www.doximity.com/pub/alan-nobles-crna
Alan Phillips, MD https://www.doximity.com/pub/alan-phillips-crna
Alan Pinnell, MD https://www.doximity.com/pub/alan-pinnell-crna
Alan Pratt, MD https://www.doximity.com/pub/alan-pratt-crna
Alan Pringle, MD https://www.doximity.com/pub/alan-pringle-crna
Alan Richardson, MD https://www.doximity.com/pub/alan-richardson-crna
Alan Ring, MD https://www.doximity.com/pub/alan-ring-crna
Alan Robert, MD https://www.doximity.com/pub/alan-robert-crna
Alan Roberts, MD https://www.doximity.com/pub/alan-roberts-crna
Alan Roberts, MD https://www.doximity.com/pub/alan-roberts-crna-6494
Alan Robinson, MD https://www.doximity.com/pub/alan-robinson-crna
Alan Rodgers, MD https://www.doximity.com/pub/alan-rodgers-crna
Alan Rouse, MD https://www.doximity.com/pub/alan-rouse-crna
Alan Schroeder, MD https://www.doximity.com/pub/alan-schroeder-crna
Alan Simms, MD https://www.doximity.com/pub/alan-simms-crna
Alan Smith, MD https://www.doximity.com/pub/alan-smith-crna
Alan Steen, MD https://www.doximity.com/pub/alan-steen-crna
Alan Summerfield, MD https://www.doximity.com/pub/alan-summerfield-crna
Alan Tate, MD https://www.doximity.com/pub/alan-tate-crna
Alan Taylor, MD https://www.doximity.com/pub/alan-taylor-crna
Alan Valukevich, MD https://www.doximity.com/pub/alan-valukevich-crna
Alan Wagner, MD https://www.doximity.com/pub/alan-wagner-crna
Alan Walker, MD https://www.doximity.com/pub/alan-walker-crna
Alan-Wayne Howard, MD https://www.doximity.com/pub/alan-wayne-howard-crna
Alan Williams, MD https://www.doximity.com/pub/alan-williams-crna
Alan Ziman, MD https://www.doximity.com/pub/alan-ziman-crna
Alana Bayer, MD https://www.doximity.com/pub/alana-bayer-crna
Alana Boling-aldaco, MD https://www.doximity.com/pub/alana-boling-aldaco-crna
Alana Carnevale, MD https://www.doximity.com/pub/alana-carnevale-crna
Alana Green, MD https://www.doximity.com/pub/alana-green-crna
Alana Perley, MD https://www.doximity.com/pub/alana-perley-crna
Alana Rizzo, MD https://www.doximity.com/pub/alana-rizzo-crna
Alana Rogers, MD https://www.doximity.com/pub/alana-rogers-crna
Alana Shamban, MD https://www.doximity.com/pub/alana-shamban-crna
Alana Smith, MD https://www.doximity.com/pub/alana-smith-crna
Alana Vargas, MD https://www.doximity.com/pub/alana-vargas-crna
Alane Dykes, MD https://www.doximity.com/pub/alane-dykes-crna
Alanna Baker, MD https://www.doximity.com/pub/alanna-baker-crna
Alanna Beaudette, MD https://www.doximity.com/pub/alanna-beaudette-crna
Alanna Bennett, MD https://www.doximity.com/pub/alanna-bennett-crna
Alanna Burchman, MD https://www.doximity.com/pub/alanna-burchman-crna
Alanna Ciardi, MD https://www.doximity.com/pub/alanna-ciardi-crna
Alanna Whelan, MD https://www.doximity.com/pub/alanna-whelan-crna
Alayna Gifford, MD https://www.doximity.com/pub/alayna-gifford-crna
Alayna Hackert, MD https://www.doximity.com/pub/alayna-hackert-crna
Alayna Wells, MD https://www.doximity.com/pub/alayna-wells-crna
Alba Britton, MD https://www.doximity.com/pub/alba-britton-crna
Alba Claxton, MD https://www.doximity.com/pub/alba-claxton-crna
Alba Sari, MD https://www.doximity.com/pub/alba-sari-crna
Alban Ng, MD https://www.doximity.com/pub/alban-ng-crna
Albert Adomitis, MD https://www.doximity.com/pub/albert-adomitis-crna
Albert Albors-ramos, MD https://www.doximity.com/pub/albert-albors-ramos-crna
Albert Angel, MD https://www.doximity.com/pub/albert-angel-crna
Albert Arredondo, MD https://www.doximity.com/pub/albert-arredondo-crna
Albert Bahr, MD https://www.doximity.com/pub/albert-bahr-crna
Albert Bilski, MD https://www.doximity.com/pub/albert-bilski-crna
Albert Calvin, MD https://www.doximity.com/pub/albert-calvin-crna
Albert Carr, MD https://www.doximity.com/pub/albert-carr-crna
Albert Dempsey, MD https://www.doximity.com/pub/albert-dempsey-crna
Albert Federico, MD https://www.doximity.com/pub/albert-federico-crna
Albert Fischer, MD https://www.doximity.com/pub/albert-fischer-crna
Albert Giambrone, MD https://www.doximity.com/pub/albert-giambrone-crna
Albert Hall, MD https://www.doximity.com/pub/albert-hall-crna
Albert Hemphill, MD https://www.doximity.com/pub/albert-hemphill-crna
Albert Jurowicz, MD https://www.doximity.com/pub/albert-jurowicz-crna
Albert Kang, MD https://www.doximity.com/pub/albert-kang-crna
Albert Kroll, MD https://www.doximity.com/pub/albert-kroll-crna
Albert Medina, MD https://www.doximity.com/pub/albert-medina-crna
Albert Merritt, MD https://www.doximity.com/pub/albert-merritt-crna
Albert Otero, MD https://www.doximity.com/pub/albert-otero-crna
Albert Pitoscia, MD https://www.doximity.com/pub/albert-pitoscia-crna
Albert Robinson, MD https://www.doximity.com/pub/albert-robinson-crna
Albert Romero, MD https://www.doximity.com/pub/albert-romero-crna
Albert Rosenberg, MD https://www.doximity.com/pub/albert-rosenberg-crna
Albert Scates, MD https://www.doximity.com/pub/albert-scates-crna
Albert Schechterman, MD https://www.doximity.com/pub/albert-schechterman-crna
Albert Scott, MD https://www.doximity.com/pub/albert-scott-crna
Albert Seale, MD https://www.doximity.com/pub/albert-seale-crna
Albert Seaman, MD https://www.doximity.com/pub/albert-seaman-crna
Albert Toth, MD https://www.doximity.com/pub/albert-toth-crna
Albert Valk, MD https://www.doximity.com/pub/albert-valk-crna
Albert Weber, MD https://www.doximity.com/pub/albert-weber-crna
Albert Yongbang, MD https://www.doximity.com/pub/albert-yongbang-crna
Albertine Orn, MD https://www.doximity.com/pub/albertine-orn-crna
Alberto Abreu, MD https://www.doximity.com/pub/alberto-abreu-crna
Alberto Gonzalez, MD https://www.doximity.com/pub/alberto-gonzalez-crna
Alberto Parajon, MD https://www.doximity.com/pub/alberto-parajon-crna
Alberto Villamiel, MD https://www.doximity.com/pub/alberto-villamiel-crna
Albina Gerike, MD https://www.doximity.com/pub/albina-gerike-crna
Alcynthia Cowell, MD https://www.doximity.com/pub/alcynthia-cowell-crna
Alda Del Porto-Dahms, MD https://www.doximity.com/pub/alda-del-porto-dahms-crna
Aldia Elash, MD https://www.doximity.com/pub/aldia-elash-crna
Aldin Pelican, MD https://www.doximity.com/pub/aldin-pelican-crna
Aldin Turan, MD https://www.doximity.com/pub/aldin-turan-crna
Aldis Norgello, MD https://www.doximity.com/pub/aldis-norgello-crna
Alea Thomas, MD https://www.doximity.com/pub/alea-thomas-crna
Aleandra Tippit, MD https://www.doximity.com/pub/aleandra-tippit-crna
Alease Vaughn, MD https://www.doximity.com/pub/alease-vaughn-crna
Aleatha Hoff, MD https://www.doximity.com/pub/aleatha-hoff-crna
Alec Caruso, MD https://www.doximity.com/pub/alec-caruso-crna
Alec Duncan, MD https://www.doximity.com/pub/alec-duncan-crna
Alec Garabedian, MD https://www.doximity.com/pub/alec-garabedian-crna
Alec Ordway, MD https://www.doximity.com/pub/alec-ordway-crna
Alec Schindler, MD https://www.doximity.com/pub/alec-schindler-crna
Alec Smith, MD https://www.doximity.com/pub/alec-smith-crna
Alec Sulak, MD https://www.doximity.com/pub/alec-sulak-crna
Alec Volvovic, MD https://www.doximity.com/pub/alec-volvovic-crna
Alec Wiscombe, MD https://www.doximity.com/pub/alec-wiscombe-crna
Alec Young, MD https://www.doximity.com/pub/alec-young-crna
Alecia Armor, MD https://www.doximity.com/pub/alecia-armor-crna
Alecia Breakfield, MD https://www.doximity.com/pub/alecia-breakfield-crna
Alecia Harrison, MD https://www.doximity.com/pub/alecia-harrison-crna
Alecia Williams, MD https://www.doximity.com/pub/alecia-williams-crna
Alecia Wilson, MD https://www.doximity.com/pub/alecia-wilson-crna
Aleen Joy Mcgowan, MD https://www.doximity.com/pub/aleen-joy-mcgowan-crna
Aleen Wilker, MD https://www.doximity.com/pub/aleen-wilker-crna
Alegria Cunanan, MD https://www.doximity.com/pub/alegria-cunanan-crna
Aleina Barnard, MD https://www.doximity.com/pub/aleina-barnard-crna
Aleisha Lacour, MD https://www.doximity.com/pub/aleisha-lacour-crna
Alejandra Cruz, MD https://www.doximity.com/pub/alejandra-cruz-crna
Alejandra Hernandez, MD https://www.doximity.com/pub/alejandra-hernandez-crna
Alejandra M. Urbano, MD https://www.doximity.com/pub/alejandra-m-urbano-crna
Alejandra Palen, MD https://www.doximity.com/pub/alejandra-palen-crna
Alejandra Salinero, MD https://www.doximity.com/pub/alejandra-salinero-crna
Alejandra Villescas, MD https://www.doximity.com/pub/alejandra-villescas-crna
Alejandro Conde, MD https://www.doximity.com/pub/alejandro-conde-crna
Alejandro Davila, MD https://www.doximity.com/pub/alejandro-davila-crna
Alejandro Guido Anguiano, MD https://www.doximity.com/pub/alejandro-guido-anguiano-crna
Alejandro Gutierrez, MD https://www.doximity.com/pub/alejandro-gutierrez-crna
Alejandro Knight, MD https://www.doximity.com/pub/alejandro-knight-crna
Alejandro Leon-sanchez, MD https://www.doximity.com/pub/alejandro-leon-sanchez-crna
Alejandro Mendez, MD https://www.doximity.com/pub/alejandro-mendez-crna
Alejandro Vanvliet, MD https://www.doximity.com/pub/alejandro-vanvliet-crna
Alejandro Vilchis, MD https://www.doximity.com/pub/alejandro-vilchis-crna
Alejos Salais, MD https://www.doximity.com/pub/alejos-salais-crna
Aleksander Acred, MD https://www.doximity.com/pub/aleksander-acred-crna
Aleksander Nagornay, MD https://www.doximity.com/pub/aleksander-nagornay-crna
Aleksandr Lyakhov, MD https://www.doximity.com/pub/aleksandr-lyakhov-crna
Aleksandr Myachikov, MD https://www.doximity.com/pub/aleksandr-myachikov-crna
Aleksandr Nevelev, MD https://www.doximity.com/pub/aleksandr-nevelev-crna
Aleksandra Jakubowski, MD https://www.doximity.com/pub/aleksandra-jakubowski-crna
Aleksandra Provident, MD https://www.doximity.com/pub/aleksandra-provident-crna
Aleksandra Raykhinshteyn, MD https://www.doximity.com/pub/aleksandra-raykhinshteyn-crna
Aleksandra Serafin, MD https://www.doximity.com/pub/aleksandra-serafin-crna
Aleksey Illyuk, MD https://www.doximity.com/pub/aleksey-illyuk-crna
Alena Crociata, MD https://www.doximity.com/pub/alena-crociata-crna
Alena Curry, MD https://www.doximity.com/pub/alena-curry-crna
Alena Hillman, MD https://www.doximity.com/pub/alena-hillman-crna
Alenka Vale-Dominguez, MD https://www.doximity.com/pub/alenka-vale-dominguez-crna
Alerrya Sams, MD https://www.doximity.com/pub/alerrya-sams-crna
Alescia Devasher, MD https://www.doximity.com/pub/alescia-devasher-crna
Alesha Brownell, MD https://www.doximity.com/pub/alesha-brownell-crna
Alesha Foreman, MD https://www.doximity.com/pub/alesha-foreman-crna
Aleshia Edwards, MD https://www.doximity.com/pub/aleshia-edwards-crna
Alesia Quante, MD https://www.doximity.com/pub/alesia-quante-crna
Alesia Ricks, MD https://www.doximity.com/pub/alesia-ricks-crna
Alesia Vazquez, MD https://www.doximity.com/pub/alesia-vazquez-crna
Alessandro Preto, MD https://www.doximity.com/pub/alessandro-preto-crna
Alessio Sanchez, MD https://www.doximity.com/pub/alessio-sanchez-crna
Alessondra Villegas, MD https://www.doximity.com/pub/alessondra-villegas-crna
Aletha Allen, MD https://www.doximity.com/pub/aletha-allen-crna
Alex Akers, MD https://www.doximity.com/pub/alex-akers-crna
Alex Amato, MD https://www.doximity.com/pub/alex-amato-crna
Alex Amos, MD https://www.doximity.com/pub/alex-amos-crna
Alex Bahrke, MD https://www.doximity.com/pub/alex-bahrke-crna
Alex Boal, MD https://www.doximity.com/pub/alex-boal-crna
Alex Boord, MD https://www.doximity.com/pub/alex-boord-crna
Alex Bringhurst, MD https://www.doximity.com/pub/alex-bringhurst-crna
Alex Bruns, MD https://www.doximity.com/pub/alex-bruns-crna
Alex Chisholm, MD https://www.doximity.com/pub/alex-chisholm-crna
Alex Clementoni, MD https://www.doximity.com/pub/alex-clementoni-crna
Alex Davie, MD https://www.doximity.com/pub/alex-davie-crna
Alex Donesky, MD https://www.doximity.com/pub/alex-donesky-crna
Alex Duron, MD https://www.doximity.com/pub/alex-duron-crna
Alex Ebmeyer, MD https://www.doximity.com/pub/alex-ebmeyer-crna
Alex Eckstein, MD https://www.doximity.com/pub/alex-eckstein-crna
Alex Gitau, MD https://www.doximity.com/pub/alex-gitau-crna
Alex Goode, MD https://www.doximity.com/pub/alex-goode-crna
Alex Graham, MD https://www.doximity.com/pub/alex-graham-crna
Alex Harbin, MD https://www.doximity.com/pub/alex-harbin-crna
Alex Hartman, MD https://www.doximity.com/pub/alex-hartman-crna
Alex Holton, MD https://www.doximity.com/pub/alex-holton-crna
Alex Hugi, MD https://www.doximity.com/pub/alex-hugi-crna
Alex Jung, MD https://www.doximity.com/pub/alex-jung-crna
Alex Kessler, MD https://www.doximity.com/pub/alex-kessler-crna
Alex Kim, MD https://www.doximity.com/pub/alex-kim-crna
Alex Kirin, MD https://www.doximity.com/pub/alex-kirin-crna
Alex Kolascz, MD https://www.doximity.com/pub/alex-kolascz-crna
Alex Lambert, MD https://www.doximity.com/pub/alex-lambert-crna
Alex Liddar, MD https://www.doximity.com/pub/alex-liddar-crna
Alex Mallari, MD https://www.doximity.com/pub/alex-mallari-crna
Alex Mitts, MD https://www.doximity.com/pub/alex-mitts-crna
Alex Morgan, MD https://www.doximity.com/pub/alex-morgan-crna
Alex Muroka, MD https://www.doximity.com/pub/alex-muroka-crna
Alex O'Connell, MD https://www.doximity.com/pub/alex-o-connell-crna
Alex Olivera Cuevas, MD https://www.doximity.com/pub/alex-olivera-cuevas-crna
Alex Passmore, MD https://www.doximity.com/pub/alex-passmore-crna
Alex Pena, MD https://www.doximity.com/pub/alex-pena-crna
Alex Pentecost, MD https://www.doximity.com/pub/alex-pentecost-crna
Alex Quinn, MD https://www.doximity.com/pub/alex-quinn-crna
Alex Quinones, MD https://www.doximity.com/pub/alex-quinones-crna
Alex Rademaker, MD https://www.doximity.com/pub/alex-rademaker-crna
Alex Ramos, MD https://www.doximity.com/pub/alex-ramos-crna
Alex Rhouddou, MD https://www.doximity.com/pub/alex-rhouddou-crna
Alex Ringhand, MD https://www.doximity.com/pub/alex-ringhand-crna
Alex Rubo, MD https://www.doximity.com/pub/alex-rubo-crna
Alex Russell, MD https://www.doximity.com/pub/alex-russell-crna
Alex Saber, MD https://www.doximity.com/pub/alex-saber-crna-a4c4c03a
Alex Schoenbeck, MD https://www.doximity.com/pub/alex-schoenbeck-crna
Alex Schroeder, MD https://www.doximity.com/pub/alex-schroeder-crna
Alex Sigalovsky, MD https://www.doximity.com/pub/alex-sigalovsky-crna
Alex Smith, MD https://www.doximity.com/pub/alex-smith-crna
Alex Song, MD https://www.doximity.com/pub/alex-song-crna
Alex Sullivan, MD https://www.doximity.com/pub/alex-sullivan-crna
Alex Trinh, MD https://www.doximity.com/pub/alex-trinh-crna
Alex Vetter, MD https://www.doximity.com/pub/alex-vetter-crna
Alex Vitshteyn, MD https://www.doximity.com/pub/alex-vitshteyn-crna
Alex Whitehill, MD https://www.doximity.com/pub/alex-whitehill-crna
Alex Wilkie, MD https://www.doximity.com/pub/alex-wilkie-crna
Alex Wilkie, MD https://www.doximity.com/pub/alex-wilkie-crna-60f69729
Alex Wimberley, MD https://www.doximity.com/pub/alex-wimberley-crna
Alex Woicehovich, MD https://www.doximity.com/pub/alex-woicehovich-crna
Alexa Aloisi, MD https://www.doximity.com/pub/alexa-aloisi-crna
Alexa Billings, MD https://www.doximity.com/pub/alexa-billings-crna
Alexa Brummund, MD https://www.doximity.com/pub/alexa-brummund-crna
Alexa Busch, MD https://www.doximity.com/pub/alexa-busch-crna
Alexa Cheney, MD https://www.doximity.com/pub/alexa-cheney-crna
Alexa Darrow, MD https://www.doximity.com/pub/alexa-darrow-crna
Alexa Finneman, MD https://www.doximity.com/pub/alexa-finneman-crna
Alexa Hartnett, MD https://www.doximity.com/pub/alexa-hartnett-crna
Alexa Hayes, MD https://www.doximity.com/pub/alexa-hayes-crna
Alexa Herold, MD https://www.doximity.com/pub/alexa-herold-crna
Alexa High, MD https://www.doximity.com/pub/alexa-high-crna
Alexa Hogan, MD https://www.doximity.com/pub/alexa-hogan-crna
Alexa Honstad, MD https://www.doximity.com/pub/alexa-honstad-crna
Alexa Kass, MD https://www.doximity.com/pub/alexa-kass-crna
Alexa Kelly, MD https://www.doximity.com/pub/alexa-kelly-crna
Alexa Kimball, MD https://www.doximity.com/pub/alexa-kimball-crna
Alexa Kleiman, MD https://www.doximity.com/pub/alexa-kleiman-crna
Alexa Koenig, MD https://www.doximity.com/pub/alexa-koenig-crna
Alexa Long, MD https://www.doximity.com/pub/alexa-long-crna
Alexa Mayerhofer, MD https://www.doximity.com/pub/alexa-mayerhofer-crna
Alexa Mermigas, MD https://www.doximity.com/pub/alexa-mermigas-crna
Alexa Nardulli, MD https://www.doximity.com/pub/alexa-nardulli-crna
Alexa Papas, MD https://www.doximity.com/pub/alexa-papas-crna
Alexa Stephens, MD https://www.doximity.com/pub/alexa-stephens-crna
Alexa Swift, MD https://www.doximity.com/pub/alexa-swift-crna
Alexander Akers, MD https://www.doximity.com/pub/alexander-akers-crna
Alexander Andone, MD https://www.doximity.com/pub/alexander-andone-crna
Alexander Arduini, MD https://www.doximity.com/pub/alexander-arduini-crna
Alexander Arno, MD https://www.doximity.com/pub/alexander-arno-crna
Alexander Ash, MD https://www.doximity.com/pub/alexander-ash-crna
Alexander Aul, MD https://www.doximity.com/pub/alexander-aul-crna
Alexander Baker, MD https://www.doximity.com/pub/alexander-baker-crna
Alexander Barrow, MD https://www.doximity.com/pub/alexander-barrow-crna
Alexander Bezek, MD https://www.doximity.com/pub/alexander-bezek-crna
Alexander Bogherie, MD https://www.doximity.com/pub/alexander-bogherie-crna
Alexander Bulnes, MD https://www.doximity.com/pub/alexander-bulnes-crna
Alexander Calhoun, MD https://www.doximity.com/pub/alexander-calhoun-crna
Alexander Chang, MD https://www.doximity.com/pub/alexander-chang-crna
Alexander Constantine, MD https://www.doximity.com/pub/alexander-constantine-crna
Alexander Corbitt, MD https://www.doximity.com/pub/alexander-corbitt-crna
Alexander Diaz Pena, MD https://www.doximity.com/pub/alexander-diaz-pena-crna
Alexander Drost, MD https://www.doximity.com/pub/alexander-drost-crna
Alexander Dunn, MD https://www.doximity.com/pub/alexander-dunn-crna
Alexander Ferda, MD https://www.doximity.com/pub/alexander-ferda-crna
Alexander Fernandez, MD https://www.doximity.com/pub/alexander-fernandez-crna
Alexander Ferreira, MD https://www.doximity.com/pub/alexander-ferreira-crna
Alexander Fugate, MD https://www.doximity.com/pub/alexander-fugate-crna
Alexander Fukes, MD https://www.doximity.com/pub/alexander-fukes-crna
Alexander Gasteazoro, MD https://www.doximity.com/pub/alexander-gasteazoro-crna
Alexander Gilson, MD https://www.doximity.com/pub/alexander-gilson-crna
Alexander Gorman, MD https://www.doximity.com/pub/alexander-gorman-crna
Alexander Gottesman, MD https://www.doximity.com/pub/alexander-gottesman-crna
Alexander Graves, MD https://www.doximity.com/pub/alexander-graves-crna
Alexander Halstead, MD https://www.doximity.com/pub/alexander-halstead-crna
Alexander Hawthorne, MD https://www.doximity.com/pub/alexander-hawthorne-crna
Alexander Heck, MD https://www.doximity.com/pub/alexander-heck-crna
Alexander Honore, MD https://www.doximity.com/pub/alexander-honore-crna
Alexander Hull, MD https://www.doximity.com/pub/alexander-hull-crna
Alexander Husted, MD https://www.doximity.com/pub/alexander-husted-crna
Alexander Igoe, MD https://www.doximity.com/pub/alexander-igoe-crna
Alexander Inkhamheng, MD https://www.doximity.com/pub/alexander-inkhamheng-crna
Alexander James, MD https://www.doximity.com/pub/alexander-james-crna
Alexander James, MD https://www.doximity.com/pub/alexander-james-crna-d15b6e29
Alexander John, MD https://www.doximity.com/pub/alexander-john-crna
Alexander Johnson, MD https://www.doximity.com/pub/alexander-johnson-crna
Alexander Johnson, MD https://www.doximity.com/pub/alexander-johnson-crna-03614bc4
Alexander Jones, MD https://www.doximity.com/pub/alexander-jones-crna
Alexander Jordan, MD https://www.doximity.com/pub/alexander-jordan-crna
Alexander Karpyuk, MD https://www.doximity.com/pub/alexander-karpyuk-crna
Alexander Keris, MD https://www.doximity.com/pub/alexander-keris-crna
Alexander Knudsen, MD https://www.doximity.com/pub/alexander-knudsen-crna
Alexander Kobert, MD https://www.doximity.com/pub/alexander-kobert-crna
Alexander Kolar, MD https://www.doximity.com/pub/alexander-kolar-crna
Alexander Korittnig, MD https://www.doximity.com/pub/alexander-korittnig-crna
Alexander Lagman, MD https://www.doximity.com/pub/alexander-lagman-crna
Alexander Limoges, MD https://www.doximity.com/pub/alexander-limoges-crna
Alexander Litwin, MD https://www.doximity.com/pub/alexander-litwin-crna
Alexander Lucci, MD https://www.doximity.com/pub/alexander-lucci-crna
Alexander Manning, MD https://www.doximity.com/pub/alexander-manning-crna
Alexander Martinez, MD https://www.doximity.com/pub/alexander-martinez-crna
Alexander Martsolf, MD https://www.doximity.com/pub/alexander-martsolf-crna
Alexander Mason, MD https://www.doximity.com/pub/alexander-mason-crna
Alexander Mcbee, MD https://www.doximity.com/pub/alexander-mcbee-crna
Alexander Meng, MD https://www.doximity.com/pub/alexander-meng-crna
Alexander Mohrmann, MD https://www.doximity.com/pub/alexander-mohrmann-crna
Alexander Moy, MD https://www.doximity.com/pub/alexander-moy-crna
Alexander Ngo, MD https://www.doximity.com/pub/alexander-ngo-crna
Alexander Olender, MD https://www.doximity.com/pub/alexander-olender-crna
Alexander Oliu, MD https://www.doximity.com/pub/alexander-oliu-crna
Alexander Oliver, MD https://www.doximity.com/pub/alexander-oliver-crna
Alexander Olson, MD https://www.doximity.com/pub/alexander-olson-crna
Alexander Orellana, MD https://www.doximity.com/pub/alexander-orellana-crna
Alexander Prudente, MD https://www.doximity.com/pub/alexander-prudente-crna
Alexander Pugliese, MD https://www.doximity.com/pub/alexander-pugliese-crna
Alexander Rodriguez-Diaz, MD https://www.doximity.com/pub/alexander-rodriguez-diaz-crna
Alexander Rorie, MD https://www.doximity.com/pub/alexander-rorie-crna
Alexander Rosc, MD https://www.doximity.com/pub/alexander-rosc-crna
Alexander Russo, MD https://www.doximity.com/pub/alexander-russo-crna
Alexander Sackey, MD https://www.doximity.com/pub/alexander-sackey-crna
Alexander Scott, MD https://www.doximity.com/pub/alexander-scott-crna
