John Walker, MD https://www.doximity.com/cv/1voice4children
A. Duane Selman, MD https://www.doximity.com/cv/a-duane-selman-do
Abeid Anslip, MD https://www.doximity.com/cv/aanslip
Aaron Quarles, MD https://www.doximity.com/cv/aaron-quarles-md-1
Adam Brenner, MD https://www.doximity.com/cv/adam-brenner-md-3
Adam Leight, MD https://www.doximity.com/cv/adam-leight-md-1
Aditi Joshi, MD https://www.doximity.com/cv/aditi-joshi-md-1
Ahmed Shaikh, MD https://www.doximity.com/cv/ahmedshaikh
Alan Hirshberg, MD https://www.doximity.com/cv/alan-hirshberg-md-1
Alan Kuban, MD https://www.doximity.com/cv/alan-kuban-md-1
Alan Katz, MD https://www.doximity.com/cv/alankatzmd
Albert Villarin, MD https://www.doximity.com/cv/albert-villarin-md-1
Alberto Delgado, MD https://www.doximity.com/cv/alberto-delgado-md-2
Aleks Radovic, MD https://www.doximity.com/cv/aleksradovicmd
Alexander Huttleston, MD https://www.doximity.com/cv/alex-md
Alexander Skog, MD https://www.doximity.com/cv/alex-skog-md
Alexa Toth, MD https://www.doximity.com/cv/alexa-litel-md-slash-1
Alexander Bracey, MD https://www.doximity.com/cv/alexander-bracey-md-1
Alexander Philip, MD https://www.doximity.com/cv/alexander-philip-2
Alexander Arena, MD https://www.doximity.com/cv/alexanderarena
Alexander Blau, MD https://www.doximity.com/cv/alexblau
Alfred Damus, MD https://www.doximity.com/cv/alfred-damus-md-facep
Alicia Shelby, MD https://www.doximity.com/cv/alicia-shelby-md-1
Allan Churukian, MD https://www.doximity.com/cv/allan-churukian-md-1
Allen Wang, MD https://www.doximity.com/cv/allenfwang
Anitricia Lumpkin, MD https://www.doximity.com/cv/alumpkin-at-medhealthurgentcare-dot-c
Alvin Bronstein, MD https://www.doximity.com/cv/alvin-bronstein-md-1
Amabel Cabatu, MD https://www.doximity.com/cv/amabel-cabatu-md
Amanda West, MD https://www.doximity.com/cv/amandawestmd
Amit Phull, MD https://www.doximity.com/cv/amit-phull-md
Amy Collins, MD https://www.doximity.com/cv/amy-collins-md
Amy Gandhi, MD https://www.doximity.com/cv/amy-gandhi-md-6d817eb2
Ana Guarderas, MD https://www.doximity.com/cv/ana-castanedaguarderas-md
Andre Creese, MD https://www.doximity.com/cv/andre-creese-md-1
Andrew Fischer, MD https://www.doximity.com/cv/andrew-fischer-md-slash-4
Andrew Rudin, MD https://www.doximity.com/cv/andrew-rudin-do
Andy Jou, MD https://www.doximity.com/cv/andyjou
Ani Aydin, MD https://www.doximity.com/cv/ani-aydin-md-1
Anil Mody, MD https://www.doximity.com/cv/anil-mody-md-2
Annada Das, MD https://www.doximity.com/cv/annada-das-md-2
Anne Delonais-Turner, MD https://www.doximity.com/cv/anne-delonais-turner-md-1
Anoop Sangha, MD https://www.doximity.com/cv/anoop-sangha-md-2
Anthony Amoroso, MD https://www.doximity.com/cv/anthony-amoroso-md
Anthony Collins, MD https://www.doximity.com/cv/anthony-collins-do-1
Anthony M. Salerno, MD https://www.doximity.com/cv/anthony-m-salerno-do
Anthony Mazzeo, MD https://www.doximity.com/cv/anthony-mazzeo-md-3
Anthony Pierro, MD https://www.doximity.com/cv/anthony-pierro-do-3
Antoine Leflore, MD https://www.doximity.com/cv/antoine-leflore-md-1
Anupama Singh, MD https://www.doximity.com/cv/anupama-singh-md-c266
Anup Chitnis, MD https://www.doximity.com/cv/anupchitnis
Aryeh Lapin, MD https://www.doximity.com/cv/ari-lapin
Arti Baskaran, MD https://www.doximity.com/cv/arti-baskaran-md-slash-1
Atwood Rice, MD https://www.doximity.com/cv/atwood-rice-md-1
Austin Hillman, MD https://www.doximity.com/cv/austin-hillman-md-84e3a433
Austin Williams, MD https://www.doximity.com/cv/austinwilliams
B. Cory Harow, MD https://www.doximity.com/cv/b-cory-harow-md
Banu Edil, MD https://www.doximity.com/cv/banu-edil-md-slash-1
Barbara Kirrane, MD https://www.doximity.com/cv/barbara-kirrane-md-1
John Arevalo, MD https://www.doximity.com/cv/ben_arevalo
Benjamin Smith, MD https://www.doximity.com/cv/ben-smith-md
Betty Dilley, MD https://www.doximity.com/cv/betty-dilley-do-1
Beverly Brown, MD https://www.doximity.com/cv/beverly-brown-md-slash-3
Blake Anderson, MD https://www.doximity.com/cv/blake-anderson-md-e8b4657e
Bradford Tinloy, MD https://www.doximity.com/cv/bradford-tinloy-md-1
Bradley Gutierrez, MD https://www.doximity.com/cv/bradley-gutierrez-do-slash-1
Bradley J. Serack, MD https://www.doximity.com/cv/bradley-j-serack-slash-3
Brent Lewis, MD https://www.doximity.com/cv/brent-mckeen-lewis-md
Brent Bacus, MD https://www.doximity.com/cv/brentbacusmd
Brian Knabe, MD https://www.doximity.com/cv/brian-knabe-md-1
Brian Radtke, MD https://www.doximity.com/cv/brian-radtke-md-1
Brian Makowski, MD https://www.doximity.com/cv/brianmakowski
Brian Wieczorek, MD https://www.doximity.com/cv/brianwieczorekmd
Bruce Oran, MD https://www.doximity.com/cv/bruce-oran-do-5
Bryan Sloane, MD https://www.doximity.com/cv/bryan-sloane-2
C. Brian Coffman, MD https://www.doximity.com/cv/c-brian-coffman-md-slash-1
Cameron Parham, MD https://www.doximity.com/cv/cameron-parham-md-1
Cameron Hanson, MD https://www.doximity.com/cv/cameronghansondo
Carolyn Waldo, MD https://www.doximity.com/cv/carolyn-waldo-md-slash-1
Carter Hill, MD https://www.doximity.com/cv/carter-hill-md-1
Connor Byrne, MD https://www.doximity.com/cv/cbyrnemd
Christian Dameff, MD https://www.doximity.com/cv/cdameff
Christopher Diaz, MD https://www.doximity.com/cv/cdiaz111
Chad Cannon, MD https://www.doximity.com/cv/chad-cannon-md-2
Charise Johns, MD https://www.doximity.com/cv/charise-johns-md-1
Charles Duva, MD https://www.doximity.com/cv/charles-duva-md-cmm-facep
Charles Latimore, MD https://www.doximity.com/cv/charles-latimore-physician
Charles Spencer, MD https://www.doximity.com/cv/charles-spencer-iii-md
Cheryl Lee, MD https://www.doximity.com/cv/cheryl-lee-md-6
Chris Hinson Md, MD https://www.doximity.com/cv/chris-hinson-md-1
Chrisantha Simithraaratchy, MD https://www.doximity.com/cv/chrisantha-simithraaratchy-md-1
Christopher Nash, MD https://www.doximity.com/cv/chrisnash
Christina Liou, MD https://www.doximity.com/cv/christina-liou-do
Christopher Bennett, MD https://www.doximity.com/cv/christopher-dot-lee-dot-bennett
Christopher Langan, MD https://www.doximity.com/cv/christopher-langan-md-2
Christopher Perry, MD https://www.doximity.com/cv/christopher-m-perry-do
Christopher McNeil, MD https://www.doximity.com/cv/christopher-mcneil-md-slash-1
Christopher Solaro, MD https://www.doximity.com/cv/christopher-solaro-md-phd
Christopher Stokes, MD https://www.doximity.com/cv/christopher-stokes-md-slash-2
Christopher Wall, MD https://www.doximity.com/cv/christopher-wall-md-slash-1
Christopher Wood, MD https://www.doximity.com/cv/christopher-wood-md-slash-2
Clarence Kong, MD https://www.doximity.com/cv/clarencekongmd
Clay Winkler, MD https://www.doximity.com/cv/clay-winkler-do-1
Clifford Fields, MD https://www.doximity.com/cv/clifford-fields-md-2
Cody Williams, MD https://www.doximity.com/cv/cody-j-williams-md
Colin Devlin, MD https://www.doximity.com/cv/colin-devlin-2
Colleen Lang, MD https://www.doximity.com/cv/colleen-walsh-lang-md
Corey Abdeen, MD https://www.doximity.com/cv/coreyabdeen-do
Courtney Corrin, MD https://www.doximity.com/cv/courtney-corrin-do-1
Courtney Anderson, MD https://www.doximity.com/cv/courtney-elm-md-slash-1
Craig Kizewic, MD https://www.doximity.com/cv/craig-kizewic-do-2
Chris Crogan, MD https://www.doximity.com/cv/crogan
Curtis Carriker, MD https://www.doximity.com/cv/curtisgcarriker-md
Curtiss Smith, MD https://www.doximity.com/cv/curtiss-smith-md
Cynthia Elliott, MD https://www.doximity.com/cv/cynthia-elliott-md-995dd01e
Dana Nighswonger, MD https://www.doximity.com/cv/dana-nighswonger-do-1
Dana Trippi, MD https://www.doximity.com/cv/dana-trippi-do-slash-1
Daniel Busse, MD https://www.doximity.com/cv/daniel-busse-md-1
Daniel Hossain, MD https://www.doximity.com/cv/daniel-hossain-do
Daniel Kievlan, MD https://www.doximity.com/cv/daniel-kievlan-md-slash-1
Daniel Lewis, MD https://www.doximity.com/cv/daniel-lewis-md-13
Daniel Matulich, MD https://www.doximity.com/cv/daniel-matulich-md-1
Daniel McGillicuddy, MD https://www.doximity.com/cv/daniel-mcgillicuddy-md-1
Daniel Orjuela, MD https://www.doximity.com/cv/daniel-orjuela-md-1
Daniel Robinson, MD https://www.doximity.com/cv/daniel-robinson-md-14ed85ec
Daniel Willner, MD https://www.doximity.com/cv/daniel-willner-md-slash-1
Danielle Goodrich, MD https://www.doximity.com/cv/danielle-goodrich-md-slash-1
Darin Mann, MD https://www.doximity.com/cv/darin-mann-do-1
David Barton, MD https://www.doximity.com/cv/david-barton-md-33ad92f6
David Carter, MD https://www.doximity.com/cv/david-carter-md-slash-3
David Friedman, MD https://www.doximity.com/cv/david-friedman-md-slash-19
David Grove, MD https://www.doximity.com/cv/david-grove-md-slash-1
David Gutteridge, MD https://www.doximity.com/cv/david-gutteridge-3
David Harris, MD https://www.doximity.com/cv/david-harris-md-1987
David Heegeman, MD https://www.doximity.com/cv/david-heegeman-md-1
David Hogan, MD https://www.doximity.com/cv/david-hogan-do-slash-1
David Lee, MD https://www.doximity.com/cv/david-lee-md-slash-67
David Li, MD https://www.doximity.com/cv/david-li
David Lickerman, MD https://www.doximity.com/cv/david-lickerman-md-1
David Moen, MD https://www.doximity.com/cv/david-moen-md-1
David Paton, MD https://www.doximity.com/cv/david-paton-do-2
David Paul, MD https://www.doximity.com/cv/david-paul-md-7e1a52d0
David Price, MD https://www.doximity.com/cv/david-price-md
David Schaffer, MD https://www.doximity.com/cv/david-schaffer-md-slash-6
David Schreck, MD https://www.doximity.com/cv/david-schreck-md-slash-1
David Teegarden, MD https://www.doximity.com/cv/david-teegarden-md
David Trickey, MD https://www.doximity.com/cv/david-trickey-md-slash-1
David Young, MD https://www.doximity.com/cv/david-young-md-slash-34
David Beversluis, MD https://www.doximity.com/cv/davidbeversluis
Dawn Peterson, MD https://www.doximity.com/cv/dawn-peterson-md-slash-1
Deborah Kimball, MD https://www.doximity.com/cv/deborah
Jonethan Delaughter, MD https://www.doximity.com/cv/delaughterdo
Denise Miller, MD https://www.doximity.com/cv/denise-miller-md-slash-1
Deno Gualtieri, MD https://www.doximity.com/cv/denogualtierido
Diana Fink, MD https://www.doximity.com/cv/diana-fink-md-1
Patrick DiCosimo, MD https://www.doximity.com/cv/dicosimoem
Dinesh Shah, MD https://www.doximity.com/cv/dinesh-shah-md-slash-4
Donald Ramsey, MD https://www.doximity.com/cv/donald-ramsey-md-slash-10
Donald Sheeley, MD https://www.doximity.com/cv/donsheeley
Douglas Calvert, MD https://www.doximity.com/cv/douglas-calvert-do-1
Douglas Ragland, MD https://www.doximity.com/cv/douglas-ragland-md-1
Victor Aramayo, MD https://www.doximity.com/cv/dr-victor-aramayo-d-o-faaem
Elliott Chinn, MD https://www.doximity.com/cv/drelliottchinn
Richard Winters, MD https://www.doximity.com/cv/drewwinters
Nicholas Fern, MD https://www.doximity.com/cv/drnicholasfern
Sarah Medeiros, MD https://www.doximity.com/cv/drsarahem
Pranav Shukla, MD https://www.doximity.com/cv/drshukla
Dwayne Bernard, MD https://www.doximity.com/cv/dwayne-bernard-md-1
David Ong, MD https://www.doximity.com/cv/earlccc0ebfb
Edmond Safarian, MD https://www.doximity.com/cv/edmond-safarian-md-2
Edris Afzali, MD https://www.doximity.com/cv/edriserdr
Edward Colby, MD https://www.doximity.com/cv/edward-colby-md-1
Edward Kimball, MD https://www.doximity.com/cv/edward-kimball-md-2
Edward Yeh, MD https://www.doximity.com/cv/edward-yeh-md-slash-1
Elias Said, MD https://www.doximity.com/cv/elias-said-md-slash-5
Elizabeth Clayborne, MD https://www.doximity.com/cv/elizabeth-p-clayborne
Elliott Cohen, MD https://www.doximity.com/cv/elliott-cohen-md-8fdb9aa8
Elliott Tenpenny, MD https://www.doximity.com/cv/elliott-tenpenny-md
Mustafa Rasheed, MD https://www.doximity.com/cv/emccm_mustafa
Scott Weingart, MD https://www.doximity.com/cv/emcrit
Emerson Franke, MD https://www.doximity.com/cv/emersonfranke
Emily Sze, MD https://www.doximity.com/cv/emily-m-sze
Eric Klotz, MD https://www.doximity.com/cv/eric-klotz-do-1
Eric Loeliger, MD https://www.doximity.com/cv/eric-loeliger-md-1
Eric Okelberry, MD https://www.doximity.com/cv/eric-okelberry-md-2
Eric Roberson, MD https://www.doximity.com/cv/eric-roberson-md-1
Eric Silverman, MD https://www.doximity.com/cv/eric-silverman-md-slash-2
Marvin Nix, MD https://www.doximity.com/cv/ericnixmd
Erik-Jon Hammond, MD https://www.doximity.com/cv/erik-hammond-do
Erik Petersen, MD https://www.doximity.com/cv/erik-petersen-do-slash-1
Erik Verzemnieks, MD https://www.doximity.com/cv/erik-verzemnieks
Erin Rinto, MD https://www.doximity.com/cv/erin-rinto-md-3
Essa Mehkri, MD https://www.doximity.com/cv/essa-mehkri-md-1
Eunice Suhr, MD https://www.doximity.com/cv/eunice-suhr-md-1
F. Heath, MD https://www.doximity.com/cv/f-heath-md-1
Farsheed Nikbakht, MD https://www.doximity.com/cv/farsheed-nikbakht-md-1
Felix Sabates, MD https://www.doximity.com/cv/felixnaborsabates-jr
Fernando Jara, MD https://www.doximity.com/cv/fernando-jara-md-1
Forrest King, MD https://www.doximity.com/cv/forrest-king-md-slash-1
Francis Youn, MD https://www.doximity.com/cv/francis-youn-md-1
Fred Reid, MD https://www.doximity.com/cv/fred-reid-md-1
Frederick Lin, MD https://www.doximity.com/cv/fredlin
G. Edward Mallory, MD https://www.doximity.com/cv/g-edward-mallory-do
Gail Knight, MD https://www.doximity.com/cv/gail-knight-md-65387c34
Gary Mendelow, MD https://www.doximity.com/cv/gary-mendelow-md-1
Gene Ragland, MD https://www.doximity.com/cv/gene-ragland-md
Geoff Luecker, MD https://www.doximity.com/cv/geoff_luecker_do
Geoffrey Murphy, MD https://www.doximity.com/cv/geoffrey-murphy-md-1
George Shaw, MD https://www.doximity.com/cv/george-shaw-md-slash-2
Gerald Mcclallen, MD https://www.doximity.com/cv/gerald-mcclallen-do-1
Gerardo Fernandez, MD https://www.doximity.com/cv/gerardo-fernandez-md-slash-4
Ghayas Qureshi, MD https://www.doximity.com/cv/ghayas-qureshi-md-1
Gina Vento, MD https://www.doximity.com/cv/gina-vento-md-df1a0fb3
Glen Kay, MD https://www.doximity.com/cv/glen-kay-md-1
Esteban Casasola, MD https://www.doximity.com/cv/goldstarmd
Greg Tichenor, MD https://www.doximity.com/cv/greg-tichenor-md-2
Gregory Pyne, MD https://www.doximity.com/cv/gregory-pyne-md-1
Gregory Walter, MD https://www.doximity.com/cv/gregory-walter-md/3
Gregory Wanner, MD https://www.doximity.com/cv/gregory-wanner-do-slash-3
Harvey Castro, MD https://www.doximity.com/cv/harveycastromd
Hasan Chaudhary, MD https://www.doximity.com/cv/hasan-chaudhary-md-1
Herbert Schiffer, MD https://www.doximity.com/cv/herbert-schiffer-do-1
Hillard Chemers, MD https://www.doximity.com/cv/hillard-chemers-md-slash-2
Charles Swanson, MD https://www.doximity.com/cv/hillbillysquatchdo
Hong Keun Choi, MD https://www.doximity.com/cv/hong-keun-choi-md
Horacio Marafioti, MD https://www.doximity.com/cv/horacio-marafioti-md-1
Housam Moursi, MD https://www.doximity.com/cv/housam-moursi-do-1
Jaclyn Caffrey, MD https://www.doximity.com/cv/jaclyn-caffrey-2
Jai Patel, MD https://www.doximity.com/cv/jai-patel-do-73de8256
James Behra, MD https://www.doximity.com/cv/james-behra-md-1
James Berry, MD https://www.doximity.com/cv/james-berry-do-slash-1
James Dwyer, MD https://www.doximity.com/cv/james-dwyer-md-slash-1
James Kenny, MD https://www.doximity.com/cv/james-kenny-md-slash-1
James Lewis, MD https://www.doximity.com/cv/james-lewis-md-a6e2b382
James Poole, MD https://www.doximity.com/cv/james-poole-do-1
James Radack, MD https://www.doximity.com/cv/james-radack-md-1
James Waters, MD https://www.doximity.com/cv/james-waters-1
James Woodburn, MD https://www.doximity.com/cv/james-woodburn-md-3
Jane Avella, MD https://www.doximity.com/cv/jane-avella-md-1
Janet Fowle, MD https://www.doximity.com/cv/janet-fowle-md-slash-2
Jared Ross, MD https://www.doximity.com/cv/jared-ross
Jason Begue, MD https://www.doximity.com/cv/jason-begue-md-2
Jason Kurtzman, MD https://www.doximity.com/cv/jason-kurtzman-md-1
Jason Lai, MD https://www.doximity.com/cv/jasonlai
Michael Jaung, MD https://www.doximity.com/cv/jaungmd
Jose Maria-Rios, MD https://www.doximity.com/cv/jcmaria-rios
Jean Dorce, MD https://www.doximity.com/cv/jean-dorce-do-slash-1
Jeffrey Nielson, MD https://www.doximity.com/cv/jeff-nielson-md
Jeffrey Daniels, MD https://www.doximity.com/cv/jeffrey-daniels-md-slash-2
Jeffrey Herman, MD https://www.doximity.com/cv/jeffrey-herman-md-slash-4
Jeffrey Spear, MD https://www.doximity.com/cv/jeffrey-spear-md-slash-1
Jeffrey Williams, MD https://www.doximity.com/cv/jeffrey-williams-md-slash-10
Jennifer Bradstreet, MD https://www.doximity.com/cv/jennifer-bradstreet-md-1
Jenny Situ, MD https://www.doximity.com/cv/jennysitumd
Jeremy Brywczynski, MD https://www.doximity.com/cv/jeremy-brywczynski-md-2
Jeremy Kenter, MD https://www.doximity.com/cv/jeremy-kenter
Jerome Toler, MD https://www.doximity.com/cv/jerome-toler-slash-9
Jerry James, MD https://www.doximity.com/cv/jerry-james-md-1
Jian Cui, MD https://www.doximity.com/cv/jiancuimd
Jin Kim, MD https://www.doximity.com/cv/jin-kim-md-slash-5
Judy Roberts, MD https://www.doximity.com/cv/jjroberts-do-rn
Joan Orloski, MD https://www.doximity.com/cv/joan-orloski-phd-do
Joseph Lee, MD https://www.doximity.com/cv/jody-lee-do
John Abt, MD https://www.doximity.com/cv/john-abt-do-slash-1
John Bowen, MD https://www.doximity.com/cv/john-bowen
John Fowler, MD https://www.doximity.com/cv/john-fowler-md-slash-6
John Gaillard, MD https://www.doximity.com/cv/john-gaillard-md-slash-1
John Hayden, MD https://www.doximity.com/cv/john-hayden-md-025f8016
John Jardine, MD https://www.doximity.com/cv/john-jardine-md-2
John Kominsky, MD https://www.doximity.com/cv/john-kominsky-md-1
John Lapczynski, MD https://www.doximity.com/cv/john-lapczynski-do-2
John McElligott, MD https://www.doximity.com/cv/john-mcelligott-md-1
John Muraski, Jr., MD https://www.doximity.com/cv/john-muraski-md
John Perry, MD https://www.doximity.com/cv/john-perry-md-2a078b3e
John Serra, MD https://www.doximity.com/cv/john-serra-md-7641aeb5
John Small, MD https://www.doximity.com/cv/john-small-md-slash-1
John Tolhurst, MD https://www.doximity.com/cv/john-tolhurst-md-1
Jon Cole, MD https://www.doximity.com/cv/jon-cole-md-slash-3
Jon H. Gray, MD https://www.doximity.com/cv/jon-h-gray-md
Jonathan Rubens, MD https://www.doximity.com/cv/jonathan-rubens-md-2
Jonathan Siff, MD https://www.doximity.com/cv/jonathan-siff-md-2
Jonathan Chan, MD https://www.doximity.com/cv/jonathancchan
Jonathan Lyons, MD https://www.doximity.com/cv/jonathanlyons
Jorge Behaine, MD https://www.doximity.com/cv/jorge-behaine-md-1
Jorge Mujica, MD https://www.doximity.com/cv/jorge-mujica-md-1
Joseph Bledsoe, MD https://www.doximity.com/cv/joseph-bledsoe-md-1
Joseph Britton, MD https://www.doximity.com/cv/joseph-britton-md-3
Joseph Carpenter, MD https://www.doximity.com/cv/joseph-carpenter-md-f7e5
Joseph Fagner, MD https://www.doximity.com/cv/joseph-fagner-md-1
Joseph Reardon, MD https://www.doximity.com/cv/joseph-m-reardon-md
Joseph Peters, MD https://www.doximity.com/cv/joseph-peters-do-slash-1
Joseph Barton, MD https://www.doximity.com/cv/josephbartonmd
Joshua Haratz, MD https://www.doximity.com/cv/joshua-haratz
Joshua Kindrat, MD https://www.doximity.com/cv/joshua-kindrat-do
Joshua Goldner, MD https://www.doximity.com/cv/joshua-s-goldner
Joy Kay, MD https://www.doximity.com/cv/joy-kay-md-1
Joyce Wahba, MD https://www.doximity.com/cv/joycewahba
Jamal Taha, MD https://www.doximity.com/cv/jtahamdmha
Julieanne Watters, MD https://www.doximity.com/cv/julieanne-watters-do-1
K. Michael Duerr, MD https://www.doximity.com/cv/k-michael-duerr-md
Kalpana Narayan, MD https://www.doximity.com/cv/kalpana-narayan-md-1
Karan Singh, MD https://www.doximity.com/cv/karanpsinghmd
Karen Shackelford, MD https://www.doximity.com/cv/karen-shackelford-md-1
Karma Warren, MD https://www.doximity.com/cv/karma-warren-md-1
Katherine Jahnes, MD https://www.doximity.com/cv/katherine-jahnes-md
Keegan Tupchong, MD https://www.doximity.com/cv/keegan-tupchong-md-1
Keith Harkins, MD https://www.doximity.com/cv/keith-harkins-md-2
Keith Senecal, MD https://www.doximity.com/cv/keith-senecal-md-4
Keith Tofte, MD https://www.doximity.com/cv/keith-tofte-md-1
Kelly Murphy, MD https://www.doximity.com/cv/kelly-murphy-emdoc
Kuljeet Singh-Biles, MD https://www.doximity.com/cv/kelly-singh-biles-do
Kelly Wright, MD https://www.doximity.com/cv/kelly-wright-md
Kendrick Lim, MD https://www.doximity.com/cv/kendrick-lim
Kevin Jensen, MD https://www.doximity.com/cv/kevin-jensen-md-slash-2
Kevin Meyer, MD https://www.doximity.com/cv/kevin-meyer-md-slash-3
Kevin Wallace, MD https://www.doximity.com/cv/kevin-wallace-md-slash-2
Kevin Whatley, MD https://www.doximity.com/cv/kevin-whatley-md-1
Kevin Fan, MD https://www.doximity.com/cv/kevinfan
Khalid Khan, MD https://www.doximity.com/cv/khalid-khan-md-f2951923
Khalid Malik, MD https://www.doximity.com/cv/khalid-malik-md-slash-4
Khanh Nguyen, MD https://www.doximity.com/cv/khanh-nguyen-do-slash-3
Kim D'Eramo, MD https://www.doximity.com/cv/kim-deramo-do
Kirk Jensen, MD https://www.doximity.com/cv/kirk-jensen-md-3
Krista Niezwaag, MD https://www.doximity.com/cv/krista-niezwaag
Kristel Poffinbarger, MD https://www.doximity.com/cv/kristel-poffinbarger-md-1
Kyle Knott, MD https://www.doximity.com/cv/kyle-knott-md-1
Kyle Pires, MD https://www.doximity.com/cv/kyle-pires
Kyle Stevens, MD https://www.doximity.com/cv/kyle-stevens-do-1
Kyle Marshall, MD https://www.doximity.com/cv/kylemarshall
John Lamartina, MD https://www.doximity.com/cv/lamartina
Lance Shamoun (Lance Shamoun), MD https://www.doximity.com/cv/lanceshamounmd
Larry Hsu, MD https://www.doximity.com/cv/larry-hsu-md-2
Larry Sims, MD https://www.doximity.com/cv/larry-sims-md-2
Latha Ganti, MD https://www.doximity.com/cv/latha-ganti-md
Laurence Anderson, MD https://www.doximity.com/cv/laurence-anderson-do-1
Laurence Maynard, MD https://www.doximity.com/cv/laurence-maynard-md-1
Lawrence Cresswell, MD https://www.doximity.com/cv/lawrence-cresswell-dojd
Leeran Baraness, MD https://www.doximity.com/cv/lbaranessmd
Lee Moorer, MD https://www.doximity.com/cv/lee-moorer-md-1
Leigh Vinocur, MD https://www.doximity.com/cv/leigh-vinocur-md-1
Leighanne Sherrow, MD https://www.doximity.com/cv/leighanne-sherrow-do-slash-1
Len Lee, MD https://www.doximity.com/cv/lenmichaellee
Leonardo Alonso, MD https://www.doximity.com/cv/leonardo-alonso-do-1
Lesley Wilcoxson, MD https://www.doximity.com/cv/lesley-wilcoxson-md-3
Robert Libfeld, MD https://www.doximity.com/cv/libfeld
Linda Szema, MD https://www.doximity.com/cv/linda-szema-md-1
Lisa Baron, MD https://www.doximity.com/cv/lisa-baron-md-da0602b6
Lisa Flora, MD https://www.doximity.com/cv/lisa-flora-md-1
Lisa Thompson, MD https://www.doximity.com/cv/lisa-thompson-md-slash-2
Loretta Jackson-Williams, MD https://www.doximity.com/cv/loretta-jackson-williams-md-2
Luis Santos, MD https://www.doximity.com/cv/luis-santos-md-slash-1
Lukas Ceha, MD https://www.doximity.com/cv/lukas-ceha-md-4
Lynn Flowers, MD https://www.doximity.com/cv/lynn-flowers-md-1
Malone Hill, MD https://www.doximity.com/cv/malone-hill-md-treyiii
Maninder Singh, MD https://www.doximity.com/cv/maninder-singh-md
Marc Abramow, MD https://www.doximity.com/cv/marc-abramow-md-2
Marc Levsky, MD https://www.doximity.com/cv/marc-levsky-md-2
Marcelo Darabos, MD https://www.doximity.com/cv/marcelo-darabos-do-slash-1
Marcus Kuypers, MD https://www.doximity.com/cv/marcus-kuypers-md-1
Marian Serra, MD https://www.doximity.com/cv/marian-serra-md-1
Marisa Fernandez, MD https://www.doximity.com/cv/marisa-m-fernandez-md
Marita Michelin, MD https://www.doximity.com/cv/marita-michelin-md-slash-1
Mark Lee, MD https://www.doximity.com/cv/mark-lee-jd-md-24b1c1d6
Mark Pressley, MD https://www.doximity.com/cv/mark-pressley-do-slash-1
Marsha Cushman, MD https://www.doximity.com/cv/marsha-cushman-do-1
Marvin Roberts, MD https://www.doximity.com/cv/marvin-roberts-md-1
Masood Mohammed, MD https://www.doximity.com/cv/masood-mohammed
Matthew Garman, MD https://www.doximity.com/cv/matthew-garman-md-2
Matthew Holden, MD https://www.doximity.com/cv/matthew-holden-md-2
Matthew Tyler, MD https://www.doximity.com/cv/matthew-tyler-do-1
Matthew Warden, MD https://www.doximity.com/cv/matthew-warden-md-1
Matthew Smith, MD https://www.doximity.com/cv/matthewsmith-do
Maury Greenberg, MD https://www.doximity.com/cv/maury-greenberg-md-slash-1
Marc Bartman, MD https://www.doximity.com/cv/mbar-md
Matthew Bisgaier, MD https://www.doximity.com/cv/mbisgaier
Matthew Woodle, MD https://www.doximity.com/cv/mbwoodle
Matthew Commet, MD https://www.doximity.com/cv/mcommet-do
Meenu Grover, MD https://www.doximity.com/cv/meenu-grover-md-2
Melanie Baughn, MD https://www.doximity.com/cv/melanie-baughn-do-2
Melynda Karlene, MD https://www.doximity.com/cv/melynda-karlene-do
Michael Grasso, MD https://www.doximity.com/cv/michael-a-grasso-md
Michael Antoniolli, MD https://www.doximity.com/cv/michael-antoniolli-md-slash-1
Michael Cheung, MD https://www.doximity.com/cv/michael-cheung
Michael Christian, MD https://www.doximity.com/cv/michael-christian-do-2
Michael Citron, MD https://www.doximity.com/cv/michael-citron-md-2
Michael Defilippo, MD https://www.doximity.com/cv/michael-defilippo
Michael Edwards, MD https://www.doximity.com/cv/michael-edwards-md-slash-2
Michael Haas, MD https://www.doximity.com/cv/michael-haas-md-slash-2
Michael Johnston, MD https://www.doximity.com/cv/michael-johnston-md-slash-2
Michael Kowalski, MD https://www.doximity.com/cv/michael-kowalski-md-3
Michael Mercado, MD https://www.doximity.com/cv/michael-mercado-md-slash
Michael Moss, MD https://www.doximity.com/cv/michael-moss-md-slash-3
Michael Neeki, MD https://www.doximity.com/cv/michael-neeki-do-1
Michael Parker, MD https://www.doximity.com/cv/michael-parker-md-slash-11-1
Michael Rock, MD https://www.doximity.com/cv/michael-rock-md-em
Michael Schick, MD https://www.doximity.com/cv/michael-schick-do
Michael Sequeira, MD https://www.doximity.com/cv/michael-sequeira-md-2
Michael Snyder, MD https://www.doximity.com/cv/michael-snyder-md-slash-5
Michael Tenison, MD https://www.doximity.com/cv/michael-tenison-md-1
Michael Yashar, MD https://www.doximity.com/cv/michael-yashar
Michael Zimmerman, MD https://www.doximity.com/cv/michael-zimmerman-md-zolopang
Michelle Atwood, MD https://www.doximity.com/cv/michelle-atwood-md-slash-1-1
Miguel Acevedo, MD https://www.doximity.com/cv/miguel-acevedo-md-3
Mitzi Dillon, MD https://www.doximity.com/cv/mitzi-dillon-md-1
Mohammed Khadeer, MD https://www.doximity.com/cv/mkhadeerdo
Michael O'Brien, MD https://www.doximity.com/cv/mobrien
Mohamud Daya, MD https://www.doximity.com/cv/mohamud-daya-md-1
Mojdeh Toomarian, MD https://www.doximity.com/cv/mojdeh-toomarian-md-slash-1
Muhammad Choudry, MD https://www.doximity.com/cv/muhammad-choudry-md-4
Nathan Henrie, MD https://www.doximity.com/cv/n8henrie
Nadeem Alduaij, MD https://www.doximity.com/cv/nadeemalduaij
Nastaran Talebiani Solano, MD https://www.doximity.com/cv/nastaran-talebiani-solano-md-slash-3
Nathan Lewis, MD https://www.doximity.com/cv/nathan-lewis-md-slash-1
Nathan Whitmore, MD https://www.doximity.com/cv/nathan-whitmore-md-e19d0fef
Neil Martin, MD https://www.doximity.com/cv/neil-martin-md-slash-1
Neil Moynihan, MD https://www.doximity.com/cv/neil-moynihan-md-1
Neil Saley, MD https://www.doximity.com/cv/neil-saley-md-slash-1
Ngoc Nguyen, MD https://www.doximity.com/cv/ngoc-nguyen-md-9644638b
Nicholas DiPaolo, MD https://www.doximity.com/cv/nicholas-x-md
Nick Colovos, MD https://www.doximity.com/cv/nick-colovos-md-slash-1
Nicholas Karr, MD https://www.doximity.com/cv/nick-karr-md
Nicole Nadel, MD https://www.doximity.com/cv/nicole-nadel-do-1
Nina Chicharoen, MD https://www.doximity.com/cv/nina-chicharoen-md-1
Noah Kaufman, MD https://www.doximity.com/cv/noah-kaufman-md-1
Noel Emerson, MD https://www.doximity.com/cv/noel-emerson-do-1
Okiki Louis, MD https://www.doximity.com/cv/okiki-louis-md-1
Omar Usman, MD https://www.doximity.com/cv/omar-usman
Omar Maniya, MD https://www.doximity.com/cv/omarmaniya
Onier Villarreal Alejandro, MD https://www.doximity.com/cv/onier-villarreal-md
Onna Konicek, MD https://www.doximity.com/cv/onna-konicek-do
Paris Lovett, MD https://www.doximity.com/cv/paris-lovett-md
Patrick Broderick, MD https://www.doximity.com/cv/patrick-broderick-md-slash-1
Patrick McKeny, MD https://www.doximity.com/cv/patrick-mckeny-do
Paul Casey, MD https://www.doximity.com/cv/paul-casey-md-slash-4
Paul Frutos, MD https://www.doximity.com/cv/paul-frutos-do-2
Paul Gilbert, MD https://www.doximity.com/cv/paul-gilbert-md-0d8634f6
Paul Janotka, MD https://www.doximity.com/cv/paul-janotka-md-1
Paul Loney, MD https://www.doximity.com/cv/paul-loney-md-1
Paul Roszko, MD https://www.doximity.com/cv/paul-roszko-md-2
Paul Lavadera, MD https://www.doximity.com/cv/paullavaderamd
Perry Lee, MD https://www.doximity.com/cv/perrylee
Peter Whitney-Cashio, MD https://www.doximity.com/cv/peter-cashio-md
Peter Cuniowski, MD https://www.doximity.com/cv/peter-cuniowski-md-1
Peter Hudson, MD https://www.doximity.com/cv/peter-hudson-md-2
Peter Hull, MD https://www.doximity.com/cv/peter-hull-md-1
Philip Lam, MD https://www.doximity.com/cv/philip-lam-md-2
Alireza Raboubi, MD https://www.doximity.com/cv/raboubi
Rachel Bernstein, MD https://www.doximity.com/cv/rachel-bernstein-md-slash-2
Rachel Koval, MD https://www.doximity.com/cv/rachel-koval-md
Rachel Warby, MD https://www.doximity.com/cv/rachel-warby-do
Rachel White, MD https://www.doximity.com/cv/rachel-white-do-slash-3
Radoslaw Bialczak, MD https://www.doximity.com/cv/radoslaw-bialczak-5
Rafael Cruz, MD https://www.doximity.com/cv/rafael-cruz-md-7f44da70
Rafik Hanna, MD https://www.doximity.com/cv/rafik-hanna-md-1
Rajender Narla, MD https://www.doximity.com/cv/rajender-narla-md-1
Ralph Upchurch, MD https://www.doximity.com/cv/ralph-upchurch-md-1
Ram Duriseti, MD https://www.doximity.com/cv/ram-duriseti-md
Randolph Cleveland, MD https://www.doximity.com/cv/randolph-cleveland-md-1
Ravi Sarpatwari, MD https://www.doximity.com/cv/ravi-sarpatwari-md-ed12
Richard Chen, MD https://www.doximity.com/cv/rchenemtox
Richard Foullon, MD https://www.doximity.com/cv/richard-foullon-md-slash-1
Richard Karol, MD https://www.doximity.com/cv/richard-karol-md-1
Richard Rodriguez, MD https://www.doximity.com/cv/richard-rodriguez-md
Richard Paley, MD https://www.doximity.com/cv/richardpaleymd
Risa Cyr, MD https://www.doximity.com/cv/risa-cyr
Robert Kelly, MD https://www.doximity.com/cv/rob-kelly-md-slash-24
Robert Doerning, MD https://www.doximity.com/cv/robert-doerning-1
Robert Femia, MD https://www.doximity.com/cv/robert-femia-md-1
Robert Green, MD https://www.doximity.com/cv/robert-green-md-slash-13
Robert Hitchcock, MD https://www.doximity.com/cv/robert-hitchcock-md-1
Robert Korn, MD https://www.doximity.com/cv/robert-korn-md-slash-1
Robert Linton, MD https://www.doximity.com/cv/robert-linton-md-1
Robert Pence, MD https://www.doximity.com/cv/robert-pence-md-4
Roberto Flores, MD https://www.doximity.com/cv/roberto-flores-md-slash-5
Rodney Look, MD https://www.doximity.com/cv/rodney-look-md-1
Ronak Shah, MD https://www.doximity.com/cv/ronak-shah-md-10
Ronald Brace, MD https://www.doximity.com/cv/ronald-brace-md-1
Ronald Jacobson, MD https://www.doximity.com/cv/ronald-jacobson-ma
Ronald Robinson, MD https://www.doximity.com/cv/ronald-robinson-md-slash-7
Ronald Strony, MD https://www.doximity.com/cv/ronaldstronymd
Ronya Silmi, MD https://www.doximity.com/cv/ronya-silmi-md-e08b2bb1
Russell Huq, MD https://www.doximity.com/cv/russell-huq-md-1
Ryan Gibbons, MD https://www.doximity.com/cv/ryan-c-gibbons-md
Ryan Marino, MD https://www.doximity.com/cv/ryan-marino-md-2
Ryan McCreery, MD https://www.doximity.com/cv/ryan-mccreery-do-a6731c80
Ryan Misek, MD https://www.doximity.com/cv/ryan-misek-do-1
Ryan Pohl, MD https://www.doximity.com/cv/ryan-pohl-md-1
Samim Atmar, MD https://www.doximity.com/cv/samim-atmar-3
Samuel Ko, MD https://www.doximity.com/cv/samuelkomdmbafacep
Sara Stout, MD https://www.doximity.com/cv/sara-stout-md-1
Sarah Galler, MD https://www.doximity.com/cv/sarah-galler-md-1da18985
Sarah Todd, MD https://www.doximity.com/cv/sarah-todd-md-4
Saran S Pillai, MD https://www.doximity.com/cv/saranspillaimd
Sarah Hsu, MD https://www.doximity.com/cv/sarhsu
Scott Alter, MD https://www.doximity.com/cv/scott-alter-md
Scott Bennion, MD https://www.doximity.com/cv/scott-bennion-md-slash-1
Scott Brown, MD https://www.doximity.com/cv/scott-brown-md-slash-11
Scott Brunk, MD https://www.doximity.com/cv/scott-brunk-md-1
Scott Carter, MD https://www.doximity.com/cv/scott-carter-md-slash-1
Scott Nelson, MD https://www.doximity.com/cv/scott-nelson-do-2
Sean-Xavier Neath, MD https://www.doximity.com/cv/sean-neath-md-1
Sean Ray, MD https://www.doximity.com/cv/sean-ray-md-1
Sean Wilson, MD https://www.doximity.com/cv/sean-wilson-md-slash-3
Sean Michael, MD https://www.doximity.com/cv/seansmichael
Sergio Alvarez, MD https://www.doximity.com/cv/sergio-alvarez-md-01ed00c9
Seth Podolsky, MD https://www.doximity.com/cv/seth-podolsky-md-1
Simeon Osemota, MD https://www.doximity.com/cv/simeon-osemota-md-1
Steven Davidson, MD https://www.doximity.com/cv/sjdmd
Srikanth Dakoji, MD https://www.doximity.com/cv/srikanth-dakoji-md-1
Sebastian Rueckert, MD https://www.doximity.com/cv/srueckert
Stacey Gouzenne, MD https://www.doximity.com/cv/stacey-gouzenne-md-1
Stacey House, MD https://www.doximity.com/cv/stacey-house-md-1
Stephen Bamberger, MD https://www.doximity.com/cv/stephan-bamberger-md
Stephen Bretz, MD https://www.doximity.com/cv/stephen-bretz-md-1
Stephen Cady, MD https://www.doximity.com/cv/stephen-cady-md-1
Stephen Dickey, MD https://www.doximity.com/cv/stephen-dickey-md-2
Steven Aks, MD https://www.doximity.com/cv/steven-aks-do-1
Steven Diebold, MD https://www.doximity.com/cv/steven-diebold-md-1
Steven Gottesfeld, MD https://www.doximity.com/cv/steven-gottesfeld-do-3
Steven Heffer, MD https://www.doximity.com/cv/steven-heffer
Steven Longacre, MD https://www.doximity.com/cv/steven-longacre-md-1
Steven Mednick, MD https://www.doximity.com/cv/steven-mednick-md-1
Steven Samuel, MD https://www.doximity.com/cv/steven-samuel-do-1
Steven Schmidt, MD https://www.doximity.com/cv/steven-schmidt-md-slash-4
Stuart Conner, MD https://www.doximity.com/cv/stuart-conner-1
Sue Miller, MD https://www.doximity.com/cv/sue-miller-md-1
Sunita Puri, MD https://www.doximity.com/cv/sunita-puri-md-2
Tasneem Ahmed, MD https://www.doximity.com/cv/tahmedmd
Talor Matthews, MD https://www.doximity.com/cv/talor-ibershoff-1
Tarek Koussayer, MD https://www.doximity.com/cv/tarek-koussayer-md-1
Tarek Defrawi, MD https://www.doximity.com/cv/tarekdefrawi
Theresa Hsiao, MD https://www.doximity.com/cv/theresa-hsiao-do-slash-3
Thomas Calkins, MD https://www.doximity.com/cv/thomas-calkins-md-1
Thomas Hall, MD https://www.doximity.com/cv/thomas-hall-md-slash-15
Thomas Scott, MD https://www.doximity.com/cv/thomas-scott-do-slash-1
Thomas Trahan, MD https://www.doximity.com/cv/thomas-trahan-md-1
Tiffany Osborn, MD https://www.doximity.com/cv/tiffany-osborn-md-1
Timothy Soo, MD https://www.doximity.com/cv/tim-soo-md
Timothy Koboldt, MD https://www.doximity.com/cv/timothy-koboldt-md-slash-1
Timothy Wilken, MD https://www.doximity.com/cv/timothy-wilken-md-1
Todd Nelson, MD https://www.doximity.com/cv/todd-nelson-md-slash-3
Tonatiuh Rios-Alba, MD https://www.doximity.com/cv/tonatiuh-rios-alba-md-1
Anthony Fabiano, MD https://www.doximity.com/cv/tonyfabiano
Ebenezer Adebara, MD https://www.doximity.com/cv/tope-adebara-md
Trace Dotson, MD https://www.doximity.com/cv/trace-dotson-do-2
Travis Dierks, MD https://www.doximity.com/cv/travis-dierks-md-1
Travis Maiers, MD https://www.doximity.com/cv/travis-maiers-md-3
Trey Zangmeister, MD https://www.doximity.com/cv/trey-zangmeister-do-2635b591
Carl Dobson, MD https://www.doximity.com/cv/treydobson
Tyeese Gaines, MD https://www.doximity.com/cv/tyeese-gaines
John Ukadike, MD https://www.doximity.com/cv/ukadike
Lily Vartanyan, MD https://www.doximity.com/cv/vartanyan-md
Vi Dang, MD https://www.doximity.com/cv/vi-dang-md-slash-2
Victor Waters, MD https://www.doximity.com/cv/victor-waters-md-2
Vikas Saini, MD https://www.doximity.com/cv/vikassainimdphd
Vincent Fu, MD https://www.doximity.com/cv/vincefox-md
Vinod Bansal, MD https://www.doximity.com/cv/vinod-bansal-md-slash-1
Vivian Weinberger, MD https://www.doximity.com/cv/vivian-weinberger-do-slash-1
Wade Uptergrove, MD https://www.doximity.com/cv/wade-uptergrove-md-1
Walter Fink, MD https://www.doximity.com/cv/walter-fink-do-1
Warren Wiechmann, MD https://www.doximity.com/cv/warrenwiechmann
Wayne Bond Lau, MD https://www.doximity.com/cv/wayne-bond-lau-md-1
Wayne Cayton, MD https://www.doximity.com/cv/wayne-cayton-md-40yrsinem
Wender Hwang, MD https://www.doximity.com/cv/whwang
William Allen, MD https://www.doximity.com/cv/william-allen-md-slash-19-1
William Bradford, MD https://www.doximity.com/cv/william-bradford-md-slash-1
William Goodson, MD https://www.doximity.com/cv/william-goodson-iv-md
William Weber, MD https://www.doximity.com/cv/williamweber
Wing Leong, MD https://www.doximity.com/cv/wing-leong-do-1
Gerard LaSalle, MD https://www.doximity.com/cv/www-garlasalle-com
Wyatt Decker, MD https://www.doximity.com/cv/wyatt-decker-md-1
Yaniv Kerem, MD https://www.doximity.com/cv/yaniv-kerem-md
Yvette McQueen, MD https://www.doximity.com/cv/yvette-mcqueen-md-1
Zachary Levy, MD https://www.doximity.com/cv/zachary-levy-md-slash-1
A B Harris, MD https://www.doximity.com/pub/a-b-harris-md
A. Ciaccio, MD https://www.doximity.com/pub/a-ciaccio-md
A'isha Sharif, MD https://www.doximity.com/pub/a-isha-sharif-md
A. Jonathan Mihok, MD https://www.doximity.com/pub/a-jonathan-mihok-do
A. Mack Brister, MD https://www.doximity.com/pub/a-mack-brister-md
A.O. David Akinpelu, MD https://www.doximity.com/pub/a-o-david-akinpelu-md
A. Peter Viccellio, MD https://www.doximity.com/pub/a-peter-viccellio-md
A Place, MD https://www.doximity.com/pub/a-place-md
A. Renee Vander Heyden, MD https://www.doximity.com/pub/a-renee-vander-heyden-md
A. Teitz, MD https://www.doximity.com/pub/a-teitz-md
Aadil Vora, MD https://www.doximity.com/pub/aadil-vora-do
Aaditya Desai, MD https://www.doximity.com/pub/aaditya-desai-do-40985340
Aadya Singh, MD https://www.doximity.com/pub/aadya-singh-md
Aaisya Ansari-Lawal, MD https://www.doximity.com/pub/aaisya-ansari-lawal-md
Aakaash Pillalamarri, MD https://www.doximity.com/pub/aakaash-pillalamarri-do
Aakanksha Fenster, MD https://www.doximity.com/pub/aakanksha-fenster-md
Aakash Hazari, MD https://www.doximity.com/pub/aakash-hazari-do
Aakash Mehta, MD https://www.doximity.com/pub/aakash-mehta-md-3d113a22
Aakash Naik, MD https://www.doximity.com/pub/aakash-naik-do
Aakash Shah, MD https://www.doximity.com/pub/aakash-shah-md-099df9cb
Aakash Shah, MD https://www.doximity.com/pub/aakash-shah-md-e3bab6e0
Aalap Mehta, MD https://www.doximity.com/pub/aalap-mehta-do
Aalap Shah, MD https://www.doximity.com/pub/aalap-shah-md-3c37b41f
Aamer Khan, MD https://www.doximity.com/pub/aamer-khan-md-91ed7add
Aamir Banday, MD https://www.doximity.com/pub/aamir-banday-md
Aamir Latif, MD https://www.doximity.com/pub/aamir-latif-md
Aamir Nawaz, MD https://www.doximity.com/pub/aamir-nawaz-md
Aamir Qureshi, MD https://www.doximity.com/pub/aamir-qureshi-do
Aaren Hunt, MD https://www.doximity.com/pub/aaren-hunt-md
Aarian Afshari, MD https://www.doximity.com/pub/aarian-afshari-md
Aarish Shahab, MD https://www.doximity.com/pub/aarish-shahab-md
Aaron Abbott, MD https://www.doximity.com/pub/aaron-abbott-md
Aaron Abrahamsen, MD https://www.doximity.com/pub/aaron-abrahamsen-md
Aaron Adamson, MD https://www.doximity.com/pub/aaron-adamson-do
Aaron Alindogan, MD https://www.doximity.com/pub/aaron-alindogan-md
aaron amardey-wellington, MD https://www.doximity.com/pub/aaron-amardey-wellington-md
Aaron Andersen, MD https://www.doximity.com/pub/aaron-andersen-md
Aaron Andrade, MD https://www.doximity.com/pub/aaron-andrade-md
Aaron Ankeny, MD https://www.doximity.com/pub/aaron-ankeny-md
Aaron Arredondo, MD https://www.doximity.com/pub/aaron-arredondo-md
Aaron Baker, MD https://www.doximity.com/pub/aaron-baker-md
Aaron Barber, MD https://www.doximity.com/pub/aaron-barber-md
Aaron Barksdale, MD https://www.doximity.com/pub/aaron-barksdale-md
Aaron Bender, MD https://www.doximity.com/pub/aaron-bender-md
Aaron Bernard, MD https://www.doximity.com/pub/aaron-bernard-md
Aaron Billin, MD https://www.doximity.com/pub/aaron-billin-md
Aaron Blackshaw, MD https://www.doximity.com/pub/aaron-blackshaw-md
Aaron Blau, MD https://www.doximity.com/pub/aaron-blau-md
Aaron Blevins, MD https://www.doximity.com/pub/aaron-blevins-md
Aaron Blue, MD https://www.doximity.com/pub/aaron-blue-md
Aaron Borgmeyer, MD https://www.doximity.com/pub/aaron-borgmeyer-md
Aaron Brackney, MD https://www.doximity.com/pub/aaron-brackney-do
Aaron Braun, MD https://www.doximity.com/pub/aaron-braun-do-944db682
Aaron Braunsteiner, MD https://www.doximity.com/pub/aaron-braunsteiner-md
Aaron Breit, MD https://www.doximity.com/pub/aaron-breit-md
Aaron Bright, MD https://www.doximity.com/pub/aaron-bright-md
Aaron Brooks, MD https://www.doximity.com/pub/aaron-brooks-do
Aaron Brooks, MD https://www.doximity.com/pub/aaron-brooks-do-067bce17
Aaron Brown, MD https://www.doximity.com/pub/aaron-brown-md-25c4
Aaron Brown, MD https://www.doximity.com/pub/aaron-brown-md-7aebd557
Aaron Bull, MD https://www.doximity.com/pub/aaron-bull-md
Aaron Burchfield, MD https://www.doximity.com/pub/aaron-burchfield-md
Aaron Burnett, MD https://www.doximity.com/pub/aaron-burnett-md
Aaron Buzzard, MD https://www.doximity.com/pub/aaron-buzzard-md
Aaron Carter, MD https://www.doximity.com/pub/aaron-carter-md
Aaron Case, MD https://www.doximity.com/pub/aaron-case-md
Aaron Case, MD https://www.doximity.com/pub/aaron-case-md-c3cf1c3c
Aaron Chen, MD https://www.doximity.com/pub/aaron-chen-md-0133e03d
Aaron Clark, MD https://www.doximity.com/pub/aaron-clark-md-0f22d715
Aaron Collins, MD https://www.doximity.com/pub/aaron-collins-md
Aaron Cotten, MD https://www.doximity.com/pub/aaron-cotten-md
Aaron Crofoot, MD https://www.doximity.com/pub/aaron-crofoot-md
Aaron Cutshaw, MD https://www.doximity.com/pub/aaron-cutshaw-md
Aaron Danielson, MD https://www.doximity.com/pub/aaron-danielson-md
Aaron Deleonguerrero, MD https://www.doximity.com/pub/aaron-deleonguerrero-md
Aaron Deutsch, MD https://www.doximity.com/pub/aaron-deutsch-do
Aaron Dora-Laskey, MD https://www.doximity.com/pub/aaron-dora-laskey-md
Aaron Dupree, MD https://www.doximity.com/pub/aaron-dupree-md
Aaron Eberhardt, MD https://www.doximity.com/pub/aaron-eberhardt-md
Aaron Eichhorn, MD https://www.doximity.com/pub/aaron-eichhorn-md-08c73855
Aaron Epstein, MD https://www.doximity.com/pub/aaron-epstein-md-4df67e1a
Aaron Farber, MD https://www.doximity.com/pub/aaron-farber-do
Aaron Farney, MD https://www.doximity.com/pub/aaron-farney-md-2276
Aaron Fedor, MD https://www.doximity.com/pub/aaron-fedor-do
Aaron Feist, MD https://www.doximity.com/pub/aaron-feist-md
Aaron Fields, MD https://www.doximity.com/pub/aaron-fields-md-b912cddd
Aaron Fleming, MD https://www.doximity.com/pub/aaron-fleming-md
Aaron Frankel, MD https://www.doximity.com/pub/aaron-frankel-md-66ec9750
Aaron Frey, MD https://www.doximity.com/pub/aaron-frey-do
Aaron Frey, MD https://www.doximity.com/pub/aaron-frey-do-ed318df3
Aaron Frolichstein, MD https://www.doximity.com/pub/aaron-frolichstein-md
Aaron Fry, MD https://www.doximity.com/pub/aaron-fry-do
Aaron Garrett, MD https://www.doximity.com/pub/aaron-garrett-do
Aaron Gingrich, MD https://www.doximity.com/pub/aaron-gingrich-md
Aaron Ginster, MD https://www.doximity.com/pub/aaron-ginster-md
Aaron Gladman, MD https://www.doximity.com/pub/aaron-gladman-md
Aaron Goldberg, MD https://www.doximity.com/pub/aaron-goldberg-md-7b53
Aaron Goldfarb, MD https://www.doximity.com/pub/aaron-goldfarb-do
Aaron Golitko, MD https://www.doximity.com/pub/aaron-golitko-do
Aaron Goshinska, MD https://www.doximity.com/pub/aaron-goshinska-md
Aaron Gronseth, MD https://www.doximity.com/pub/aaron-gronseth-md
Aaron Guess, MD https://www.doximity.com/pub/aaron-guess-do
Aaron Hanesworth, MD https://www.doximity.com/pub/aaron-hanesworth-md
Aaron Harries, MD https://www.doximity.com/pub/aaron-harries-md
Aaron Hauck, MD https://www.doximity.com/pub/aaron-hauck-md
Aaron Heckelman, MD https://www.doximity.com/pub/aaron-heckelman-md
Aaron Heerboth, MD https://www.doximity.com/pub/aaron-heerboth-md
Aaron Hemsworth, MD https://www.doximity.com/pub/aaron-hemsworth-do
Aaron Herington, MD https://www.doximity.com/pub/aaron-herington-md
Aaron Hettinger, MD https://www.doximity.com/pub/aaron-hettinger-md
Aaron High, MD https://www.doximity.com/pub/aaron-high-md
Aaron Hirsh, MD https://www.doximity.com/pub/aaron-hirsh-do
Aaron Hittson, MD https://www.doximity.com/pub/aaron-hittson-md
Aaron Hoffnung, MD https://www.doximity.com/pub/aaron-hoffnung-md
Aaron Holley, MD https://www.doximity.com/pub/aaron-holley-md
Aaron Holsinger, MD https://www.doximity.com/pub/aaron-holsinger-md
Aaron Hougham, MD https://www.doximity.com/pub/aaron-hougham-md
Aaron Hultgren, MD https://www.doximity.com/pub/aaron-hultgren-md
Aaron Johansen, MD https://www.doximity.com/pub/aaron-johansen-md
Aaron Johnson, MD https://www.doximity.com/pub/aaron-johnson-do-01622050
Aaron Johnson, MD https://www.doximity.com/pub/aaron-johnson-do-4beddb92
Aaron Johnson, MD https://www.doximity.com/pub/aaron-johnson-md-ba825824
Aaron Jones, MD https://www.doximity.com/pub/aaron-jones-do-8d27995e
Aaron Jones, MD https://www.doximity.com/pub/aaron-jones-md-dbca
Aaron Katrikh, MD https://www.doximity.com/pub/aaron-katrikh-md
Aaron Kaus, MD https://www.doximity.com/pub/aaron-kaus-md
Aaron Kelley, MD https://www.doximity.com/pub/aaron-kelley-do
Aaron Klassen, MD https://www.doximity.com/pub/aaron-klassen-md
Aaron Klepper, MD https://www.doximity.com/pub/aaron-klepper-md
Aaron Kornhauser, MD https://www.doximity.com/pub/aaron-kornhauser-md
Aaron Kraut, MD https://www.doximity.com/pub/aaron-kraut-md
Aaron Krumheuer, MD https://www.doximity.com/pub/aaron-krumheuer-md
Aaron Kulig, MD https://www.doximity.com/pub/aaron-kulig-md
Aaron Lacy, MD https://www.doximity.com/pub/aaron-lacy-md
Aaron Lane, MD https://www.doximity.com/pub/aaron-lane-do
Aaron Lareau, MD https://www.doximity.com/pub/aaron-lareau-md
Aaron Lawrence, MD https://www.doximity.com/pub/aaron-lawrence-do
Aaron Lee, MD https://www.doximity.com/pub/aaron-lee-md
Aaron Lentz, MD https://www.doximity.com/pub/aaron-lentz-md
Aaron Lessen, MD https://www.doximity.com/pub/aaron-lessen-md
Aaron Lewandowski, MD https://www.doximity.com/pub/aaron-lewandowski-md-59e9c675
Aaron Love, MD https://www.doximity.com/pub/aaron-love-do
Aaron Lovinger, MD https://www.doximity.com/pub/aaron-lovinger-md
Aaron Madsen, MD https://www.doximity.com/pub/aaron-madsen-md
Aaron Mahoney, MD https://www.doximity.com/pub/aaron-mahoney-do
Aaron Martin, MD https://www.doximity.com/pub/aaron-martin-md-ade0945a
Aaron Matlock, MD https://www.doximity.com/pub/aaron-matlock-md
Aaron Matlock, MD https://www.doximity.com/pub/aaron-matlock-md-64a7c064
Aaron McKinney, MD https://www.doximity.com/pub/aaron-mckinney-md
Aaron Mickelson, MD https://www.doximity.com/pub/aaron-mickelson-do
Aaron Miller, MD https://www.doximity.com/pub/aaron-miller-md-94052d58
Aaron Monseau, MD https://www.doximity.com/pub/aaron-monseau-md
Aaron Moulton, MD https://www.doximity.com/pub/aaron-moulton-md-a5991439
Aaron Mueller, MD https://www.doximity.com/pub/aaron-mueller-md
Aaron Murphy-Crews, MD https://www.doximity.com/pub/aaron-murphy-crews-md
Aaron Odermann, MD https://www.doximity.com/pub/aaron-odermann-md
Aaron Orqvist, MD https://www.doximity.com/pub/aaron-orqvist-md
Aaron Osborne, MD https://www.doximity.com/pub/aaron-osborne-md
Aaron Palmer, MD https://www.doximity.com/pub/aaron-palmer-md
Aaron Pannier, MD https://www.doximity.com/pub/aaron-pannier-md
Aaron Pessl, MD https://www.doximity.com/pub/aaron-pessl-md
Aaron Pfalzer, MD https://www.doximity.com/pub/aaron-pfalzer-md
Aaron Pfeifer, MD https://www.doximity.com/pub/aaron-pfeifer-md
Aaron Pike, MD https://www.doximity.com/pub/aaron-pike-do
Aaron Proffitt, MD https://www.doximity.com/pub/aaron-proffitt-md
Aaron Quinn, MD https://www.doximity.com/pub/aaron-quinn-md
Aaron Rantapaa, MD https://www.doximity.com/pub/aaron-rantapaa-md
Aaron Rasmussen, MD https://www.doximity.com/pub/aaron-rasmussen-md
Aaron Ratner, MD https://www.doximity.com/pub/aaron-ratner-do
Aaron Ray, MD https://www.doximity.com/pub/aaron-ray-md
Aaron Reilly, MD https://www.doximity.com/pub/aaron-reilly-do-0188d9e9
Aaron Robinson, MD https://www.doximity.com/pub/aaron-robinson-md-8348aa61
Aaron Rosenthal, MD https://www.doximity.com/pub/aaron-rosenthal-do
Aaron Ruberto, MD https://www.doximity.com/pub/aaron-ruberto-md
Aaron Rubin, MD https://www.doximity.com/pub/aaron-rubin-md
Aaron Rudd, MD https://www.doximity.com/pub/aaron-rudd-do
Aaron Rumburg, MD https://www.doximity.com/pub/aaron-rumburg-md
Aaron Ryoo, MD https://www.doximity.com/pub/aaron-ryoo-md
Aaron Schaffner, MD https://www.doximity.com/pub/aaron-schaffner-md
Aaron Schmitt, MD https://www.doximity.com/pub/aaron-schmitt-md
Aaron Schneider, MD https://www.doximity.com/pub/aaron-schneider-md-84e442c0
Aaron Schneir, MD https://www.doximity.com/pub/aaron-schneir-md
Aaron Schott, MD https://www.doximity.com/pub/aaron-schott-md
Aaron Schwartz, MD https://www.doximity.com/pub/aaron-schwartz-md
Aaron Scott, MD https://www.doximity.com/pub/aaron-scott-md
Aaron Sherwood, MD https://www.doximity.com/pub/aaron-sherwood-md-6f476791
Aaron Simms, MD https://www.doximity.com/pub/aaron-simms-md
Aaron Skolnik, MD https://www.doximity.com/pub/aaron-skolnik-md
Aaron Smith, MD https://www.doximity.com/pub/aaron-smith-md-96f11b61
Aaron Smith, MD https://www.doximity.com/pub/aaron-smith-md-9807006e
Aaron Smith, MD https://www.doximity.com/pub/aaron-smith-md-b9224341
Aaron Snyder, MD https://www.doximity.com/pub/aaron-snyder-md
Aaron Snyder, MD https://www.doximity.com/pub/aaron-snyder-md-b0c69bd9
Aaron Stafford, MD https://www.doximity.com/pub/aaron-stafford-md
Aaron Stavinoha, MD https://www.doximity.com/pub/aaron-stavinoha-md
Aaron StClair, MD https://www.doximity.com/pub/aaron-stclair-md
Aaron Stern, MD https://www.doximity.com/pub/aaron-stern-md-8722d9a1
Aaron Stern, MD https://www.doximity.com/pub/aaron-stern-md-d6aa3f60
Aaron Stinton, MD https://www.doximity.com/pub/aaron-stinton-md
Aaron Stutz, MD https://www.doximity.com/pub/aaron-stutz-md
Aaron Surrey, MD https://www.doximity.com/pub/aaron-surrey-md-bed45cc6
Aaron Szpytman, MD https://www.doximity.com/pub/aaron-szpytman-md
Aaron Tabor, MD https://www.doximity.com/pub/aaron-tabor-md-a824b19c
Aaron Taylor, MD https://www.doximity.com/pub/aaron-taylor-do-3209e828
Aaron Thomas, MD https://www.doximity.com/pub/aaron-thomas-md-80747d9f
Aaron Tiffee, MD https://www.doximity.com/pub/aaron-tiffee-md
Aaron Trautmann, MD https://www.doximity.com/pub/aaron-trautmann-do
Aaron Tyagi, MD https://www.doximity.com/pub/aaron-tyagi-md
Aaron Vitells, MD https://www.doximity.com/pub/aaron-vitells-md
Aaron Walkowski, MD https://www.doximity.com/pub/aaron-walkowski-do
Aaron Walpole, MD https://www.doximity.com/pub/aaron-walpole-md
Aaron Wasserman, MD https://www.doximity.com/pub/aaron-wasserman-md
Aaron Weaver, MD https://www.doximity.com/pub/aaron-weaver-md-2738
Aaron Wesley, MD https://www.doximity.com/pub/aaron-wesley-md
Aaron Wibberley, MD https://www.doximity.com/pub/aaron-wibberley-md
Aaron Wille, MD https://www.doximity.com/pub/aaron-wille-md
Aaron Willen, MD https://www.doximity.com/pub/aaron-willen-do
Aaron Wohl, MD https://www.doximity.com/pub/aaron-wohl-md
Aaron Wolfe, MD https://www.doximity.com/pub/aaron-wolfe-do
Aaron Wolfe, MD https://www.doximity.com/pub/aaron-wolfe-do-07c877ce
Aaron Wonnacott, MD https://www.doximity.com/pub/aaron-wonnacott-md
Aaron Ziegler, MD https://www.doximity.com/pub/aaron-ziegler-md
Aaron Zirk, MD https://www.doximity.com/pub/aaron-zirk-do
Aaron Zohar-Bondar, MD https://www.doximity.com/pub/aaron-zohar-bondar-do
Aaron Zweig, MD https://www.doximity.com/pub/aaron-zweig-md-2f792656
Aarthi Sridhar, MD https://www.doximity.com/pub/aarthi-sridhar-md
Aarti Attreya-Latuso, MD https://www.doximity.com/pub/aarti-attreya-latuso-md
Aarti Jain, MD https://www.doximity.com/pub/aarti-jain-md
Aarti Leyva, MD https://www.doximity.com/pub/aarti-leyva-md
Aaryn Harrison, MD https://www.doximity.com/pub/aaryn-harrison-md
Aashish Patel, MD https://www.doximity.com/pub/aashish-patel-md-141b7c7d
Aasim Padela, MD https://www.doximity.com/pub/aasim-padela-md
Aazam Haleem, MD https://www.doximity.com/pub/aazam-haleem-md
Abagayle Bierowski, MD https://www.doximity.com/pub/abagayle-bierowski-md
Abanoub Paul Hanna, MD https://www.doximity.com/pub/abanoub-paul-hanna-md-9f44bf30
Abbas Ali Khan, MD https://www.doximity.com/pub/abbas-ali-khan-md-3beef544
Abbas Sizar, MD https://www.doximity.com/pub/abbas-sizar-md
Abbe Lindsey, MD https://www.doximity.com/pub/abbe-lindsey-md
Abbe Montgomery, MD https://www.doximity.com/pub/abbe-montgomery-md
Abbey Mattes, MD https://www.doximity.com/pub/abbey-mattes-md
Abbey Smiley, MD https://www.doximity.com/pub/abbey-smiley-md
Abbie Collinsworth, MD https://www.doximity.com/pub/abbie-collinsworth-md
Abbie Gutierrez, MD https://www.doximity.com/pub/abbie-gutierrez-md
Abbie Saccary, MD https://www.doximity.com/pub/abbie-saccary-md
Abbott Widdicombe, MD https://www.doximity.com/pub/abbott-widdicombe-md
Abby Bonato, MD https://www.doximity.com/pub/abby-bonato-md
Abby Lowe, MD https://www.doximity.com/pub/abby-lowe-do
Abby Mozes, MD https://www.doximity.com/pub/abby-mozes-md
Abby Schindler, MD https://www.doximity.com/pub/abby-schindler-md
Abby White, MD https://www.doximity.com/pub/abby-white-do
Abby Young, MD https://www.doximity.com/pub/abby-young-do
Abd Al-Rahman Traboulsi, MD https://www.doximity.com/pub/abd-al-rahman-traboulsi-md-55eac824
Abdallah Ajani, MD https://www.doximity.com/pub/abdallah-ajani-md
Abdel Noureldin, MD https://www.doximity.com/pub/abdel-noureldin-md
Abdel Sawan, MD https://www.doximity.com/pub/abdel-sawan-md
Abdelhamid Dalia, MD https://www.doximity.com/pub/abdelhamid-dalia-md
Abdelmoughite Mouttaki, MD https://www.doximity.com/pub/abdelmoughite-mouttaki-do
Abdias Rodriguez, MD https://www.doximity.com/pub/abdias-rodriguez-md-3fad02fa
Abdihakim Abdullahi, MD https://www.doximity.com/pub/abdihakim-abdullahi-md
Abdiwahab Mohamed, MD https://www.doximity.com/pub/abdiwahab-mohamed-md
Abdoul Kone, MD https://www.doximity.com/pub/abdoul-kone-md-6454cb1a
Abdoulie Njie, MD https://www.doximity.com/pub/abdoulie-njie-md
Abdul Ahad Bagasarawala, MD https://www.doximity.com/pub/abdul-ahad-bagasarawala-md
Abdul Al-Roubaie, MD https://www.doximity.com/pub/abdul-al-roubaie-md
Abdul-Aziz Ahmed, MD https://www.doximity.com/pub/abdul-aziz-ahmed-md
Abdul Memon, MD https://www.doximity.com/pub/abdul-memon-md-171b
Abdul Moheet, MD https://www.doximity.com/pub/abdul-moheet-md
Abdul Quazi, MD https://www.doximity.com/pub/abdul-quazi-md
Abdul Qureshi, MD https://www.doximity.com/pub/abdul-qureshi-md-378e45cc
Abdul Rub Hakim Mohammed, MD https://www.doximity.com/pub/abdul-rub-hakim-mohammed-md
Abdul Rub, MD https://www.doximity.com/pub/abdul-rub-md
Abdul Tak, MD https://www.doximity.com/pub/abdul-tak-md
Abdul Wasey, MD https://www.doximity.com/pub/abdul-wasey-md
Abdulaziz Alburaih, MD https://www.doximity.com/pub/abdulaziz-alburaih-md
Abdulaziz Alhomod, MD https://www.doximity.com/pub/abdulaziz-alhomod-md
Abdulaziz Almehlisi, MD https://www.doximity.com/pub/abdulaziz-almehlisi-md
Abdulkareem Agunbiade, MD https://www.doximity.com/pub/abdulkareem-agunbiade-md
Abdulla Kudrath, MD https://www.doximity.com/pub/abdulla-kudrath-md
Abdullah Almehbash, MD https://www.doximity.com/pub/abdullah-almehbash-md
Abdullah Almulhim, MD https://www.doximity.com/pub/abdullah-almulhim-md
Abdullah Asnidy, MD https://www.doximity.com/pub/abdullah-asnidy-md
Abdullah Bakhsh, MD https://www.doximity.com/pub/abdullah-bakhsh-md
Abdullah Basnawi, MD https://www.doximity.com/pub/abdullah-basnawi-md
Abdullah Felemban, MD https://www.doximity.com/pub/abdullah-felemban-md
Abdullah Pratt, MD https://www.doximity.com/pub/abdullah-pratt-md
Abdulmoniem Abdulmoniem, MD https://www.doximity.com/pub/abdulmoniem-abdulmoniem-md
Abdulrahman Qabazard, MD https://www.doximity.com/pub/abdulrahman-qabazard-do
Abdulrahman Raja, MD https://www.doximity.com/pub/abdulrahman-raja-do
Abe Al Hage, MD https://www.doximity.com/pub/abe-al-hage-do
Abe Storms, MD https://www.doximity.com/pub/abe-storms-md
Abel Longoria, MD https://www.doximity.com/pub/abel-longoria-md
Abel Ramos, MD https://www.doximity.com/pub/abel-ramos-do
Abel Tewodros, MD https://www.doximity.com/pub/abel-tewodros-md
Abena Akomeah, MD https://www.doximity.com/pub/abena-akomeah-md
Abena Baah-Fordjour, MD https://www.doximity.com/pub/abena-baah-fordjour-md
Abena Krow-Rodney, MD https://www.doximity.com/pub/abena-krow-rodney-md
Abhigyan Malhotra, MD https://www.doximity.com/pub/abhigyan-malhotra-md
Abhijit Singh, MD https://www.doximity.com/pub/abhijit-singh-md
Abhijit Srungavarapu, MD https://www.doximity.com/pub/abhijit-srungavarapu-md
Abhilash Felix, MD https://www.doximity.com/pub/abhilash-felix-md
Abhilash Padi, MD https://www.doximity.com/pub/abhilash-padi-md
Abhinav Chandra, MD https://www.doximity.com/pub/abhinav-chandra-md-1d9b3eb6
Abhinav Gupta, MD https://www.doximity.com/pub/abhinav-gupta-md-88bfe090
Abhinav Nafday, MD https://www.doximity.com/pub/abhinav-nafday-md
Abhiram Reddy, MD https://www.doximity.com/pub/abhiram-reddy-md
Abhiram Reddy, MD https://www.doximity.com/pub/abhiram-reddy-md-268cbb69
Abhishek Katiyar, MD https://www.doximity.com/pub/abhishek-katiyar-md
Abhishek Kulkarni, MD https://www.doximity.com/pub/abhishek-kulkarni-md-a3adc96c
Abhishek Mehrotra, MD https://www.doximity.com/pub/abhishek-mehrotra-md
Abhishek Prabhu, MD https://www.doximity.com/pub/abhishek-prabhu-do
Abhishek Roka, MD https://www.doximity.com/pub/abhishek-roka-md
Abhishekh Govind, MD https://www.doximity.com/pub/abhishekh-govind-md
Abia Abia, MD https://www.doximity.com/pub/abia-abia-md
Abid Kagalwalla, MD https://www.doximity.com/pub/abid-kagalwalla-md
Abida Butler, MD https://www.doximity.com/pub/abida-butler-md
Abie Li, MD https://www.doximity.com/pub/abie-li-do
Abigail Adams, MD https://www.doximity.com/pub/abigail-adams-md-1f4b4cd4
Abigail Anne Deleon, MD https://www.doximity.com/pub/abigail-anne-deleon-do
Abigail Bailey, MD https://www.doximity.com/pub/abigail-bailey-do-b0bc0069
Abigail Bienenfeld, MD https://www.doximity.com/pub/abigail-bienenfeld-md
Abigail Blackman, MD https://www.doximity.com/pub/abigail-blackman-md
Abigail Brackney, MD https://www.doximity.com/pub/abigail-brackney-md
Abigail Charles, MD https://www.doximity.com/pub/abigail-charles-md
Abigail Clarkson-during, MD https://www.doximity.com/pub/abigail-clarkson-during-md
Abigail Colbert, MD https://www.doximity.com/pub/abigail-colbert-md
Abigail Cosgrove, MD https://www.doximity.com/pub/abigail-cosgrove-md
Abigail Dahlberg, MD https://www.doximity.com/pub/abigail-dahlberg-md
