Adam Nabatian, MD https://www.doximity.com/cv/adam-nabatian-md-slash-1
Adrienne Barry, MD https://www.doximity.com/cv/adrienne-barry-md
Arthur Colsky, MD https://www.doximity.com/cv/advancedacneinstitute
Ahmad Jabbar, MD https://www.doximity.com/cv/ahmad-jabbar-md-slash-1
Aimee Payne, MD https://www.doximity.com/cv/aimee-payne-md-phd
Xiaolong Alan Zhou, MD https://www.doximity.com/cv/alan-zhou-md
Albert Zhou, MD https://www.doximity.com/cv/albert-zhou
Alexander Miller, MD https://www.doximity.com/cv/alexander-miller-md-slash-1
Alexander Daoud, MD https://www.doximity.com/cv/alexanderdaoud
Alexandra Kimball, MD https://www.doximity.com/cv/alexandra-kimball-md-slash-2-1
Ali Dana, MD https://www.doximity.com/cv/ali-dana-md-slash-1
Allison Arthur, MD https://www.doximity.com/cv/allison-arthur-md-slash-dermatology
Allison Hoffman, MD https://www.doximity.com/cv/allison-hoffman-md-2
Alma Dehdashti, MD https://www.doximity.com/cv/alma-dehdashti-md-slash-1
Amanda Crone, MD https://www.doximity.com/cv/amandacronemd
Amber Atwater, MD https://www.doximity.com/cv/amber-atwater-md-1
Amy Loyd, MD https://www.doximity.com/cv/amy-loyd-do-1
Analiese Mason-Jude, MD https://www.doximity.com/cv/analiesemasonjude
Andrea Willey, MD https://www.doximity.com/cv/andrea-willey-md-2
Andrew Basnett, MD https://www.doximity.com/cv/andrew-basnett-md-slash-1
Andrew Choi, MD https://www.doximity.com/cv/andrew-choi
Andrew King, MD https://www.doximity.com/cv/andrew-king
Andrew Lin, MD https://www.doximity.com/cv/andrewlin
Angela Walker, MD https://www.doximity.com/cv/angela-walker-md-slash-4
Angela Guerrero, MD https://www.doximity.com/cv/angelaguerrero
Anna Di Nardo, MD https://www.doximity.com/cv/anna-di-nardo-md-2
Anna Krishtul, MD https://www.doximity.com/cv/anna-krishtul-md-1
Anna Hare, MD https://www.doximity.com/cv/annaharemd
Anne Marie Tremaine, MD https://www.doximity.com/cv/anne-marie-tremaine-md
Annie Nguyen-Lin, MD https://www.doximity.com/cv/annie-nguyenlin-md-slash-2
Antonia Kofinas, MD https://www.doximity.com/cv/antonia-fthenakis-kofinas-md
Arlo Miller, MD https://www.doximity.com/cv/arlo-miller-md-4
Arthur Huntley, MD https://www.doximity.com/cv/arthur-huntley-md-11
Ashley Wysong, MD https://www.doximity.com/cv/ashley-wysong-md-3
Ashwin Agarwal, MD https://www.doximity.com/cv/ashwin-agarwal-md1
Austin Burns, MD https://www.doximity.com/cv/austin-burns
Azucena Arguelles, MD https://www.doximity.com/cv/azucena-lagumbay-arguelles-md
Benedict Wu, MD https://www.doximity.com/cv/benedict-wu-do-phd
Bhavnit Bhatia, MD https://www.doximity.com/cv/bhavnit-bhatia-3
Blakely Richardson, MD https://www.doximity.com/cv/blakelyrichardson
Bobby Buka, MD https://www.doximity.com/cv/bobby-buka-md
Brandon Litzner, MD https://www.doximity.com/cv/brandon-litzner-md-slash-1
Brandon Miner, MD https://www.doximity.com/cv/brandon-miner-do-1
Brenda Morales, MD https://www.doximity.com/cv/brenda-morales-pico-slash-4
Brian Capell, MD https://www.doximity.com/cv/brian-capell-mdphd
Brian Lee, MD https://www.doximity.com/cv/brian-lee-md-slash-35
Bryan Gammon, MD https://www.doximity.com/cv/bryan-gammon-md-1
Caitriona Ryan, MD https://www.doximity.com/cv/caitriona-ryan-md
Carina Rizzo, MD https://www.doximity.com/cv/carina-rizzo-md-slash-1
Carley Fowler, MD https://www.doximity.com/cv/carley-fowler
Catherine Chen-Tsai, MD https://www.doximity.com/cv/catherine-chen-tsai-md-2
Catherine Vlastaris, MD https://www.doximity.com/cv/catherine-vlastaris-md
Changhyun Mike Kim, MD https://www.doximity.com/cv/changhyun-kim-1
Charlene Kakimoto, MD https://www.doximity.com/cv/charlene-kakimoto-md-2
Charles Ellis, MD https://www.doximity.com/cv/charles-ellis-md
Charles Perniciaro, MD https://www.doximity.com/cv/charles-perniciaro-md-1
Cherise Mizrahi-Levi, MD https://www.doximity.com/cv/cherise-mizrahi-levi-do-slash-1
Cheryl Ackerman, MD https://www.doximity.com/cv/cheryl-ackerman-md-1
Christie Travelute, MD https://www.doximity.com/cv/christie-travelute-md
Christina Kwon, MD https://www.doximity.com/cv/christinakwon
Christopher Spock, MD https://www.doximity.com/cv/christopher-spock-md-1
Christopher Wong, MD https://www.doximity.com/cv/christopher-wong-do
Christy Woodruff, MD https://www.doximity.com/cv/christy-woodruff-md-1
Clark Otley, MD https://www.doximity.com/cv/clark-otley-md-1
Clemens Esche, MD https://www.doximity.com/cv/clemens-esche-md-3
Cristina Tarantola, MD https://www.doximity.com/cv/cristina-tarantola-md-2
Cuong Nguyen, MD https://www.doximity.com/cv/cuong-nguyen-md-16758e7f
Curt Littler, MD https://www.doximity.com/cv/curt-littler-md-9
Daniel Bach, MD https://www.doximity.com/cv/daniel-bach-md-slash-1
Daniel Nguyen, MD https://www.doximity.com/cv/daniel-nguyen-derm
David Casper, MD https://www.doximity.com/cv/david-casper-md-1
David Ciocon, MD https://www.doximity.com/cv/david-ciocon-md-2
David Green, MD https://www.doximity.com/cv/david-green-md-4c9a5843
David Jaffe, MD https://www.doximity.com/cv/david-jaffe-md-slash-1
David Josephitis, MD https://www.doximity.com/cv/david-josephitis-do-1
David Wang, MD https://www.doximity.com/cv/davidmarcuswang
Dean Goodless, MD https://www.doximity.com/cv/dean-goodless-md-1
Dean David George, MD https://www.doximity.com/cv/deandavidgeorgemd
Debra Bailey, MD https://www.doximity.com/cv/debra-bailey-md-2
Dena Elkeeb, MD https://www.doximity.com/cv/dena-elkeeb-md-1
Brenda Pellicane, MD https://www.doximity.com/cv/dermatologist-dc
David Othman, MD https://www.doximity.com/cv/dermatology
Shreya Patel, MD https://www.doximity.com/cv/dermshreya
Desiree Ratner, MD https://www.doximity.com/cv/desiree-ratner-md-2
Diane Bernardi, MD https://www.doximity.com/cv/diane-bernardi-md-1
Diane Inserra, MD https://www.doximity.com/cv/diane-inserra-md-1
Dionne Louis, MD https://www.doximity.com/cv/dionne-louis-md-4
Mark Doherty, MD https://www.doximity.com/cv/dohertydermatology-dot-com
Donna Hart, MD https://www.doximity.com/cv/donna-hart-md
Doris Day, MD https://www.doximity.com/cv/doris-day-md-1
Charles Hensley, MD https://www.doximity.com/cv/doug-hensley-md
Douglas A. Smith, MD https://www.doximity.com/cv/douglas-smith-md-slash-28
Dowling Stough, MD https://www.doximity.com/cv/dowling-stough-md-1
Kevin Fuciarelli, MD https://www.doximity.com/cv/dr-kevin-fuciarelli-md
Susan Goodlerner, MD https://www.doximity.com/cv/drgoodlerner
Michael Rains, MD https://www.doximity.com/cv/drmichaelrains
Robert Anolik, MD https://www.doximity.com/cv/drrobertanolik
Ryan Turner, MD https://www.doximity.com/cv/drryanturner
Duane Dilworth, MD https://www.doximity.com/cv/duane-dilworth-3
Eduardo Moioli, MD https://www.doximity.com/cv/eduardo-moioli-md-slash-1
Edward Galiczynski, MD https://www.doximity.com/cv/edward-galiczynski-do-slash-1
Eileen Axibal, MD https://www.doximity.com/cv/eileenaxibal
Elizabeth Burns, MD https://www.doximity.com/cv/elizabeth-burns-md-2
Elizabeth Damstetter, MD https://www.doximity.com/cv/elizabeth-damstetter-md
Elizabeth Wang, MD https://www.doximity.com/cv/elizabethwang
Elyse Scheuer, MD https://www.doximity.com/cv/elyse-scheuer-md-2
Emily McKenzie, MD https://www.doximity.com/cv/emily-mckenzie
Eric Lewis, MD https://www.doximity.com/cv/eric-lewis-md-slash-1
Eric Meinhardt, MD https://www.doximity.com/cv/eric-meinhardt-md-1
Erin Dodd, MD https://www.doximity.com/cv/erin-dodd-md
Evan Bauer, MD https://www.doximity.com/cv/evan-bauer-md-faad
Fahad Siddiqui, MD https://www.doximity.com/cv/fahad-siddiqui-do
Faith Durden, MD https://www.doximity.com/cv/faith-durden-md-1
Fern Wirth, MD https://www.doximity.com/cv/fern-wirth-md-1
Flora Kim, MD https://www.doximity.com/cv/flora-kim-md
Francis Dann, MD https://www.doximity.com/cv/francis-dann-md-1
Frederick Quarles, MD https://www.doximity.com/cv/frederickquarlesmd
Gelareh Homayounfar, MD https://www.doximity.com/cv/gelareh-homayounfar-md-2
Gerald Bock, MD https://www.doximity.com/cv/gerald-bock-md-2
Geraldine Ollila, MD https://www.doximity.com/cv/geraldineollila
Gaurav Singh, MD https://www.doximity.com/cv/gsinghmdmph
Gunjan Modi, MD https://www.doximity.com/cv/gunjanmodi
Guy Webster, MD https://www.doximity.com/cv/guy-webster-md-1
Hillary Tsibris, MD https://www.doximity.com/cv/hillary-claire-tsibris-md
India Ashton Miller Rountree, MD https://www.doximity.com/cv/india-ashton-rountree-md
Inderjit Chabra, MD https://www.doximity.com/cv/indy-chabra-md
Ira Schlesinger, MD https://www.doximity.com/cv/ira-schlesinger-md-6
Ivanka Kovalyshyn, MD https://www.doximity.com/cv/ivanka-kovalyshyn-do-1
Ivy Lee, MD https://www.doximity.com/cv/ivy-ann-lee-md
Jacqueline Dolev, MD https://www.doximity.com/cv/jacqueline-dolev-md-1
James Grichnik, MD https://www.doximity.com/cv/james-grichnik-md-phd
James Foshee, MD https://www.doximity.com/cv/james-p-foshee-md
James Gao, MD https://www.doximity.com/cv/jamesgaomd
Jamie Hale, MD https://www.doximity.com/cv/jamie-hale-do
Jared Scott, MD https://www.doximity.com/cv/jared-scott-md-2
Jean McClintock, MD https://www.doximity.com/cv/jean-mcclintock-md-slash-1
Jeffrey Brackeen, MD https://www.doximity.com/cv/jeffrey-s-brackeen-md
Jeffrey Smith, MD https://www.doximity.com/cv/jeffrey-smith-md-phd
Jennelle Williams, MD https://www.doximity.com/cv/jennelle-williams-md-1
Jennifer Chen, MD https://www.doximity.com/cv/jennifer-chen-md-phd
Jennifer Gregory, MD https://www.doximity.com/cv/jennifer-gregory-md-fb827486
Jennifer Lo, MD https://www.doximity.com/cv/jennifer-lo-mdphd
Jesse Lewin, MD https://www.doximity.com/cv/jesse-lewin-md-slash-1
Jessica Saucier, MD https://www.doximity.com/cv/jessica-saucier-md
Zhe Hou, MD https://www.doximity.com/cv/jessie-zhe-hou
Jinwoo Lee, MD https://www.doximity.com/cv/jinwoo-lee-md-phd
Joel Schlessinger, MD https://www.doximity.com/cv/joel-schlessinger-md-1
John Korman, MD https://www.doximity.com/cv/john-korman-md-slash-1
John Van Gurp, MD https://www.doximity.com/cv/john-van-gurp-md-2
Jonathan Lopez, MD https://www.doximity.com/cv/jonathanlopezmd
Joseph Blackmon, MD https://www.doximity.com/cv/joseph-blackmon-md-1
Joseph Merola, MD https://www.doximity.com/cv/joseph-merola-md-slash-1
Julia Kurlan, MD https://www.doximity.com/cv/julia-kurlan-md-1
Julia Tzu, MD https://www.doximity.com/cv/julia-tzu-md-1
Julie Templet, MD https://www.doximity.com/cv/julie-templet-md-1
Kara Reardon, MD https://www.doximity.com/cv/kara-reardon-md
Kara Yakish, MD https://www.doximity.com/cv/karayakishmd
Karl Saardi, MD https://www.doximity.com/cv/karl-saardi-1
Kassandra Holzem, MD https://www.doximity.com/cv/kassandra-holzem-md-9b1bb8dd
Katelyn Anderson, MD https://www.doximity.com/cv/katelyn-anderson-md
Katharine Ball, MD https://www.doximity.com/cv/katharine-ball-md
Katherina Basic, MD https://www.doximity.com/cv/katherina-basic-md-1
Kathleen Ellison, MD https://www.doximity.com/cv/kathleen-ellison-md-1
Rajani Katta, MD https://www.doximity.com/cv/kattamd
Kelly Bickle, MD https://www.doximity.com/cv/kelly-bickle-md-1
Kelly Hubbard, MD https://www.doximity.com/cv/kelly-hubbard-md-1
Kenneth Maiocco, MD https://www.doximity.com/cv/kenneth-maiocco-md-1
Kenneth Rosen, MD https://www.doximity.com/cv/kenneth-rosen-md-slash-2
Kevin Chao, MD https://www.doximity.com/cv/kevin-chao-md
Khongruk Wongkittiroch, MD https://www.doximity.com/cv/khongruk-wongkittiroch-do-1
Kimberly Morel, MD https://www.doximity.com/cv/kimberly-morel-md-slash-1
Kristen Savola, MD https://www.doximity.com/cv/kristen-letson-savola-md
Kyle Horner, MD https://www.doximity.com/cv/kyle-horner-md-1
Lana Kashlan, MD https://www.doximity.com/cv/lana-kashlan-md-1
Laura Huff, MD https://www.doximity.com/cv/laura-huff-md-slash-1
Laurel Leithauser, MD https://www.doximity.com/cv/laurel-leithauser-md-1
Laurel Cummings, MD https://www.doximity.com/cv/laurelcummings
Lauren Kole, MD https://www.doximity.com/cv/lauren-smith-md-slash-14
Lela Lee, MD https://www.doximity.com/cv/lela-lee-md-1
Liana Abramova, MD https://www.doximity.com/cv/liana-abramova-md-slash-1
Liet Le, MD https://www.doximity.com/cv/liet-le-md-slash-1
Linda Wang, MD https://www.doximity.com/cv/linda-c-wang-md-jd
Linda Honet, MD https://www.doximity.com/cv/linda-honet-md-1
Lisa Altieri, MD https://www.doximity.com/cv/lisa-altieri-md-dermatology
Lisa Anthony, MD https://www.doximity.com/cv/lisa-anthony-md-1
Lisa Zaleski, MD https://www.doximity.com/cv/lisa-zaleski-larsen-do
Lisa Christman, MD https://www.doximity.com/cv/lisachristmandermatology
Liza Gill, MD https://www.doximity.com/cv/liza-gill-md-2
Laura Gardner, MD https://www.doximity.com/cv/ljgardnermd
Louis Vogel, MD https://www.doximity.com/cv/louis-vogel-md-2
Lynn Mckinley-Grant, MD https://www.doximity.com/cv/lynn-mckinley-grant-md-1
Majdy Albahhar, MD https://www.doximity.com/cv/majdy-albahhar-md-1
Marc Epstein, MD https://www.doximity.com/cv/marc-epstein-do-2
Margaret "Migs" Muldrow, MD https://www.doximity.com/cv/margaret-migs-muldrow-md
Margo Reeder, MD https://www.doximity.com/cv/margo-reeder-md
Mariela Salinas, MD https://www.doximity.com/cv/mariela-salinas-md-slash-3-1
Marisa Garshick, MD https://www.doximity.com/cv/marisa-garshick-md-slash-1
Mark Valentine, MD https://www.doximity.com/cv/mark-valentine-md-3
Mary Ellen Luchetti, MD https://www.doximity.com/cv/mary-ellen-luchetti-md-1
Mary Griffin, MD https://www.doximity.com/cv/mary-griffin-do
Mary Jo Jacobson Kerns, MD https://www.doximity.com/cv/mary-jo-kerns-md-1
Maryam Safaee, MD https://www.doximity.com/cv/maryamsafaee
Matthew Lipner, MD https://www.doximity.com/cv/matthew-lipner-md-phd
Matthew Wallace, MD https://www.doximity.com/cv/matthew-wallace-md-2048b663
Matthew Woods, MD https://www.doximity.com/cv/matthew-woods-md-slash-1
Maxwell Fung, MD https://www.doximity.com/cv/maxwell-fung-md-1
Megan Schlichte, MD https://www.doximity.com/cv/megan-schlichte-md-1
Meghan Hession, MD https://www.doximity.com/cv/meghan-hession-md-6
Melissa Mcenery-Stonelake, MD https://www.doximity.com/cv/melissa-mcenery-stonelake-md-slash-2
Michael Jarratt, MD https://www.doximity.com/cv/michael-jarratt-md-1
Michael Krathen, MD https://www.doximity.com/cv/michael-krathen-md-1
Michael Mann, MD https://www.doximity.com/cv/michael-mann-md-d1c9d9a2
Michael Nguyen, MD https://www.doximity.com/cv/michael-nguyen-md-4d487685
Michael Pelster, MD https://www.doximity.com/cv/michael-pelster-md-9305
Michael Sinclair, MD https://www.doximity.com/cv/michael-sinclair-md-3
Michele Thompson, MD https://www.doximity.com/cv/michele-thompson-md-1
Bichchau Nguyen, MD https://www.doximity.com/cv/michelle-bichchau-nguyen-md
Miguel Gutierrez, MD https://www.doximity.com/cv/miguel-gutierrez-md-slash-2
Minsoo Kim, MD https://www.doximity.com/cv/minsookim
Mitalee P. Christman, MD https://www.doximity.com/cv/mitalee
Mohsen Afarideh, MD https://www.doximity.com/cv/mohsen-afarideh-md-mph
Mohsin Malik, MD https://www.doximity.com/cv/mohsin-malik-md
Margaret 'Molly' Moye, MD https://www.doximity.com/cv/molly-moye-md
Mona Maghsoodi-Deerwester, MD https://www.doximity.com/cv/monamd
Monica Halem, MD https://www.doximity.com/cv/monica-halem-md-1
Muneeb Shah, MD https://www.doximity.com/cv/muneeb-shah
Munir Idriss, MD https://www.doximity.com/cv/munir-idriss-md
Nancy Cheng, MD https://www.doximity.com/cv/nancy-cheng-md-slash-1
Natalie Matthews, MD https://www.doximity.com/cv/nataliematthewsmd
Neal Kumar, MD https://www.doximity.com/cv/neal-kumar-md
Nhan Nguyen, MD https://www.doximity.com/cv/nhan-nguyen-md-slash-5
Nicholas Golda, MD https://www.doximity.com/cv/nicholas-golda-md-slash-1
Nissan Pilest, MD https://www.doximity.com/cv/nissan-pilest-md-1
Noah Heftler, MD https://www.doximity.com/cv/noahheftler
Norman Friedman, MD https://www.doximity.com/cv/norman-friedman-md-5
Olga Demidova, MD https://www.doximity.com/cv/olga-demidova-do-3949
Patrick McDonough, MD https://www.doximity.com/cv/patrick-mcdonough-md-slash-6
Paul Graham, MD https://www.doximity.com/cv/paul-graham-1
Paul Frank, MD https://www.doximity.com/cv/paul-jarrod-frank-md
Paul Yamauchi, MD https://www.doximity.com/cv/paul-yamauchi-md-6
Peter Mattei, MD https://www.doximity.com/cv/peter-mattei-md-slash-1
Philip Eliades, MD https://www.doximity.com/cv/philip-eliades
Ryan Pham, MD https://www.doximity.com/cv/prestigedermatology
Priyanka Kumar, MD https://www.doximity.com/cv/priyankakumarmd
Rachael Bergman, MD https://www.doximity.com/cv/rachael-bergman-md
Rachel Bognet, MD https://www.doximity.com/cv/rachel-bognet-md-1
Rachel Maiman, MD https://www.doximity.com/cv/rachel-maiman-md-e319
Rainer Schmidt, MD https://www.doximity.com/cv/rainer-schmidt-md-slash-1
Christy Rainey, MD https://www.doximity.com/cv/raineydermatology
Ralph Massey, MD https://www.doximity.com/cv/ralphmasseymd
Rebecca Kazin, MD https://www.doximity.com/cv/rebecca-kazin-md-slash-1
Rebecca Shanesmith, MD https://www.doximity.com/cv/rebecca-shanesmith-md-1
Rebecca Wang, MD https://www.doximity.com/cv/rebecca-wang-md-3b1776bf
Rebecca Dufner, MD https://www.doximity.com/cv/rebecca-yanovsky-dufner-md
Robert Bernstein, MD https://www.doximity.com/cv/robert-bernstein-md-hair
Robert Chen, MD https://www.doximity.com/cv/robert-chen-md-slash-6
Robert Kahn, MD https://www.doximity.com/cv/robert-kahn-md-slash-2
Robert Rudolph, MD https://www.doximity.com/cv/robert-rudolph-md-2
Robin Roberts, MD https://www.doximity.com/cv/robin-roberts-md-2
Robyn Siperstein, MD https://www.doximity.com/cv/robyn-siperstein-md-1
Roger Weenig, MD https://www.doximity.com/cv/roger-weenig-md-2
Pooyan Rohani, MD https://www.doximity.com/cv/rohani
Ronald Shelton, MD https://www.doximity.com/cv/ronald-shelton-md-slash-2
Rony Francois, MD https://www.doximity.com/cv/rony-francois-md-phd
Russell Rowe, MD https://www.doximity.com/cv/russell-rowe-md-1
Sam Awan, MD https://www.doximity.com/cv/sam-awan-md-slash-1
Samantha Ellis, MD https://www.doximity.com/cv/samantha-ellis-md-2
Samer Jaber, MD https://www.doximity.com/cv/samer-jaber-md-2
Sarah Croft, MD https://www.doximity.com/cv/sarah-croft-do
Sarah Sheu, MD https://www.doximity.com/cv/sarah-sheu
Sara Whitehead, MD https://www.doximity.com/cv/sarajwhitehead-md
Sarika Banker, MD https://www.doximity.com/cv/sarika-banker-md
Seema Daulat, MD https://www.doximity.com/cv/seema-daulat-md-1
Seth Wilentz, MD https://www.doximity.com/cv/seth-wilentz-md-1
Shaanan Shetty, MD https://www.doximity.com/cv/shaanan-shetty-md-slash-1
Shaheen Khosla, MD https://www.doximity.com/cv/shaheen-khosla-do-eb0495a6
Shane Clark, MD https://www.doximity.com/cv/shane-clark-md-slash-1
Sharam Yashar, MD https://www.doximity.com/cv/sharam-yashar-md-1
Sheryl Clark, MD https://www.doximity.com/cv/sheryl-clark-md-c3c384ab
Shoshana Grossman, MD https://www.doximity.com/cv/shoshana-grossman-md
Shoshana Marmon, MD https://www.doximity.com/cv/shoshana-marmon-mdphd
Sid Danesh, MD https://www.doximity.com/cv/siddanesh
Soheil Simzar, MD https://www.doximity.com/cv/soheil-simzar-md-1
Teresa Soriano, MD https://www.doximity.com/cv/soriano-md-slash-3
Spyros Siscos, MD https://www.doximity.com/cv/spyros-michael-siscos-md
Stanley Cyran, MD https://www.doximity.com/cv/stanley-cyran-md-slash-2
Stanley Skopit, MD https://www.doximity.com/cv/stanley-skopit-do-2
Stephen Kessler, MD https://www.doximity.com/cv/stephen-kessler-md-06d5c67d
Stephen Pelton, MD https://www.doximity.com/cv/stephen-pelton-md-51fa
Steven Hacker, MD https://www.doximity.com/cv/steven-hacker-md-1
Syed Ali, MD https://www.doximity.com/cv/syed-ali-md-slash-31
Tania Peters, MD https://www.doximity.com/cv/tania-peters-md-slash-1
Tara Paolini, MD https://www.doximity.com/cv/tara-paolini-md-slash-1
Thomas Chu, MD https://www.doximity.com/cv/thomas-chu-md-slash-2
Thomas Adrian, MD https://www.doximity.com/cv/thomasadrianmd
Tim Schmidt, MD https://www.doximity.com/cv/timothy-schmidt-md-phd
Tina Bhutani, MD https://www.doximity.com/cv/tina-bhutani
Todd Schlesinger, MD https://www.doximity.com/cv/todd-schlesinger-md-1
Tomi Wall, MD https://www.doximity.com/cv/tomi-wall-md-slash-3
Tsippora Shainhouse, MD https://www.doximity.com/cv/tsippora-shainhouse-md-1
Tuan Hoang-Xuan, MD https://www.doximity.com/cv/tuan-hoang-xuan-do-1
Una Shah, MD https://www.doximity.com/cv/una-shah-md
Cesar Virgen, MD https://www.doximity.com/cv/virgenca
Wayne Xue, MD https://www.doximity.com/cv/wayne-xue-md-1
William Grisaitis, MD https://www.doximity.com/cv/william-grisaitis-md-1
William Miller, MD https://www.doximity.com/cv/william-miller-md
William Davey, MD https://www.doximity.com/cv/wpdaveymd
Sharon Bond, MD https://www.doximity.com/cv/www-dot-drsharonbond-dot-com
Xuan Nguyen, MD https://www.doximity.com/cv/xuan-nguyen-md-3
Yulia Khan, MD https://www.doximity.com/cv/yulia-khan-md-1
Yun Xue, MD https://www.doximity.com/cv/yun-xue-md-1
Yuriy Yagudin, MD https://www.doximity.com/cv/yuriy-yagudin-do-1
Zaeem Nazir, MD https://www.doximity.com/cv/zaeem-nazir-md
Zeena Y. Nawas, MD https://www.doximity.com/cv/znawas
A. Damian Dhar, MD https://www.doximity.com/pub/a-damian-dhar-md
A.. Masten, MD https://www.doximity.com/pub/a-masten-md
A. Paul Cellura, MD https://www.doximity.com/pub/a-paul-cellura-md
A. Stanley, MD https://www.doximity.com/pub/a-stanley-md
Aakaash Varma, MD https://www.doximity.com/pub/aakaash-varma-md
Aamir Hussain, MD https://www.doximity.com/pub/aamir-hussain-md-d072e846
Aamir Hussain, MD https://www.doximity.com/pub/aamir-hussain-md-e4b70c05
Aanand Geria, MD https://www.doximity.com/pub/aanand-geria-md
Aanchal Bahl, MD https://www.doximity.com/pub/aanchal-bahl-md
Aaron Bruce, MD https://www.doximity.com/pub/aaron-bruce-do
Aaron Burch, MD https://www.doximity.com/pub/aaron-burch-do-8c241743
Aaron Cantor, MD https://www.doximity.com/pub/aaron-cantor-md
Aaron Cetner, MD https://www.doximity.com/pub/aaron-cetner-md
Aaron Chapa, MD https://www.doximity.com/pub/aaron-chapa-md
Aaron Chen, MD https://www.doximity.com/pub/aaron-chen-do-849f100a
Aaron Coulon, MD https://www.doximity.com/pub/aaron-coulon-md
Aaron Drucker, MD https://www.doximity.com/pub/aaron-drucker-md
Aaron Farberg, MD https://www.doximity.com/pub/aaron-farberg-md
Aaron Fong, MD https://www.doximity.com/pub/aaron-fong-md
Aaron Fuchs, MD https://www.doximity.com/pub/aaron-fuchs-md
Aaron Hoover, MD https://www.doximity.com/pub/aaron-hoover-md
Aaron Joseph, MD https://www.doximity.com/pub/aaron-joseph-md
Aaron Katz, MD https://www.doximity.com/pub/aaron-katz-md
Aaron Loyd, MD https://www.doximity.com/pub/aaron-loyd-md
Aaron Mangold, MD https://www.doximity.com/pub/aaron-mangold-md
Aaron Morgan, MD https://www.doximity.com/pub/aaron-morgan-md-0dd636c9
Aaron Pace, MD https://www.doximity.com/pub/aaron-pace-md
Aaron Peach, MD https://www.doximity.com/pub/aaron-peach-md
Aaron Peterson, MD https://www.doximity.com/pub/aaron-peterson-do
Aaron Russell, MD https://www.doximity.com/pub/aaron-russell-md
Aaron Secrest, MD https://www.doximity.com/pub/aaron-secrest-md
Aaron Steen, MD https://www.doximity.com/pub/aaron-steen-md
Aaron Tisack, MD https://www.doximity.com/pub/aaron-tisack-md
Aaron Warshawsky, MD https://www.doximity.com/pub/aaron-warshawsky-md
Aaron Westphal, MD https://www.doximity.com/pub/aaron-westphal-md
Aaron Wever, MD https://www.doximity.com/pub/aaron-wever-md
Aashish Taneja, MD https://www.doximity.com/pub/aashish-taneja-md
Aatman Shah, MD https://www.doximity.com/pub/aatman-shah-md
Abbie Degesys, MD https://www.doximity.com/pub/abbie-degesys-md
Abby Hochberg, MD https://www.doximity.com/pub/abby-hochberg-md
Abby Qurraa, MD https://www.doximity.com/pub/abby-qurraa-md
Abby Rosenberg, MD https://www.doximity.com/pub/abby-rosenberg-md
Abby Van Voorhees, MD https://www.doximity.com/pub/abby-van-voorhees-md
Abdallah Khourdaji, MD https://www.doximity.com/pub/abdallah-khourdaji-md
Abdul Ahmed, MD https://www.doximity.com/pub/abdul-ahmed-md
Abdul Ansari, MD https://www.doximity.com/pub/abdul-ansari-do
Abdul Hafeez, MD https://www.doximity.com/pub/abdul-hafeez-md-62920fba
Abdulaziz Alghamdi, MD https://www.doximity.com/pub/abdulaziz-alghamdi-md
Abdulaziz Alomran, MD https://www.doximity.com/pub/abdulaziz-alomran-md
Abdulhadi Jfri, MD https://www.doximity.com/pub/abdulhadi-jfri-md
Abdulhameed Alrajhi, MD https://www.doximity.com/pub/abdulhameed-alrajhi-md
Abdullah Alajaji, MD https://www.doximity.com/pub/abdullah-alajaji-md-fbc595db
Abdullah Aleisa, MD https://www.doximity.com/pub/abdullah-aleisa-md
Abeer Alsarheed, MD https://www.doximity.com/pub/abeer-alsarheed-md
Abel Jarell, MD https://www.doximity.com/pub/abel-jarell-md
Abel Torres, MD https://www.doximity.com/pub/abel-torres-md
Abena Ofori, MD https://www.doximity.com/pub/abena-ofori-md
Abena Ofori, MD https://www.doximity.com/pub/abena-ofori-md-de07ae9d
Abhishek Aphale, MD https://www.doximity.com/pub/abhishek-aphale-md
Abigail Baird, MD https://www.doximity.com/pub/abigail-baird-md
Abigail Cline, MD https://www.doximity.com/pub/abigail-cline-md
Abigail Donnelly, MD https://www.doximity.com/pub/abigail-donnelly-md
Abigail Franco, MD https://www.doximity.com/pub/abigail-franco-md
Abigail Haberman, MD https://www.doximity.com/pub/abigail-haberman-md
Abigail Lee, MD https://www.doximity.com/pub/abigail-lee-md
Abigail Meckley, MD https://www.doximity.com/pub/abigail-meckley-do
Abigail Russell, MD https://www.doximity.com/pub/abigail-russell-do
Abigail Smith, MD https://www.doximity.com/pub/abigail-smith-md-ef2bbf32
Abigail Taub, MD https://www.doximity.com/pub/abigail-taub-md-5358821b
Abigail Waldman, MD https://www.doximity.com/pub/abigail-waldman-md
Abigale Clark, MD https://www.doximity.com/pub/abigale-clark-do
Abimael Rivera-Cruz, MD https://www.doximity.com/pub/abimael-rivera-cruz-md
Abraham Abdulhak, MD https://www.doximity.com/pub/abraham-abdulhak-md
Abraham Abittan, MD https://www.doximity.com/pub/abraham-abittan-md
Abraham Freilich, MD https://www.doximity.com/pub/abraham-freilich-md
Abraham Korman, MD https://www.doximity.com/pub/abraham-korman-md
Abraham Kuruvilla, MD https://www.doximity.com/pub/abraham-kuruvilla-md-f92858ba
Abrahem Kazemi, MD https://www.doximity.com/pub/abrahem-kazemi-md
Abram Berens, MD https://www.doximity.com/pub/abram-berens-md
Abram Beshay, MD https://www.doximity.com/pub/abram-beshay-md
Achiamah Osei-Tutu, MD https://www.doximity.com/pub/achiamah-osei-tutu-md
Ada Ogunsiakan, MD https://www.doximity.com/pub/ada-ogunsiakan-md
Ada Tusa, MD https://www.doximity.com/pub/ada-tusa-md
Ada Winkielman, MD https://www.doximity.com/pub/ada-winkielman-md
Adaeze Egesi, MD https://www.doximity.com/pub/adaeze-egesi-md
Adam Aldahan, MD https://www.doximity.com/pub/adam-aldahan-md
Adam Allan, MD https://www.doximity.com/pub/adam-allan-do
Adam Aronson, MD https://www.doximity.com/pub/adam-aronson-md-91be6fcf
Adam Bennett, MD https://www.doximity.com/pub/adam-bennett-md-a059573c
Adam Berry, MD https://www.doximity.com/pub/adam-berry-md
Adam Blechman, MD https://www.doximity.com/pub/adam-blechman-md
Adam Bodian, MD https://www.doximity.com/pub/adam-bodian-md
Adam Brys, MD https://www.doximity.com/pub/adam-brys-md
Adam Byrd, MD https://www.doximity.com/pub/adam-byrd-md
Adam Czelusta, MD https://www.doximity.com/pub/adam-czelusta-md
Adam Esser, MD https://www.doximity.com/pub/adam-esser-md
Adam Friedman, MD https://www.doximity.com/pub/adam-friedman-md-aac1a5e0
Adam Geyer, MD https://www.doximity.com/pub/adam-geyer-md
Adam Greenberg, MD https://www.doximity.com/pub/adam-greenberg-md
Adam Hessel, MD https://www.doximity.com/pub/adam-hessel-md
Adam Hetzler, MD https://www.doximity.com/pub/adam-hetzler-md
Adam Ingraffea, MD https://www.doximity.com/pub/adam-ingraffea-md
Adam Korzenko, MD https://www.doximity.com/pub/adam-korzenko-md
Adam Leavitt, MD https://www.doximity.com/pub/adam-leavitt-md
Adam Levin, MD https://www.doximity.com/pub/adam-levin-do-d062ef8e
Adam Levin, MD https://www.doximity.com/pub/adam-levin-md-81f44977
Adam Lipworth, MD https://www.doximity.com/pub/adam-lipworth-md
Adam Luber, MD https://www.doximity.com/pub/adam-luber-md
Adam Mamelak, MD https://www.doximity.com/pub/adam-mamelak-md
Adam Martin, MD https://www.doximity.com/pub/adam-martin-md-24ca9021
Adam Mattox, MD https://www.doximity.com/pub/adam-mattox-do
Adam Miller, MD https://www.doximity.com/pub/adam-miller-md-6c373c86
Adam Nguyen, MD https://www.doximity.com/pub/adam-nguyen-md
Adam Norberg, MD https://www.doximity.com/pub/adam-norberg-md
Adam Penstein, MD https://www.doximity.com/pub/adam-penstein-md
Adam Perry, MD https://www.doximity.com/pub/adam-perry-md-5bf5a61b
Adam Perry, MD https://www.doximity.com/pub/adam-perry-md-db723a4e
Adam Pettey, MD https://www.doximity.com/pub/adam-pettey-md
Adam Plotkin, MD https://www.doximity.com/pub/adam-plotkin-md
Adam Pritzker, MD https://www.doximity.com/pub/adam-pritzker-md
Adam Raff, MD https://www.doximity.com/pub/adam-raff-md-f5df5c7e
Adam Rees, MD https://www.doximity.com/pub/adam-rees-md
Adam Richardson, MD https://www.doximity.com/pub/adam-richardson-do
Adam Rosenfeld, MD https://www.doximity.com/pub/adam-rosenfeld-md
Adam Rotunda, MD https://www.doximity.com/pub/adam-rotunda-md
Adam Rotunda, MD https://www.doximity.com/pub/adam-rotunda-md-9e2ec6f0
Adam Rubin, MD https://www.doximity.com/pub/adam-rubin-md-30f0bce1
Adam Rubin, MD https://www.doximity.com/pub/adam-rubin-md-8b851db6
Adam Schmitt, MD https://www.doximity.com/pub/adam-schmitt-md-0765c9ef
Adam Sills, MD https://www.doximity.com/pub/adam-sills-md
Adam Smithee, MD https://www.doximity.com/pub/adam-smithee-md
Adam Sorensen, MD https://www.doximity.com/pub/adam-sorensen-do
Adam Souchik, MD https://www.doximity.com/pub/adam-souchik-md
Adam Souchik, MD https://www.doximity.com/pub/adam-souchik-md-70036177
Adam Sperduto, MD https://www.doximity.com/pub/adam-sperduto-md
Adam Stibich, MD https://www.doximity.com/pub/adam-stibich-md
Adam Sutton, MD https://www.doximity.com/pub/adam-sutton-md
Adam Swigost, MD https://www.doximity.com/pub/adam-swigost-md
Adam Taintor, MD https://www.doximity.com/pub/adam-taintor-md
Adam Tinklepaugh, MD https://www.doximity.com/pub/adam-tinklepaugh-md
Adam Turnock, MD https://www.doximity.com/pub/adam-turnock-md
Adam Vaudreuil, MD https://www.doximity.com/pub/adam-vaudreuil-md
Adam Whittington, MD https://www.doximity.com/pub/adam-whittington-md
Adam Wiener, MD https://www.doximity.com/pub/adam-wiener-do
Adam Woldow, MD https://www.doximity.com/pub/adam-woldow-md
Adam Wray, MD https://www.doximity.com/pub/adam-wray-do
Adam Wright, MD https://www.doximity.com/pub/adam-wright-md-f5871c99
Adam Wulkan, MD https://www.doximity.com/pub/adam-wulkan-md
Adaobi Obasi, MD https://www.doximity.com/pub/adaobi-obasi-md
Adar Berghoff, MD https://www.doximity.com/pub/adar-berghoff-md
Adarsh Kumar, MD https://www.doximity.com/pub/adarsh-kumar-md
Adarsh Mudgil, MD https://www.doximity.com/pub/adarsh-mudgil-md
Adaugo Amah, MD https://www.doximity.com/pub/adaugo-amah-md
Addie Sherbany, MD https://www.doximity.com/pub/addie-sherbany-md
Addison Demer, MD https://www.doximity.com/pub/addison-demer-md
Adean Kingston, MD https://www.doximity.com/pub/adean-kingston-md
Adebola Dele-Michael, MD https://www.doximity.com/pub/adebola-dele-michael-md
Adeeb Haroon, MD https://www.doximity.com/pub/adeeb-haroon-md
Adekemi Akingboye, MD https://www.doximity.com/pub/adekemi-akingboye-md
Adel Haque, MD https://www.doximity.com/pub/adel-haque-md
Adela Rambi Cardones, MD https://www.doximity.com/pub/adela-rambi-cardones-md
Adelaida Gyurjyan-Bunch, MD https://www.doximity.com/pub/adelaida-gyurjyan-bunch-md
Adelaide Hebert, MD https://www.doximity.com/pub/adelaide-hebert-md
Adele Haimovic, MD https://www.doximity.com/pub/adele-haimovic-md
Adele Moreland, MD https://www.doximity.com/pub/adele-moreland-md
Adèle Rakosi, MD https://www.doximity.com/pub/adele-rakosi-md
Adeline Johnson, MD https://www.doximity.com/pub/adeline-johnson-md
Adelle Quintana, MD https://www.doximity.com/pub/adelle-quintana-md
Adelle Quintana, MD https://www.doximity.com/pub/adelle-quintana-md-df79de36
Ademide Adelekun, MD https://www.doximity.com/pub/ademide-adelekun-md
Adena Rosenblatt, MD https://www.doximity.com/pub/adena-rosenblatt-md
Aderonke Obayomi, MD https://www.doximity.com/pub/aderonke-obayomi-md
Adewole Adamson, MD https://www.doximity.com/pub/adewole-adamson-md
Adewunmi Adelaja, MD https://www.doximity.com/pub/adewunmi-adelaja-md-265487ac
Adil Usman, MD https://www.doximity.com/pub/adil-usman-md
Adisbeth Morales Burgos, MD https://www.doximity.com/pub/adisbeth-morales-burgos-md
Aditi Chandra, MD https://www.doximity.com/pub/aditi-chandra-do-a57df21e
Aditi Murthy, MD https://www.doximity.com/pub/aditi-murthy-md
Aditi Sharma, MD https://www.doximity.com/pub/aditi-sharma-md-666871a3
Adnan Kurtovic, MD https://www.doximity.com/pub/adnan-kurtovic-md
Adnan Mir, MD https://www.doximity.com/pub/adnan-mir-md
Adnan Nasir, MD https://www.doximity.com/pub/adnan-nasir-md
Adolfo Fernandez-Obregon, MD https://www.doximity.com/pub/adolfo-fernandez-obregon-md
Adrian Connolly, MD https://www.doximity.com/pub/adrian-connolly-md
Adrian Guevara, MD https://www.doximity.com/pub/adrian-guevara-md
Adrian Rodriguez, MD https://www.doximity.com/pub/adrian-rodriguez-md
Adrian Subrt, MD https://www.doximity.com/pub/adrian-subrt-md
Adrian Uy, MD https://www.doximity.com/pub/adrian-uy-md
Adriana Brune, MD https://www.doximity.com/pub/adriana-brune-md
Adriana FigueroaDiaz, MD https://www.doximity.com/pub/adriana-figueroadiaz-md
Adriana Lopez, MD https://www.doximity.com/pub/adriana-lopez-md-131417e9
Adriana Ros, MD https://www.doximity.com/pub/adriana-ros-do
Adriana Villa, MD https://www.doximity.com/pub/adriana-villa-md
Adriane Boyle, MD https://www.doximity.com/pub/adriane-boyle-md
Adriane Boyle, MD https://www.doximity.com/pub/adriane-boyle-md-8d08e810
Adriane Levin, MD https://www.doximity.com/pub/adriane-levin-md
Adrianna Browne, MD https://www.doximity.com/pub/adrianna-browne-md
Adrianna Gonzalez Lopez, MD https://www.doximity.com/pub/adrianna-gonzalez-lopez-md
Adrianna Rodriguez, MD https://www.doximity.com/pub/adrianna-rodriguez-md
Adrienne Berke, MD https://www.doximity.com/pub/adrienne-berke-md-e30524fa
Adrienne Brandriss, MD https://www.doximity.com/pub/adrienne-brandriss-md
Adrienne Callahan, MD https://www.doximity.com/pub/adrienne-callahan-md
Adrienne Choksi, MD https://www.doximity.com/pub/adrienne-choksi-md
Adrienne Feasel, MD https://www.doximity.com/pub/adrienne-feasel-md
Adrienne Glaich, MD https://www.doximity.com/pub/adrienne-glaich-md
Adrienne Haughton, MD https://www.doximity.com/pub/adrienne-haughton-md
Adrienne Rencic, MD https://www.doximity.com/pub/adrienne-rencic-md
Adrienne Schupbach, MD https://www.doximity.com/pub/adrienne-schupbach-md
Aegean Chan, MD https://www.doximity.com/pub/aegean-chan-md
Aeja Weiss, MD https://www.doximity.com/pub/aeja-weiss-md
Aelayna Meyer, MD https://www.doximity.com/pub/aelayna-meyer-md
Aerlyn Dawn, MD https://www.doximity.com/pub/aerlyn-dawn-md
Afaf Mikhail, MD https://www.doximity.com/pub/afaf-mikhail-md
Afnan Hasanain, MD https://www.doximity.com/pub/afnan-hasanain-md
Afsaneh Alavi, MD https://www.doximity.com/pub/afsaneh-alavi-md
Afshin Rahimi, MD https://www.doximity.com/pub/afshin-rahimi-md
Afton Chavez, MD https://www.doximity.com/pub/afton-chavez-md
Agata Marriott, MD https://www.doximity.com/pub/agata-marriott-md
Agatha Park, MD https://www.doximity.com/pub/agatha-park-md
Agnes Chang, MD https://www.doximity.com/pub/agnes-chang-md
Agnessa Goodson, MD https://www.doximity.com/pub/agnessa-goodson-md
Agnieszka Kupiec-Banasikowska, MD https://www.doximity.com/pub/agnieszka-kupiec-banasikowska-md
Agnieszka Niemeyer, MD https://www.doximity.com/pub/agnieszka-niemeyer-md
Ahava Muskat, MD https://www.doximity.com/pub/ahava-muskat-md
Ahdarsh Vallabhaneni, MD https://www.doximity.com/pub/ahdarsh-vallabhaneni-md
Ahmad Aleisa, MD https://www.doximity.com/pub/ahmad-aleisa-md
Ahmad Amin, MD https://www.doximity.com/pub/ahmad-amin-md
Ahmad Fathi, MD https://www.doximity.com/pub/ahmad-fathi-md
Ahmad Hossani-Madani, MD https://www.doximity.com/pub/ahmad-hossani-madani-md
Ahmed Ansari, MD https://www.doximity.com/pub/ahmed-ansari-md-30f26268
Ahmed Badawi, MD https://www.doximity.com/pub/ahmed-badawi-md-d126a8ee
Ahmed Hadi, MD https://www.doximity.com/pub/ahmed-hadi-md
Ahmed Hawash, MD https://www.doximity.com/pub/ahmed-hawash-md
Ahmed Rasheed, MD https://www.doximity.com/pub/ahmed-rasheed-md
Ahou Meydani-Korb, MD https://www.doximity.com/pub/ahou-meydani-korb-md
Ahuva Cices, MD https://www.doximity.com/pub/ahuva-cices-md
Aibing Guo, MD https://www.doximity.com/pub/aibing-guo-md
Aida Lugo-Somolinos, MD https://www.doximity.com/pub/aida-lugo-somolinos-md
Aida Quintero Noriega, MD https://www.doximity.com/pub/aida-quintero-noriega-md
Aieska De Souza, MD https://www.doximity.com/pub/aieska-de-souza-md
Aileen Chang, MD https://www.doximity.com/pub/aileen-chang-md
Aileen Santos-Arroyo, MD https://www.doximity.com/pub/aileen-santos-arroyo-md
Aili Swan, MD https://www.doximity.com/pub/aili-swan-do
Aimee Coscarart, MD https://www.doximity.com/pub/aimee-coscarart-md
Aimee Hasney, MD https://www.doximity.com/pub/aimee-hasney-md
Aimee Krausz, MD https://www.doximity.com/pub/aimee-krausz-md
Aimee Leonard, MD https://www.doximity.com/pub/aimee-leonard-md
Aimee Paik, MD https://www.doximity.com/pub/aimee-paik-md
Aimee Smidt, MD https://www.doximity.com/pub/aimee-smidt-md
Aimen Ismail, MD https://www.doximity.com/pub/aimen-ismail-md
Ainah Tan, MD https://www.doximity.com/pub/ainah-tan-md-77ea2911
Aisha Mumtaz, MD https://www.doximity.com/pub/aisha-mumtaz-md
Aisha Sethi, MD https://www.doximity.com/pub/aisha-sethi-md
Aislyn Oulee, MD https://www.doximity.com/pub/aislyn-oulee-md
Ajay Amarnani, MD https://www.doximity.com/pub/ajay-amarnani-md
Ajay Kailas, MD https://www.doximity.com/pub/ajay-kailas-md
Ajdin Kobic, MD https://www.doximity.com/pub/ajdin-kobic-md
Akachi Agor, MD https://www.doximity.com/pub/akachi-agor-do-cdba7ab1
Akash Patel, MD https://www.doximity.com/pub/akash-patel-md
Akhil Gupta, MD https://www.doximity.com/pub/akhil-gupta-do
Akhil Wadhera, MD https://www.doximity.com/pub/akhil-wadhera-md
Akua Sarfo, MD https://www.doximity.com/pub/akua-sarfo-md
Al Damavandy, MD https://www.doximity.com/pub/al-damavandy-md
Alain Brassard, MD https://www.doximity.com/pub/alain-brassard-md
Alain Nguyen, MD https://www.doximity.com/pub/alain-nguyen-md
Alain Rook, MD https://www.doximity.com/pub/alain-rook-md
Alaina James, MD https://www.doximity.com/pub/alaina-james-md
Alaleh Akhavan, MD https://www.doximity.com/pub/alaleh-akhavan-md
Alam Berke, MD https://www.doximity.com/pub/alam-berke-md
Alan Andrews, MD https://www.doximity.com/pub/alan-andrews-md
Alan Anthony, MD https://www.doximity.com/pub/alan-anthony-md
Alan Arbuckle, MD https://www.doximity.com/pub/alan-arbuckle-md
Alan Berlin, MD https://www.doximity.com/pub/alan-berlin-do
Alan Binnick, MD https://www.doximity.com/pub/alan-binnick-md
Alan Blankenship, MD https://www.doximity.com/pub/alan-blankenship-md
Alan Blaugrund, MD https://www.doximity.com/pub/alan-blaugrund-md
Alan Bookin, MD https://www.doximity.com/pub/alan-bookin-md
Alan Boyd, MD https://www.doximity.com/pub/alan-boyd-md
Alan Burwinkel, MD https://www.doximity.com/pub/alan-burwinkel-md
Alan Chaitin, MD https://www.doximity.com/pub/alan-chaitin-md
Alan Cohen, MD https://www.doximity.com/pub/alan-cohen-md-7fea
Alan Fischer, MD https://www.doximity.com/pub/alan-fischer-md
Alan Fleischer, MD https://www.doximity.com/pub/alan-fleischer-md-78d2b445
Alan Fligiel, MD https://www.doximity.com/pub/alan-fligiel-md
Alan Freedman, MD https://www.doximity.com/pub/alan-freedman-md-bbb5c545
Alan Gardner, MD https://www.doximity.com/pub/alan-gardner-md-12caea48
Alan Gilbert, MD https://www.doximity.com/pub/alan-gilbert-md
Alan Glass, MD https://www.doximity.com/pub/alan-glass-md
Alan Greenspan, MD https://www.doximity.com/pub/alan-greenspan-md
Alan Heller, MD https://www.doximity.com/pub/alan-heller-md-9a7791bc
Alan Klein, MD https://www.doximity.com/pub/alan-klein-md-a7df148e
Alan Lachman, MD https://www.doximity.com/pub/alan-lachman-md
Alan Lasser, MD https://www.doximity.com/pub/alan-lasser-md
Alan Levin, MD https://www.doximity.com/pub/alan-levin-md-78d410bc
Alan Levy, MD https://www.doximity.com/pub/alan-levy-md-2aee8d9c
Alan Lewis, MD https://www.doximity.com/pub/alan-lewis-md-1e9db268
Alan Liftin, MD https://www.doximity.com/pub/alan-liftin-md
Alan Mantell, MD https://www.doximity.com/pub/alan-mantell-md
Alan Menter, MD https://www.doximity.com/pub/alan-menter-md
Alan Moshell, MD https://www.doximity.com/pub/alan-moshell-md
Alan Nussbaum, MD https://www.doximity.com/pub/alan-nussbaum-md
Alan Olansky, MD https://www.doximity.com/pub/alan-olansky-md
Alan Olmstead, MD https://www.doximity.com/pub/alan-olmstead-md
Alan Parks, MD https://www.doximity.com/pub/alan-parks-md
Alan Pitt, MD https://www.doximity.com/pub/alan-pitt-md-2ccf
Alan Prestia, MD https://www.doximity.com/pub/alan-prestia-md
Alan Rockoff, MD https://www.doximity.com/pub/alan-rockoff-md
Alan Rolfe, MD https://www.doximity.com/pub/alan-rolfe-md
Alan Rosenbach, MD https://www.doximity.com/pub/alan-rosenbach-md
Alan Ruben, MD https://www.doximity.com/pub/alan-ruben-md
Alan Sampson, MD https://www.doximity.com/pub/alan-sampson-md
Alan Schechter, MD https://www.doximity.com/pub/alan-schechter-md
Alan Schliftman, MD https://www.doximity.com/pub/alan-schliftman-md
Alan Semion, MD https://www.doximity.com/pub/alan-semion-md
Alan Silverman, MD https://www.doximity.com/pub/alan-silverman-md-8022f433
Alan Solter, MD https://www.doximity.com/pub/alan-solter-md
Alan Stanford, MD https://www.doximity.com/pub/alan-stanford-md
Alan Tanenbaum, MD https://www.doximity.com/pub/alan-tanenbaum-md
Alan Turnham, MD https://www.doximity.com/pub/alan-turnham-md
Alan Weinstein, MD https://www.doximity.com/pub/alan-weinstein-md-699cc20a
Alan Westheim, MD https://www.doximity.com/pub/alan-westheim-md
Alan Wong, MD https://www.doximity.com/pub/alan-wong-do
Alana Kurtti, MD https://www.doximity.com/pub/alana-kurtti-md
Alanna Bree, MD https://www.doximity.com/pub/alanna-bree-md
Alanoud Alhadyani, MD https://www.doximity.com/pub/alanoud-alhadyani-md
Albert Antonyan, MD https://www.doximity.com/pub/albert-antonyan-md
Albert Bundy, MD https://www.doximity.com/pub/albert-bundy-md
Albert Cattell, MD https://www.doximity.com/pub/albert-cattell-md
Albert Chiou, MD https://www.doximity.com/pub/albert-chiou-md
Albert Chung, MD https://www.doximity.com/pub/albert-chung-md-2e116876
Albert Gutierrez, MD https://www.doximity.com/pub/albert-gutierrez-md-c9178b8d
Albert Hudson, MD https://www.doximity.com/pub/albert-hudson-md
Albert Kattine, MD https://www.doximity.com/pub/albert-kattine-md
Albert Larner, MD https://www.doximity.com/pub/albert-larner-md
Albert Nemeth, MD https://www.doximity.com/pub/albert-nemeth-md
Albert Peng, MD https://www.doximity.com/pub/albert-peng-md
Albert Reynaud, MD https://www.doximity.com/pub/albert-reynaud-md
Albert Rivera, MD https://www.doximity.com/pub/albert-rivera-do
Albert Wong, MD https://www.doximity.com/pub/albert-wong-md
Albert Yan, MD https://www.doximity.com/pub/albert-yan-md
Albert Yang, MD https://www.doximity.com/pub/albert-yang-md-03cca67b
Aldana Garcia, MD https://www.doximity.com/pub/aldana-garcia-md
Alde Carlo Gavino, MD https://www.doximity.com/pub/alde-carlo-gavino-md
Alden Holmes, MD https://www.doximity.com/pub/alden-holmes-md
Aldo Trovato, MD https://www.doximity.com/pub/aldo-trovato-md
Alecia Folkes, MD https://www.doximity.com/pub/alecia-folkes-do
Aleda Longwell, MD https://www.doximity.com/pub/aleda-longwell-md
Alejandra Estemalik, MD https://www.doximity.com/pub/alejandra-estemalik-md
Alejandra Vivas, MD https://www.doximity.com/pub/alejandra-vivas-md
Alejandro Barrera Godinez, MD https://www.doximity.com/pub/alejandro-barrera-godinez-md-6992d695
Alejandro Rabionet, MD https://www.doximity.com/pub/alejandro-rabionet-md
Aleksandar Krunic, MD https://www.doximity.com/pub/aleksandar-krunic-md
Aleksandar Sekulic, MD https://www.doximity.com/pub/aleksandar-sekulic-md
.Aleksandr Itkin, MD https://www.doximity.com/pub/aleksandr-itkin-md
Aleksandra Brown, MD https://www.doximity.com/pub/aleksandra-brown-do
Aleksandra Florek, MD https://www.doximity.com/pub/aleksandra-florek-md
Aleksi Hendricks, MD https://www.doximity.com/pub/aleksi-hendricks-md
Alessandra Chen, MD https://www.doximity.com/pub/alessandra-chen-md
Alessandra Haskin, MD https://www.doximity.com/pub/alessandra-haskin-md
Aleta Simmons, MD https://www.doximity.com/pub/aleta-simmons-md
Alex Eshaghian, MD https://www.doximity.com/pub/alex-eshaghian-md
Alex Glazer, MD https://www.doximity.com/pub/alex-glazer-md
Alex Hammond, MD https://www.doximity.com/pub/alex-hammond-md
Alex Hines, MD https://www.doximity.com/pub/alex-hines-md
Alex Hirsh, MD https://www.doximity.com/pub/alex-hirsh-md
Alex Oberholzer, MD https://www.doximity.com/pub/alex-oberholzer-do
Alex Ortega Loayza, MD https://www.doximity.com/pub/alex-ortega-loayza-md
Alex Saber, MD https://www.doximity.com/pub/alex-saber-md-b54cd47e
Alex Saber, MD https://www.doximity.com/pub/alex-saber-md-c439c616
Alexa Leone, MD https://www.doximity.com/pub/alexa-leone-do
Alexa Steuer, MD https://www.doximity.com/pub/alexa-steuer-md
Alexander Aria, MD https://www.doximity.com/pub/alexander-aria-md
Alexander Badiavas, MD https://www.doximity.com/pub/alexander-badiavas-md
Alexander Bang, MD https://www.doximity.com/pub/alexander-bang-md
Alexander Berlin, MD https://www.doximity.com/pub/alexander-berlin-md
Alexander Chiaramonti, MD https://www.doximity.com/pub/alexander-chiaramonti-md
Alexander Davis, MD https://www.doximity.com/pub/alexander-davis-md-deeb5a0a
Alexander Doctoroff, MD https://www.doximity.com/pub/alexander-doctoroff-do
Alexander Ehrlich, MD https://www.doximity.com/pub/alexander-ehrlich-md
Alexander Ernst, MD https://www.doximity.com/pub/alexander-ernst-md
Alexander Finn, MD https://www.doximity.com/pub/alexander-finn-md
Alexander Fischer, MD https://www.doximity.com/pub/alexander-fischer-md
Alexander Fogel, MD https://www.doximity.com/pub/alexander-fogel-md
Alexander Gitin, MD https://www.doximity.com/pub/alexander-gitin-md
Alexander Gross, MD https://www.doximity.com/pub/alexander-gross-md
Alexander Herbst, MD https://www.doximity.com/pub/alexander-herbst-md
Alexander Hicks, MD https://www.doximity.com/pub/alexander-hicks-md
Alexander Hou, MD https://www.doximity.com/pub/alexander-hou-md-6854cf58
Alexander Jack, MD https://www.doximity.com/pub/alexander-jack-md
Alexander Kennnon, MD https://www.doximity.com/pub/alexander-kennnon-md
Alexander Lugo, MD https://www.doximity.com/pub/alexander-lugo-md
Alexander Maley, MD https://www.doximity.com/pub/alexander-maley-md
Alexander Marneros, MD https://www.doximity.com/pub/alexander-marneros-md
Alexander Marzuka, MD https://www.doximity.com/pub/alexander-marzuka-md
Alexander Means, MD https://www.doximity.com/pub/alexander-means-md
Alexander Meves, MD https://www.doximity.com/pub/alexander-meves-md
Alexander Nguyen, MD https://www.doximity.com/pub/alexander-nguyen-md-b7e907b7
Alexander Nicolaides, MD https://www.doximity.com/pub/alexander-nicolaides-md
Alexander Peterson, MD https://www.doximity.com/pub/alexander-peterson-md
Alexander Reid, MD https://www.doximity.com/pub/alexander-reid-md-2bfc75d6
Alexander Rose, MD https://www.doximity.com/pub/alexander-rose-md-9a7a9fc2
Alexander Saber, MD https://www.doximity.com/pub/alexander-saber-md
Alexander Shraga, MD https://www.doximity.com/pub/alexander-shraga-md
Alexander Valiga, MD https://www.doximity.com/pub/alexander-valiga-md
Alexander Witkowski, MD https://www.doximity.com/pub/alexander-witkowski-md
Alexander Woods, MD https://www.doximity.com/pub/alexander-woods-md-462a7304
Alexander Zemtsov, MD https://www.doximity.com/pub/alexander-zemtsov-md
Alexandra Bourgeois, MD https://www.doximity.com/pub/alexandra-bourgeois-md
Alexandra Brecher, MD https://www.doximity.com/pub/alexandra-brecher-md
Alexandra Carley, MD https://www.doximity.com/pub/alexandra-carley-md
Alexandra Chantara, MD https://www.doximity.com/pub/alexandra-chantara-md
Alexandra Charos, MD https://www.doximity.com/pub/alexandra-charos-md
Alexandra Charrow, MD https://www.doximity.com/pub/alexandra-charrow-md
Alexandra Coromilas, MD https://www.doximity.com/pub/alexandra-coromilas-md
Alexandra Flamm, MD https://www.doximity.com/pub/alexandra-flamm-md
Alexandra Gamret, MD https://www.doximity.com/pub/alexandra-gamret-md
Alexandra Golant, MD https://www.doximity.com/pub/alexandra-golant-md
Alexandra Grob, MD https://www.doximity.com/pub/alexandra-grob-do
Alexandra Haden, MD https://www.doximity.com/pub/alexandra-haden-md
Alexandra Harris, MD https://www.doximity.com/pub/alexandra-harris-md
Alexandra Hickman, MD https://www.doximity.com/pub/alexandra-hickman-md
Alexandra Kazakis, MD https://www.doximity.com/pub/alexandra-kazakis-md
Alexandra Leonard, MD https://www.doximity.com/pub/alexandra-leonard-md
Alexandra Montgomery, MD https://www.doximity.com/pub/alexandra-montgomery-md
Alexandra Murray Bender, MD https://www.doximity.com/pub/alexandra-murray-bender-md
Alexandra Price, MD https://www.doximity.com/pub/alexandra-price-md
Alexandra Rosenberg, MD https://www.doximity.com/pub/alexandra-rosenberg-md
Alexandra Rzepecki, MD https://www.doximity.com/pub/alexandra-rzepecki-md
Alexandra Seamens, MD https://www.doximity.com/pub/alexandra-seamens-md
Alexandra Streifel, MD https://www.doximity.com/pub/alexandra-streifel-md
Alexandra Taylor, MD https://www.doximity.com/pub/alexandra-taylor-do-62a8d75a
Alexandra Theriault, MD https://www.doximity.com/pub/alexandra-theriault-md
Alexandra Vaughn, MD https://www.doximity.com/pub/alexandra-vaughn-md
Alexandra Vaughn, MD https://www.doximity.com/pub/alexandra-vaughn-md-71178c93
Alexandra Zeitany, MD https://www.doximity.com/pub/alexandra-zeitany-md
Alexandra Zhang, MD https://www.doximity.com/pub/alexandra-zhang-md
Alexandra Zhang, MD https://www.doximity.com/pub/alexandra-zhang-md-169da3f6
Alexandria Booth, MD https://www.doximity.com/pub/alexandria-booth-md
Alexandria Brown, MD https://www.doximity.com/pub/alexandria-brown-md
Alexandria Glass, MD https://www.doximity.com/pub/alexandria-glass-do
Alexandria Kongsiri, MD https://www.doximity.com/pub/alexandria-kongsiri-md
Alexandria Meccia, MD https://www.doximity.com/pub/alexandria-meccia-md
Alexia Knapp, MD https://www.doximity.com/pub/alexia-knapp-md
Alexis Buffington, MD https://www.doximity.com/pub/alexis-buffington-do
Alexis Buffington, MD https://www.doximity.com/pub/alexis-buffington-do-ab747c15
Alexis Buffington, MD https://www.doximity.com/pub/alexis-buffington-do-edcff3cc
Alexis Curreri, MD https://www.doximity.com/pub/alexis-curreri-md
Alexis Dougherty, MD https://www.doximity.com/pub/alexis-dougherty-md
Alexis Duke, MD https://www.doximity.com/pub/alexis-duke-md
Alexis Granite, MD https://www.doximity.com/pub/alexis-granite-md
Alexis Honigbaum, MD https://www.doximity.com/pub/alexis-honigbaum-md
Alexis Lukach, MD https://www.doximity.com/pub/alexis-lukach-md
Alexis Lyons, MD https://www.doximity.com/pub/alexis-lyons-md
Alexis Stephens, MD https://www.doximity.com/pub/alexis-stephens-do
Alexis Tracy, MD https://www.doximity.com/pub/alexis-tracy-md
Alexis Young, MD https://www.doximity.com/pub/alexis-young-md
Alfons Krol, MD https://www.doximity.com/pub/alfons-krol-md
Alfonso Gonzalez, MD https://www.doximity.com/pub/alfonso-gonzalez-md
Alfred Hellreich, MD https://www.doximity.com/pub/alfred-hellreich-md
Alfred Hernandez, MD https://www.doximity.com/pub/alfred-hernandez-md
Alfred Hockley, MD https://www.doximity.com/pub/alfred-hockley-md
Alfred Knable, MD https://www.doximity.com/pub/alfred-knable-md
Alfred Kopf, MD https://www.doximity.com/pub/alfred-kopf-md
Alfred Lane, MD https://www.doximity.com/pub/alfred-lane-md
Alfred Lerner, MD https://www.doximity.com/pub/alfred-lerner-md-603f
Alfred Zamm, MD https://www.doximity.com/pub/alfred-zamm-md
Alfredo Bou Prieto, MD https://www.doximity.com/pub/alfredo-bou-prieto-md
Alfredo Brand, MD https://www.doximity.com/pub/alfredo-brand-md
Alfredo Fernandez, MD https://www.doximity.com/pub/alfredo-fernandez-md
Alfredo Gonzalez, MD https://www.doximity.com/pub/alfredo-gonzalez-md-cba2a5cd
Alfredo Masullo, MD https://www.doximity.com/pub/alfredo-masullo-md
Alfredo Siller, MD https://www.doximity.com/pub/alfredo-siller-md
Algin Garrett, MD https://www.doximity.com/pub/algin-garrett-md
Ali Al-haseni, MD https://www.doximity.com/pub/ali-al-haseni-md
Ali Al Marzooq, MD https://www.doximity.com/pub/ali-al-marzooq-md
Ali Alajmi, MD https://www.doximity.com/pub/ali-alajmi-md
Ali Banki, MD https://www.doximity.com/pub/ali-banki-do
Ali Berry, MD https://www.doximity.com/pub/ali-berry-md
Ali Hadi, MD https://www.doximity.com/pub/ali-hadi-md
Ali Hendi, MD https://www.doximity.com/pub/ali-hendi-md
Ali Jabbari, MD https://www.doximity.com/pub/ali-jabbari-md
Ali Lashgari, MD https://www.doximity.com/pub/ali-lashgari-md
Ali Malik, MD https://www.doximity.com/pub/ali-malik-md-f85f240e
Ali Marzooq, MD https://www.doximity.com/pub/ali-marzooq-md
Ali Moiin, MD https://www.doximity.com/pub/ali-moiin-md
Ali Rajabi-Estarabadi, MD https://www.doximity.com/pub/ali-rajabi-estarabadi-md
Ali Rkein, MD https://www.doximity.com/pub/ali-rkein-md
Ali Shahbaz, MD https://www.doximity.com/pub/ali-shahbaz-md
Alia Brown, MD https://www.doximity.com/pub/alia-brown-md
Alice Androkites, MD https://www.doximity.com/pub/alice-androkites-md
Alice Barba, MD https://www.doximity.com/pub/alice-barba-md
Alice Cardullo, MD https://www.doximity.com/pub/alice-cardullo-md
Alice Do, MD https://www.doximity.com/pub/alice-do-do
Alice Frigerio, MD https://www.doximity.com/pub/alice-frigerio-md
Alice Gottlieb, MD https://www.doximity.com/pub/alice-gottlieb-md
Alice He, MD https://www.doximity.com/pub/alice-he-md
Alice Joyce, MD https://www.doximity.com/pub/alice-joyce-md
Alice Lee, MD https://www.doximity.com/pub/alice-lee-md-7b4916ed
Alice Liu, MD https://www.doximity.com/pub/alice-liu-md
Alice Ma, MD https://www.doximity.com/pub/alice-ma-md-05ce
Alice Ormsby, MD https://www.doximity.com/pub/alice-ormsby-md
Alice Pentland, MD https://www.doximity.com/pub/alice-pentland-md
Alice Watson, MD https://www.doximity.com/pub/alice-watson-md
Alice Watson, MD https://www.doximity.com/pub/alice-watson-md-7d22
Alice Wuu, MD https://www.doximity.com/pub/alice-wuu-md
Alicia Baum, MD https://www.doximity.com/pub/alicia-baum-md-c427d37a
Alicia Braun, MD https://www.doximity.com/pub/alicia-braun-md
Alicia Bucko, MD https://www.doximity.com/pub/alicia-bucko-do
Alicia Cool, MD https://www.doximity.com/pub/alicia-cool-md-47583628
Alicia Cool, MD https://www.doximity.com/pub/alicia-cool-md-a9d901e9
Alicia Dagrosa, MD https://www.doximity.com/pub/alicia-dagrosa-md
Alicia Little, MD https://www.doximity.com/pub/alicia-little-md
Alicia Miller, MD https://www.doximity.com/pub/alicia-miller-md
Alicia Miller, MD https://www.doximity.com/pub/alicia-miller-md-8f7eae25
Alicia Mizes, MD https://www.doximity.com/pub/alicia-mizes-md
Alicia Ogram, MD https://www.doximity.com/pub/alicia-ogram-md
Alina Bridges, MD https://www.doximity.com/pub/alina-bridges-do
Alina Goldenberg, MD https://www.doximity.com/pub/alina-goldenberg-md
Alina Markova, MD https://www.doximity.com/pub/alina-markova-md
Alina Shevchenko, MD https://www.doximity.com/pub/alina-shevchenko-md
Alina Zufall, MD https://www.doximity.com/pub/alina-zufall-md
Alireza Torchizy, MD https://www.doximity.com/pub/alireza-torchizy-md
Alisa Femia, MD https://www.doximity.com/pub/alisa-femia-md
Alisa Funke, MD https://www.doximity.com/pub/alisa-funke-md
Alisha Plotner, MD https://www.doximity.com/pub/alisha-plotner-md
Alison Adams, MD https://www.doximity.com/pub/alison-adams-md
Alison Avram, MD https://www.doximity.com/pub/alison-avram-md
Alison Bailey, MD https://www.doximity.com/pub/alison-bailey-md-657380e6
Alison Black, MD https://www.doximity.com/pub/alison-black-md
Alison Botek, MD https://www.doximity.com/pub/alison-botek-md
Alison Boudreaux, MD https://www.doximity.com/pub/alison-boudreaux-md
Alison Bruce, MD https://www.doximity.com/pub/alison-bruce-md
Alison Dempsey, MD https://www.doximity.com/pub/alison-dempsey-md-b2e9e3e0
Alison Durham, MD https://www.doximity.com/pub/alison-durham-md
Alison Ehrlich, MD https://www.doximity.com/pub/alison-ehrlich-md
Alison Fischer, MD https://www.doximity.com/pub/alison-fischer-md
Alison Gruen, MD https://www.doximity.com/pub/alison-gruen-md
Alison Himes, MD https://www.doximity.com/pub/alison-himes-do
Alison Kang, MD https://www.doximity.com/pub/alison-kang-md
Alison Klenk, MD https://www.doximity.com/pub/alison-klenk-md
Alison Klenk, MD https://www.doximity.com/pub/alison-klenk-md-0f5e498b
Alison Klenk, MD https://www.doximity.com/pub/alison-klenk-md-84ea0c74
Alison Kohn Kucharik, MD https://www.doximity.com/pub/alison-kohn-kucharik-md
Alison Lang, MD https://www.doximity.com/pub/alison-lang-md
Alison Launhardt, MD https://www.doximity.com/pub/alison-launhardt-md-f24e81d5
Alison Lee, MD https://www.doximity.com/pub/alison-lee-md-dfbf45ef
Alison Lindsay-Beltzer, MD https://www.doximity.com/pub/alison-lindsay-beltzer-md
Alison Lowe, MD https://www.doximity.com/pub/alison-lowe-md
Alison Lyke, MD https://www.doximity.com/pub/alison-lyke-md
Alison Messer, MD https://www.doximity.com/pub/alison-messer-md
Alison Moon, MD https://www.doximity.com/pub/alison-moon-md
Alison Moynihan, MD https://www.doximity.com/pub/alison-moynihan-md
Alison Penton, MD https://www.doximity.com/pub/alison-penton-md
Alison Rhein, MD https://www.doximity.com/pub/alison-rhein-md
Alison Schini, MD https://www.doximity.com/pub/alison-schini-md
Alison Seline, MD https://www.doximity.com/pub/alison-seline-md
Alison Small, MD https://www.doximity.com/pub/alison-small-md
Alison Spiker, MD https://www.doximity.com/pub/alison-spiker-md
Alison Spiker, MD https://www.doximity.com/pub/alison-spiker-md-a51e2133
Alison Stallings, MD https://www.doximity.com/pub/alison-stallings-md
Alison Tam, MD https://www.doximity.com/pub/alison-tam-do
Alison Tisack, MD https://www.doximity.com/pub/alison-tisack-md
Alison Treister, MD https://www.doximity.com/pub/alison-treister-md
Alison Treister, MD https://www.doximity.com/pub/alison-treister-md-d4e20f73
Alison Young, MD https://www.doximity.com/pub/alison-young-md
Alissa Fox, MD https://www.doximity.com/pub/alissa-fox-md
Alissa Lamoureux, MD https://www.doximity.com/pub/alissa-lamoureux-do
Alissa O'Brien, MD https://www.doximity.com/pub/alissa-o-brien-md
Alissa Redko, MD https://www.doximity.com/pub/alissa-redko-md
Alix Charles, MD https://www.doximity.com/pub/alix-charles-md
Aliya Hines, MD https://www.doximity.com/pub/aliya-hines-md
Aliya Hines, MD https://www.doximity.com/pub/aliya-hines-md-b4b37adc
Aliza Hasan, MD https://www.doximity.com/pub/aliza-hasan-md-2bea23de
Alizabeth Truong, MD https://www.doximity.com/pub/alizabeth-truong-md
Alka Madan, MD https://www.doximity.com/pub/alka-madan-do
Alla Gruman, MD https://www.doximity.com/pub/alla-gruman-md
Allan Davis, MD https://www.doximity.com/pub/allan-davis-md
Allan Halpern, MD https://www.doximity.com/pub/allan-halpern-md
Allan Harrington, MD https://www.doximity.com/pub/allan-harrington-md
Allan Mineroff, MD https://www.doximity.com/pub/allan-mineroff-md
Allen Baumal, MD https://www.doximity.com/pub/allen-baumal-md
Allen Berliner, MD https://www.doximity.com/pub/allen-berliner-md
Allen Bruce, MD https://www.doximity.com/pub/allen-bruce-md
Allen Harves, MD https://www.doximity.com/pub/allen-harves-md
Allen Ho, MD https://www.doximity.com/pub/allen-ho-md-d43a2383
Allen Natow, MD https://www.doximity.com/pub/allen-natow-md
Allen Oak, MD https://www.doximity.com/pub/allen-oak-md
Allen Saoud, MD https://www.doximity.com/pub/allen-saoud-do
Allen Sapadin, MD https://www.doximity.com/pub/allen-sapadin-md
Allen Shih, MD https://www.doximity.com/pub/allen-shih-md
Allen Strickler, MD https://www.doximity.com/pub/allen-strickler-md
Allen Tesser, MD https://www.doximity.com/pub/allen-tesser-md
Allie Preston, MD https://www.doximity.com/pub/allie-preston-md
Allireza Alloo, MD https://www.doximity.com/pub/allireza-alloo-md
Allison Billi, MD https://www.doximity.com/pub/allison-billi-md-c3e4c3db
Allison Britt Kimmins, MD https://www.doximity.com/pub/allison-britt-kimmins-md
Allison Brown, MD https://www.doximity.com/pub/allison-brown-md-641e
Allison Cashman, MD https://www.doximity.com/pub/allison-cashman-md
Allison Cinats, MD https://www.doximity.com/pub/allison-cinats-md
Allison Cruse, MD https://www.doximity.com/pub/allison-cruse-md
Allison Darland, MD https://www.doximity.com/pub/allison-darland-md
Allison Dobry, MD https://www.doximity.com/pub/allison-dobry-md
Allison Goddard, MD https://www.doximity.com/pub/allison-goddard-md
Allison Goldenstein, MD https://www.doximity.com/pub/allison-goldenstein-do
Allison Good, MD https://www.doximity.com/pub/allison-good-md
Allison Good, MD https://www.doximity.com/pub/allison-good-md-dc7db6df
Allison Hamilton, MD https://www.doximity.com/pub/allison-hamilton-md-8c58e7de
Allison Han, MD https://www.doximity.com/pub/allison-han-md
Allison Hanlon, MD https://www.doximity.com/pub/allison-hanlon-md
Allison Hanlon, MD https://www.doximity.com/pub/allison-hanlon-md-fd7c7b58
Allison Holm, MD https://www.doximity.com/pub/allison-holm-md
Allison Hood, MD https://www.doximity.com/pub/allison-hood-md
Allison Hughes, MD https://www.doximity.com/pub/allison-hughes-md
Allison Jaekle, MD https://www.doximity.com/pub/allison-jaekle-md
Allison Jones, MD https://www.doximity.com/pub/allison-jones-md-70c490e0
Allison Kutner, MD https://www.doximity.com/pub/allison-kutner-md
Allison Larson, MD https://www.doximity.com/pub/allison-larson-md
Allison Legler, MD https://www.doximity.com/pub/allison-legler-md
Allison Limmer Sherwood, MD https://www.doximity.com/pub/allison-limmer-sherwood-md
Allison Linquist, MD https://www.doximity.com/pub/allison-linquist-md
Allison McCormick, MD https://www.doximity.com/pub/allison-mccormick-md
Allison McCrory, MD https://www.doximity.com/pub/allison-mccrory-md
Allison Metzinger, MD https://www.doximity.com/pub/allison-metzinger-md
Allison Morrison, MD https://www.doximity.com/pub/allison-morrison-md
Allison Paine, MD https://www.doximity.com/pub/allison-paine-md-888d8304
Allison Perz, MD https://www.doximity.com/pub/allison-perz-md
Allison Petronzio, MD https://www.doximity.com/pub/allison-petronzio-md
Allison Pierce, MD https://www.doximity.com/pub/allison-pierce-md
Allison Pye, MD https://www.doximity.com/pub/allison-pye-md
Allison Readinger, MD https://www.doximity.com/pub/allison-readinger-md
Allison Robbins, MD https://www.doximity.com/pub/allison-robbins-md-84ecafb1
Allison Schaus, MD https://www.doximity.com/pub/allison-schaus-md
Allison Schwedelson, MD https://www.doximity.com/pub/allison-schwedelson-do
Allison Sindle, MD https://www.doximity.com/pub/allison-sindle-md
Allison Singer, MD https://www.doximity.com/pub/allison-singer-md
Allison Stocker, MD https://www.doximity.com/pub/allison-stocker-md
Allison Sutton, MD https://www.doximity.com/pub/allison-sutton-md
Allison Swanson, MD https://www.doximity.com/pub/allison-swanson-md
Allison Triplitt, MD https://www.doximity.com/pub/allison-triplitt-md
Allison Truong, MD https://www.doximity.com/pub/allison-truong-md
Allison Vanasse, MD https://www.doximity.com/pub/allison-vanasse-md
Allison Vidimos, MD https://www.doximity.com/pub/allison-vidimos-md
Allison Wang, MD https://www.doximity.com/pub/allison-wang-md
Allison Weiffenbach, MD https://www.doximity.com/pub/allison-weiffenbach-md
Allison Weinkle, MD https://www.doximity.com/pub/allison-weinkle-md
Allison Zarbo, MD https://www.doximity.com/pub/allison-zarbo-md
Allison Zysman, MD https://www.doximity.com/pub/allison-zysman-md
Ally-Khan Somani, MD https://www.doximity.com/pub/ally-khan-somani-md
Allyson Black, MD https://www.doximity.com/pub/allyson-black-md
Allyson Brockman-Bitterman, MD https://www.doximity.com/pub/allyson-brockman-bitterman-md
Allyson Eastham, MD https://www.doximity.com/pub/allyson-eastham-md
Allyson Kopel, MD https://www.doximity.com/pub/allyson-kopel-md
Allyson Spence-Shishido, MD https://www.doximity.com/pub/allyson-spence-shishido-md
Alma Berlingeri Ramos, MD https://www.doximity.com/pub/alma-berlingeri-ramos-md
Alma Cruz Santana, MD https://www.doximity.com/pub/alma-cruz-santana-md
Alok Vij, MD https://www.doximity.com/pub/alok-vij-md
Aloys Tauscheck, MD https://www.doximity.com/pub/aloys-tauscheck-md
Alva Bennett, MD https://www.doximity.com/pub/alva-bennett-md
Alvanus Hartley, MD https://www.doximity.com/pub/alvanus-hartley-md
Alvaro Ramos-Rodriguez, MD https://www.doximity.com/pub/alvaro-ramos-rodriguez-md
Alvin Adler, MD https://www.doximity.com/pub/alvin-adler-md
Alvin Clair, MD https://www.doximity.com/pub/alvin-clair-md
Alvin Coda, MD https://www.doximity.com/pub/alvin-coda-md
Alvin Francik, MD https://www.doximity.com/pub/alvin-francik-md
Alvin Friedman-Kien, MD https://www.doximity.com/pub/alvin-friedman-kien-md
Alvin Hall, MD https://www.doximity.com/pub/alvin-hall-md
Alvin Li, MD https://www.doximity.com/pub/alvin-li-md-2df6278a
Alvin Li, MD https://www.doximity.com/pub/alvin-li-md-6a996e84
Alvin Meyer, MD https://www.doximity.com/pub/alvin-meyer-md
Alvin Solomon, MD https://www.doximity.com/pub/alvin-solomon-md
Alyce Anderson, MD https://www.doximity.com/pub/alyce-anderson-md
Alycia Barland, MD https://www.doximity.com/pub/alycia-barland-md
Alyn Hatter, MD https://www.doximity.com/pub/alyn-hatter-do
Alysa Herman, MD https://www.doximity.com/pub/alysa-herman-md
Alysha Colon, MD https://www.doximity.com/pub/alysha-colon-md
Alyson Brinker, MD https://www.doximity.com/pub/alyson-brinker-md
Alyson Endicott, MD https://www.doximity.com/pub/alyson-endicott-md
Alyson Endicott, MD https://www.doximity.com/pub/alyson-endicott-md-2a9bbd34
Alyson Levine, MD https://www.doximity.com/pub/alyson-levine-md
Alyson Penstein, MD https://www.doximity.com/pub/alyson-penstein-md
Alyson Swingle, MD https://www.doximity.com/pub/alyson-swingle-md
Alyssa Brennan, MD https://www.doximity.com/pub/alyssa-brennan-md
Alyssa Daniel, MD https://www.doximity.com/pub/alyssa-daniel-md
Alyssa Feiner, MD https://www.doximity.com/pub/alyssa-feiner-md
Alyssa Findley, MD https://www.doximity.com/pub/alyssa-findley-md
Alyssa Fischer, MD https://www.doximity.com/pub/alyssa-fischer-md
Alyssa Hoverson Schott, MD https://www.doximity.com/pub/alyssa-hoverson-schott-md
Alyssa Kim, MD https://www.doximity.com/pub/alyssa-kim-md
Alyssa Klein, MD https://www.doximity.com/pub/alyssa-klein-md
Alyssa Nash-Goelitz, MD https://www.doximity.com/pub/alyssa-nash-goelitz-md
Alyssa Quinn, MD https://www.doximity.com/pub/alyssa-quinn-do
Alyx Rosen, MD https://www.doximity.com/pub/alyx-rosen-md
Amal Hubail, MD https://www.doximity.com/pub/amal-hubail-md
Amalie Derdeyn, MD https://www.doximity.com/pub/amalie-derdeyn-md
Aman Nihal, MD https://www.doximity.com/pub/aman-nihal-md
Amanda Arreola, MD https://www.doximity.com/pub/amanda-arreola-md
Amanda Arrrola, MD https://www.doximity.com/pub/amanda-arrrola-md
Amanda Auerbach, MD https://www.doximity.com/pub/amanda-auerbach-md
Amanda Auerbach, MD https://www.doximity.com/pub/amanda-auerbach-md-bba34537
Amanda Beehler, MD https://www.doximity.com/pub/amanda-beehler-do
Amanda Bienenfeld, MD https://www.doximity.com/pub/amanda-bienenfeld-md
Amanda Carpenter, MD https://www.doximity.com/pub/amanda-carpenter-md
Amanda Cooper, MD https://www.doximity.com/pub/amanda-cooper-md-286ad7dc
Amanda Cyrulnik, MD https://www.doximity.com/pub/amanda-cyrulnik-md
Amanda Daggett, MD https://www.doximity.com/pub/amanda-daggett-md
Amanda Derwae, MD https://www.doximity.com/pub/amanda-derwae-md
Amanda Doyle, MD https://www.doximity.com/pub/amanda-doyle-md
Amanda Ederle, MD https://www.doximity.com/pub/amanda-ederle-md-fa85510c
Amanda Friedrichs, MD https://www.doximity.com/pub/amanda-friedrichs-md
Amanda Harper, MD https://www.doximity.com/pub/amanda-harper-md
Amanda Harpring, MD https://www.doximity.com/pub/amanda-harpring-md
Amanda Hassler, MD https://www.doximity.com/pub/amanda-hassler-md
Amanda Hill, MD https://www.doximity.com/pub/amanda-hill-md-e3943c3b
Amanda Howland, MD https://www.doximity.com/pub/amanda-howland-md
Amanda Johns, MD https://www.doximity.com/pub/amanda-johns-do
Amanda Johns, MD https://www.doximity.com/pub/amanda-johns-do-20b0ce98
Amanda Johnson, MD https://www.doximity.com/pub/amanda-johnson-md-48bda0f8
Amanda Krenitsky, MD https://www.doximity.com/pub/amanda-krenitsky-md
Amanda Lareau, MD https://www.doximity.com/pub/amanda-lareau-md
Amanda Levine, MD https://www.doximity.com/pub/amanda-levine-md-e4d83303
Amanda Lezanski-Gujda, MD https://www.doximity.com/pub/amanda-lezanski-gujda-do
Amanda Lloyd, MD https://www.doximity.com/pub/amanda-lloyd-md-b9d4e785
Amanda Marsch, MD https://www.doximity.com/pub/amanda-marsch-md
Amanda Moon, MD https://www.doximity.com/pub/amanda-moon-md
Amanda Nahhas, MD https://www.doximity.com/pub/amanda-nahhas-do
Amanda Onalaja, MD https://www.doximity.com/pub/amanda-onalaja-md
Amanda Pickert, MD https://www.doximity.com/pub/amanda-pickert-md
Amanda Rainwater, MD https://www.doximity.com/pub/amanda-rainwater-md-ad924a05
Amanda Rosenthal, MD https://www.doximity.com/pub/amanda-rosenthal-md
Amanda Schmitt, MD https://www.doximity.com/pub/amanda-schmitt-md
Amanda Sergay, MD https://www.doximity.com/pub/amanda-sergay-md
Amanda Tauscher, MD https://www.doximity.com/pub/amanda-tauscher-md
Amanda Truong, MD https://www.doximity.com/pub/amanda-truong-md
Amanda Tschetter, MD https://www.doximity.com/pub/amanda-tschetter-md
Amanda Twigg, MD https://www.doximity.com/pub/amanda-twigg-md
Amanda Weissman, MD https://www.doximity.com/pub/amanda-weissman-md-6d9a510f
Amanda Wendel, MD https://www.doximity.com/pub/amanda-wendel-md
Amanda Wolthoff, MD https://www.doximity.com/pub/amanda-wolthoff-md
Amanda Zubek, MD https://www.doximity.com/pub/amanda-zubek-md
Amandeep Sandhu, MD https://www.doximity.com/pub/amandeep-sandhu-md-657b2c08
Amani Maguid, MD https://www.doximity.com/pub/amani-maguid-md
Amanzoopinder Samrao, MD https://www.doximity.com/pub/amanzoopinder-samrao-md
Amar Desai, MD https://www.doximity.com/pub/amar-desai-md-1c0297c7
Amara Sayed, MD https://www.doximity.com/pub/amara-sayed-do
Amarachi Eseonu, MD https://www.doximity.com/pub/amarachi-eseonu-md
Amaraoma Ugoji, MD https://www.doximity.com/pub/amaraoma-ugoji-md-38a8ce38
Amaris Geisler, MD https://www.doximity.com/pub/amaris-geisler-md
Amarpaul Sidhu, MD https://www.doximity.com/pub/amarpaul-sidhu-md
Amber Blair, MD https://www.doximity.com/pub/amber-blair-md
Amber Fowler, MD https://www.doximity.com/pub/amber-fowler-md
Amber Fresco, MD https://www.doximity.com/pub/amber-fresco-md
Amber Gill, MD https://www.doximity.com/pub/amber-gill-md
Amber Jimenez, MD https://www.doximity.com/pub/amber-jimenez-md
Amber Kyle, MD https://www.doximity.com/pub/amber-kyle-md
Amber Mcmillin, MD https://www.doximity.com/pub/amber-mcmillin-md
Amber Robbins, MD https://www.doximity.com/pub/amber-robbins-md
Amber Stevenson, MD https://www.doximity.com/pub/amber-stevenson-md
Amelia Damse, MD https://www.doximity.com/pub/amelia-damse-do
Amelia Hausauer, MD https://www.doximity.com/pub/amelia-hausauer-md
Amelia Kaymen, MD https://www.doximity.com/pub/amelia-kaymen-md
Amena Alkeswani, MD https://www.doximity.com/pub/amena-alkeswani-md
Amena DeLuca, MD https://www.doximity.com/pub/amena-deluca-md
Amer Kalaaji, MD https://www.doximity.com/pub/amer-kalaaji-md
America Seach, MD https://www.doximity.com/pub/america-seach-md
Ami Greene, MD https://www.doximity.com/pub/ami-greene-md
Amie Sessa, MD https://www.doximity.com/pub/amie-sessa-md
Amie Shannon, MD https://www.doximity.com/pub/amie-shannon-md-b2ebba37
Amilcar Rizzo, MD https://www.doximity.com/pub/amilcar-rizzo-md
Amilcar Rodriguez Melendez, MD https://www.doximity.com/pub/amilcar-rodriguez-melendez-md
Amin Esfahani, MD https://www.doximity.com/pub/amin-esfahani-md
Amin Fazeli, MD https://www.doximity.com/pub/amin-fazeli-md
Amina Bougrine, MD https://www.doximity.com/pub/amina-bougrine-md
Amir Aboutalebi, MD https://www.doximity.com/pub/amir-aboutalebi-md
Amir Al-Dabagh, MD https://www.doximity.com/pub/amir-al-dabagh-md
Amir Bajoghli, MD https://www.doximity.com/pub/amir-bajoghli-md
Amir Horev, MD https://www.doximity.com/pub/amir-horev-md
Amir Larian, MD https://www.doximity.com/pub/amir-larian-md
Amir Zahir, MD https://www.doximity.com/pub/amir-zahir-md
Amit Garg, MD https://www.doximity.com/pub/amit-garg-md-ac7432dd
Amit Mittal, MD https://www.doximity.com/pub/amit-mittal-md-11ab247e
Amit Mittal, MD https://www.doximity.com/pub/amit-mittal-md-ee4923c9
Amit Om, MD https://www.doximity.com/pub/amit-om-md
Amit Pandya, MD https://www.doximity.com/pub/amit-pandya-md
Amit Sharma, MD https://www.doximity.com/pub/amit-sharma-do-2f40af45
Amit Sharma, MD https://www.doximity.com/pub/amit-sharma-md-2e1b8e10
Ammar Ahmed, MD https://www.doximity.com/pub/ammar-ahmed-md
Amor Khachemoune, MD https://www.doximity.com/pub/amor-khachemoune-md
Amr Agha, MD https://www.doximity.com/pub/amr-agha-md
Amreen Sitabkhan, MD https://www.doximity.com/pub/amreen-sitabkhan-md
Amrit Khalsa, MD https://www.doximity.com/pub/amrit-khalsa-md-b838
Amrita Arora, MD https://www.doximity.com/pub/amrita-arora-md
Amrita Goyal, MD https://www.doximity.com/pub/amrita-goyal-md
Amy Adams, MD https://www.doximity.com/pub/amy-adams-do
Amy Adams, MD https://www.doximity.com/pub/amy-adams-md-e9ce1b31
Amy Ananth, MD https://www.doximity.com/pub/amy-ananth-md
Amy Basile, MD https://www.doximity.com/pub/amy-basile-do
Amy Batterman, MD https://www.doximity.com/pub/amy-batterman-md
Amy Bieber, MD https://www.doximity.com/pub/amy-bieber-md
Amy Blake, MD https://www.doximity.com/pub/amy-blake-md-29b635cc
Amy Brackeen, MD https://www.doximity.com/pub/amy-brackeen-md
Amy Brodsky, MD https://www.doximity.com/pub/amy-brodsky-md
Amy Bumgardner, MD https://www.doximity.com/pub/amy-bumgardner-md
Amy Cardellio, MD https://www.doximity.com/pub/amy-cardellio-do
Amy Chang, MD https://www.doximity.com/pub/amy-chang-md-7975e671
Amy Chen, MD https://www.doximity.com/pub/amy-chen-md-4c56e0cd
Amy Chen, MD https://www.doximity.com/pub/amy-chen-md-f422c179
Amy Cheng, MD https://www.doximity.com/pub/amy-cheng-md
Amy Cole, MD https://www.doximity.com/pub/amy-cole-md
Amy Curtis, MD https://www.doximity.com/pub/amy-curtis-md-f0fcf629
Amy Delaney, MD https://www.doximity.com/pub/amy-delaney-md
Amy DeVore, MD https://www.doximity.com/pub/amy-devore-md
Amy Drumheller, MD https://www.doximity.com/pub/amy-drumheller-md
Amy Farmer, MD https://www.doximity.com/pub/amy-farmer-md
Amy Flischel, MD https://www.doximity.com/pub/amy-flischel-md
Amy Forrestel, MD https://www.doximity.com/pub/amy-forrestel-md
Amy Fox, MD https://www.doximity.com/pub/amy-fox-md-1276a166
Amy Frankel, MD https://www.doximity.com/pub/amy-frankel-md
Amy Freeman, MD https://www.doximity.com/pub/amy-freeman-md
Amy Gagnon, MD https://www.doximity.com/pub/amy-gagnon-md-9afc97fb
Amy Garcia, MD https://www.doximity.com/pub/amy-garcia-md-e780003a
Amy Geng, MD https://www.doximity.com/pub/amy-geng-md
Amy Gilliam, MD https://www.doximity.com/pub/amy-gilliam-md
Amy Goldstein, MD https://www.doximity.com/pub/amy-goldstein-do
Amy Gosnell, MD https://www.doximity.com/pub/amy-gosnell-md
Amy Han, MD https://www.doximity.com/pub/amy-han-md
Amy Harned, MD https://www.doximity.com/pub/amy-harned-md
Amy Hopkins, MD https://www.doximity.com/pub/amy-hopkins-md-e9a381a8
Amy Huang, MD https://www.doximity.com/pub/amy-huang-md-2b8bbd73
Amy Huang, MD https://www.doximity.com/pub/amy-huang-md-a476625e
Amy Huber, MD https://www.doximity.com/pub/amy-huber-md
Amy Jan, MD https://www.doximity.com/pub/amy-jan-md
Amy Jordan, MD https://www.doximity.com/pub/amy-jordan-md
Amy Kassouf, MD https://www.doximity.com/pub/amy-kassouf-md
Amy Kim, MD https://www.doximity.com/pub/amy-kim-md
Amy Kobalter, MD https://www.doximity.com/pub/amy-kobalter-md
Amy Koff, MD https://www.doximity.com/pub/amy-koff-md
Amy Leib, MD https://www.doximity.com/pub/amy-leib-md
Amy Lewis, MD https://www.doximity.com/pub/amy-lewis-md
Amy Litchfield, MD https://www.doximity.com/pub/amy-litchfield-md
Amy Mason, MD https://www.doximity.com/pub/amy-mason-md-12639580
Amy McClung, MD https://www.doximity.com/pub/amy-mcclung-md
Amy McMichael, MD https://www.doximity.com/pub/amy-mcmichael-md
Amy Morris, MD https://www.doximity.com/pub/amy-morris-md
Amy Musiek, MD https://www.doximity.com/pub/amy-musiek-md
Amy Newburger, MD https://www.doximity.com/pub/amy-newburger-md
Amy Newburget, MD https://www.doximity.com/pub/amy-newburget-md
Amy Nguyen, MD https://www.doximity.com/pub/amy-nguyen-md
Amy Nopper, MD https://www.doximity.com/pub/amy-nopper-md
Amy Norton, MD https://www.doximity.com/pub/amy-norton-md
Amy Orsini, MD https://www.doximity.com/pub/amy-orsini-md
Amy Paller, MD https://www.doximity.com/pub/amy-paller-md
Amy Pappert, MD https://www.doximity.com/pub/amy-pappert-md
Amy Payne, MD https://www.doximity.com/pub/amy-payne-md
Amy Perlmutter, MD https://www.doximity.com/pub/amy-perlmutter-md
Amy Polster, MD https://www.doximity.com/pub/amy-polster-md
Amy Prakash, MD https://www.doximity.com/pub/amy-prakash-md
Amy Ramser, MD https://www.doximity.com/pub/amy-ramser-md
Amy Reinstadler, MD https://www.doximity.com/pub/amy-reinstadler-md
Amy Reisenauer, MD https://www.doximity.com/pub/amy-reisenauer-md
Amy Ross, MD https://www.doximity.com/pub/amy-ross-md
Amy Schutte, MD https://www.doximity.com/pub/amy-schutte-md
Amy Slear, MD https://www.doximity.com/pub/amy-slear-md
Amy Spizuoco, MD https://www.doximity.com/pub/amy-spizuoco-do
Amy Steinberg, MD https://www.doximity.com/pub/amy-steinberg-md
Amy Stevens, MD https://www.doximity.com/pub/amy-stevens-md-1dd3e0ae
Amy Strikwerda, MD https://www.doximity.com/pub/amy-strikwerda-md
Amy Taub, MD https://www.doximity.com/pub/amy-taub-md
Amy Theos, MD https://www.doximity.com/pub/amy-theos-md
Amy Thorne, MD https://www.doximity.com/pub/amy-thorne-do
Amy Valet, MD https://www.doximity.com/pub/amy-valet-md
Amy Vandiver, MD https://www.doximity.com/pub/amy-vandiver-md
Amy Vaughan, MD https://www.doximity.com/pub/amy-vaughan-md
Amy Watson, MD https://www.doximity.com/pub/amy-watson-md-9131
Amy Wechsler, MD https://www.doximity.com/pub/amy-wechsler-md
Amy Weiss, MD https://www.doximity.com/pub/amy-weiss-md-772fa9a8
Amy Wentland, MD https://www.doximity.com/pub/amy-wentland-md
Amy Witt, MD https://www.doximity.com/pub/amy-witt-md
Amy Wood, MD https://www.doximity.com/pub/amy-wood-md
Amy Xu, MD https://www.doximity.com/pub/amy-xu-md-87da
Amy Zavell, MD https://www.doximity.com/pub/amy-zavell-md
Amylynne Frankel, MD https://www.doximity.com/pub/amylynne-frankel-md
An Tranvan, MD https://www.doximity.com/pub/an-tranvan-md
An-Wen Chan, MD https://www.doximity.com/pub/an-wen-chan-md
An Yen, MD https://www.doximity.com/pub/an-yen-md
Ana Benitez-Graham, MD https://www.doximity.com/pub/ana-benitez-graham-md
Ana Busquets, MD https://www.doximity.com/pub/ana-busquets-md
