Adam Ackerman, MD https://www.doximity.com/cv/adam-ackerman-md-e6ac3461
Adrienne Bruce, MD https://www.doximity.com/cv/adrienne-bruce-md
Andres Felipe Sanchez, MD https://www.doximity.com/cv/afelsanchez
Ahsan Khan, MD https://www.doximity.com/cv/ahsanrkhanmd
Adrien Kant, MD https://www.doximity.com/cv/ajkant
Arielle Perez, MD https://www.doximity.com/cv/ajperezmdmph
Alan Thurman, MD https://www.doximity.com/cv/alan-thurman-md-a23e4a2f
Albert Luong, MD https://www.doximity.com/cv/albert-luong-md-13b2181e
Albert Milford, MD https://www.doximity.com/cv/albert-milford-iii-do-1
Alejandra Casar Berazaluce, MD https://www.doximity.com/cv/alejandracasar
M. Alex Guerrero, MD https://www.doximity.com/cv/alex-guerrero
Alexander Barkan, MD https://www.doximity.com/cv/alexander-barkan-md-1
Alexander Friedman, MD https://www.doximity.com/cv/alexander-friedman-do-20faa3c6
Alexander Ramirez Valderrama, MD https://www.doximity.com/cv/alexander-ramirez-valderrama-md-1
Alexander Vu, MD https://www.doximity.com/cv/alexandervumd
Ali Abbasi, MD https://www.doximity.com/cv/ali-abbasi-md
Ali Elhorr, MD https://www.doximity.com/cv/ali-elhorr-md-1
Allen Yu, MD https://www.doximity.com/cv/allen-yu-md-phd
Allison Barrett, MD https://www.doximity.com/cv/allisonbarrett
Allyson Jacobson, MD https://www.doximity.com/cv/allyson-jacobson-md-1
Alyson Crawford, MD https://www.doximity.com/cv/alyson-crawford
Amanda Kohlbrenner, MD https://www.doximity.com/cv/amanda-kohlbrenner-md
Amanda Morehouse, MD https://www.doximity.com/cv/amanda-morehouse-md-1
Amanda Parker, MD https://www.doximity.com/cv/amanda-parker-md-1
Amani Raheel, MD https://www.doximity.com/cv/amaniraheel-md
Amit Parikh, MD https://www.doximity.com/cv/amit
Ammr Al-houssan, MD https://www.doximity.com/cv/ammralhoussan
Amy Braddock, MD https://www.doximity.com/cv/amy-braddock-md-1
Amy Polverini, MD https://www.doximity.com/cv/amy-caton-polverini-md
Amy Rezak Alger, MD https://www.doximity.com/cv/amy-rezak-alger-md
Andrea Metkus, MD https://www.doximity.com/cv/andrea-metkus-md-1
Andrei Gritsiuta, MD https://www.doximity.com/cv/andreigritsiuta
Andrew Resnick, MD https://www.doximity.com/cv/andrew-resnick-md-1
Andrew Shapiro, MD https://www.doximity.com/cv/andrew-shapiro-md-3
Andrew Hu, MD https://www.doximity.com/cv/andrewhumd
Andy Chen, MD https://www.doximity.com/cv/andy-chen
Anees Chagpar, MD https://www.doximity.com/cv/anees-chagpar-md-1
Angel Caban, MD https://www.doximity.com/cv/angel-caban-md-1
Angie Sassard, MD https://www.doximity.com/cv/angie-sassard-md-1
Anhtai Nguyen, MD https://www.doximity.com/cv/anhtai-nguyen-md-1
Anirudh Kohli, MD https://www.doximity.com/cv/anirudh-kohli-md-slash-1
Anita Johnson, MD https://www.doximity.com/cv/anita-johnson-md-slash-1
Anthony Antonacci, MD https://www.doximity.com/cv/anthony-antonacci-md-1
Anthony Joseph, MD https://www.doximity.com/cv/anthony-joseph-md-slash-5
Aru Panwar, MD https://www.doximity.com/cv/aru-panwar-md-4
Audrey Dudzik, MD https://www.doximity.com/cv/audreydudzik
Aurora Pryor, MD https://www.doximity.com/cv/aurora-pryor-md-6bf4f201
Avi Bhavaraju, MD https://www.doximity.com/cv/avi-bhavaraju-md
Aziz Merchant, MD https://www.doximity.com/cv/aziz-merchant-md-1
Barbara Wilson, MD https://www.doximity.com/cv/barbara-wilson-md-slash-hand
Bardia Anvar, MD https://www.doximity.com/cv/bardia-anvar-md-3
Lutfi Barghuthi, MD https://www.doximity.com/cv/barghuthimd
Bernardo Diaz, MD https://www.doximity.com/cv/bdiaz008
Begum Akay, MD https://www.doximity.com/cv/begum-akay-md-2
Ben Gerber, MD https://www.doximity.com/cv/ben-gerber-md-b4d54819
Benjamin Wei, MD https://www.doximity.com/cv/benjaminwei
Bettina Nazemi, MD https://www.doximity.com/cv/bettina-nazemi-md-1
Bhavin Shah, MD https://www.doximity.com/cv/bhavin-shah-md-1
Bobby Sahil Gambhir, MD https://www.doximity.com/cv/bobby-sahil-gambhir-md
Bracken Armstrong, MD https://www.doximity.com/cv/bracken-armstrong-md-slash-2
Bradley Reames, MD https://www.doximity.com/cv/bradley-reames-md-1
Brandon Lynch, MD https://www.doximity.com/cv/brandon-lynch-md
Brandt Whitehurst, MD https://www.doximity.com/cv/brandt-whitehurst-md-slash-1
Bret Cardwell, MD https://www.doximity.com/cv/bret-cardwell-md-1
Brett Parker, MD https://www.doximity.com/cv/brett-c-parker-md
Brian Kadera, MD https://www.doximity.com/cv/brian-kadera
Brian Leininger, MD https://www.doximity.com/cv/brian-leininger-md-1
Brian Saunders, MD https://www.doximity.com/cv/brian-saunders-md-slash-1
Bridget M. Brady, MD https://www.doximity.com/cv/bridget-brady-md-1
Brielle Ochoa, MD https://www.doximity.com/cv/brielle-ochoa-md
Bruno Molino, MD https://www.doximity.com/cv/bruno-molino-md-2
Brynn Wolff, MD https://www.doximity.com/cv/brynn-wolff-md-2
Burcin Taner, MD https://www.doximity.com/cv/burcin-taner-md-1
Byers Shaw, MD https://www.doximity.com/cv/byers-shaw-md-2
Cara Govednik, MD https://www.doximity.com/cv/cara-govednik-horny-md-1
Carl Johnson, MD https://www.doximity.com/cv/carl-johnson-md-6944f038
Carl Weiss, MD https://www.doximity.com/cv/carl-weiss-md-slash-4
Carlos Corvera, MD https://www.doximity.com/cv/carlos-corvera-md-1
Carlos O. Esquivel, MD https://www.doximity.com/cv/carlos-esquivel-md-slash-1
Caroline Kim-Kiselak, MD https://www.doximity.com/cv/caroline-kim-md-9a89b987
Caroline Maloney, MD https://www.doximity.com/cv/caroline-maloney-md-1
Caroline Park, MD https://www.doximity.com/cv/caroline-park-md-mph
Cassandra Reynolds, MD https://www.doximity.com/cv/cassandra-reynolds-md
Catherine Fonash, MD https://www.doximity.com/cv/catherine-fonash-md-1
Catherine Jensen, MD https://www.doximity.com/cv/catherine-jensen-md
Charles Callery, MD https://www.doximity.com/cv/charles-callery-md-1
Charles Cox, MD https://www.doximity.com/cv/charles-cox-md-slash-3
Charles Hanf, MD https://www.doximity.com/cv/charles-hanf-md-2
Charles Hartin, MD https://www.doximity.com/cv/charles-hartin-md-1
Charles Jordan, MD https://www.doximity.com/cv/charles-jordan-md-slash-5
Charles Marriott, MD https://www.doximity.com/cv/charles-marriott-md-a2d4bacd
Charles Paidas, MD https://www.doximity.com/cv/charles-paidas-md-slash-1
Charles Rosen, MD https://www.doximity.com/cv/charles-rosen-md-slash-1
Charles Wilson, MD https://www.doximity.com/cv/charles-wilson-md-slash-13
Charles Wong, MD https://www.doximity.com/cv/charles-wong-handsurgery
Chi Chung, MD https://www.doximity.com/cv/chi-chung-md-6
Chi Zhang, MD https://www.doximity.com/cv/chi-zhang-md-slash-1
Christian Jones, MD https://www.doximity.com/cv/christianjonesmd-3
Christina Dial, MD https://www.doximity.com/cv/christina-dial-do-5
Christina Li, MD https://www.doximity.com/cv/christina-li-md-2
Christopher Aldridge, MD https://www.doximity.com/cv/christopher-aldridge-md-1
Christopher Cooper, MD https://www.doximity.com/cv/christopher-cooper-md-slash-6
Christopher LaChapelle, MD https://www.doximity.com/cv/christopher-lachapelle-md
Christopher Myers, MD https://www.doximity.com/cv/christopher-myers-do
Christopher Taglia, MD https://www.doximity.com/cv/christopher-taglia-md-2
Sandra Marrero Ortiz, MD https://www.doximity.com/cv/cirujanadesenos-com
Clayton Petro, MD https://www.doximity.com/cv/clayton-petro-md-8f3c6b17
Colleen O'Kelly Priddy, MD https://www.doximity.com/cv/cokellypriddymd
Constantine Frantzides, MD https://www.doximity.com/cv/constantine-frantzides-md-2
Corinna J. Crayton, MD https://www.doximity.com/cv/corinna-j-crayton-md
Cynthia Paciulli, MD https://www.doximity.com/cv/cpaciullimd
Craig Cole, MD https://www.doximity.com/cv/craig-cole-md-db596e1b
Craig Henson, MD https://www.doximity.com/cv/craig-henson-md
Cristen Laird, MD https://www.doximity.com/cv/cristen-laird-do
Cuthbert Simpkins, MD https://www.doximity.com/cv/cuthbert-simpkins-md-slash-4
Brandon Williams, MD https://www.doximity.com/cv/d-brandon-williams-md
D Millar, MD https://www.doximity.com/cv/d-millar-md-1
Damian Lebamoff, MD https://www.doximity.com/cv/damian-lebamoff-md-1
Damien Carter, MD https://www.doximity.com/cv/damien-carter-md-3
Dan Reiner, MD https://www.doximity.com/cv/dan-reiner-md-1
Daniel Congreve, MD https://www.doximity.com/cv/daniel-congreve-md-3
Daniel Kim, MD https://www.doximity.com/cv/daniel-e-kim-md
Daniel McLaughlin, MD https://www.doximity.com/cv/daniel-f-mclaughlin-md
Daniel Herron, MD https://www.doximity.com/cv/daniel-herron-md-slash-2
Daniel Reichenbach, MD https://www.doximity.com/cv/daniel-reichenbach-md-1
Daniel Scoppetta, MD https://www.doximity.com/cv/daniel-scoppetta-md-1
Daniel Hubbs, MD https://www.doximity.com/cv/danielhubbs
Danny Yakoub, MD https://www.doximity.com/cv/danny-yakoub-md-1
Darcey Sneddon, MD https://www.doximity.com/cv/darcey-sneddon-rn
Darren Malinoski, MD https://www.doximity.com/cv/darren-malinoski-md-1
Darryl Hiyama, MD https://www.doximity.com/cv/darryl-hiyama-md-4
David Cole, MD https://www.doximity.com/cv/david-cole-md-slash-2
David Crawford, MD https://www.doximity.com/cv/david-crawford-md-slash-1
David Donahue, MD https://www.doximity.com/cv/david-donahue-do-slash-1
David Friedman, MD https://www.doximity.com/cv/david-friedman-md-57e89a83
David Geller, MD https://www.doximity.com/cv/david-geller-md-slash-4
David Herf, MD https://www.doximity.com/cv/david-herf-md-2
David Kloss, MD https://www.doximity.com/cv/david-kloss-md-slash-1
David Lauter, MD https://www.doximity.com/cv/david-lauter-md-1
David Luyimbazi, MD https://www.doximity.com/cv/david-luyimbazi-md-slash-1
David Matteson, MD https://www.doximity.com/cv/david-matteson-md-2
David Nguyen, MD https://www.doximity.com/cv/david-nguyen-md-slash-10
David Soybel, MD https://www.doximity.com/cv/david-soybel-md-2
David Henry, MD https://www.doximity.com/cv/davidhenry
David Kashmer, MD https://www.doximity.com/cv/davidkashmer
David Kwon, MD https://www.doximity.com/cv/davidkwonmd
David Morrell, MD https://www.doximity.com/cv/davidmorrell
Dawn Elfenbein, MD https://www.doximity.com/cv/dawn-elfenbein-md
Dean Kim, MD https://www.doximity.com/cv/dean-kim-md-slash-1
Dean Worthingstun, MD https://www.doximity.com/cv/dean-worthingstun-do-1
