A Albala, MD https://www.doximity.com/cv/a-albala-md-1
Alberto Yataco, MD https://www.doximity.com/cv/alberto-yataco-md/1
Alejandro Mendoza, MD https://www.doximity.com/cv/alejandro-mendoza-md-4
Alex Sanchez, MD https://www.doximity.com/cv/alex-sanchez-md-slash-2
Alfred Salas, MD https://www.doximity.com/cv/alfred-salas-md-1
Alice Lively Hamill, MD https://www.doximity.com/cv/alice-lively-do-1
Alvin Lin, MD https://www.doximity.com/cv/alvinblin
Andrea Parmelee, MD https://www.doximity.com/cv/andrea-parmelee-md-1
Ariela Orkaby, MD https://www.doximity.com/cv/ariela-orkaby-md-41d19d37
Assadullah Kazemi, MD https://www.doximity.com/cv/assad-kazemi-md
Benjamin Epstein, MD https://www.doximity.com/cv/benjamin-epstein-md-slash-1
Betsy Yang, MD https://www.doximity.com/cv/betsy-yang-md
Robert Kruger, MD https://www.doximity.com/cv/bobkrugermd
Christine Khandelwal, MD https://www.doximity.com/cv/christine-khandelwal-md-1
Craig Curry, MD https://www.doximity.com/cv/craig-curry-md-2
Crystal Watkins, MD https://www.doximity.com/cv/crystal-watkins-md-1
Daniel Bluestein, MD https://www.doximity.com/cv/daniel-bluestein-md-1
Daniel Kwon, MD https://www.doximity.com/cv/danielkwon
Dennis Watson, MD https://www.doximity.com/cv/dennis-watson-do-1
Kalai Parthiban, MD https://www.doximity.com/cv/dr-kalai-md
Edward Lefeber, MD https://www.doximity.com/cv/edward-lefeber-md-5
Eric Troyer, MD https://www.doximity.com/cv/eric-troyer-md
Eric Yee, MD https://www.doximity.com/cv/eric-yee-md-4
Fade Mahmoud, MD https://www.doximity.com/cv/fade-mahmoud-md-1
Gary Oberlender, MD https://www.doximity.com/cv/gary-oberlender-md-1
Gerardo Minsal, MD https://www.doximity.com/cv/gerardo-minsal-md-1
Gowrishankar Gnanasekaran, MD https://www.doximity.com/cv/gowrishankar-gnanasekaran-md-1
Hamayun Nawaz, MD https://www.doximity.com/cv/hamayun-nawaz-md-1
Heather Hopkins Gil, MD https://www.doximity.com/cv/heather-hopkins-gil-md-1
Helen Chen, MD https://www.doximity.com/cv/helen-chen-md-slash-2
Ifeyinwa Okonkwo, MD https://www.doximity.com/cv/ifeyinwa-okonkwo-md-1
James Mayo, MD https://www.doximity.com/cv/james-mayo-md-8593d7a9
Jane Kim, MD https://www.doximity.com/cv/janeskim
Jibrail Kasperkhan, MD https://www.doximity.com/cv/jibrail-kasperkhan-md-7
JJ Hernandez, MD https://www.doximity.com/cv/jj-hernandez-do-2
John Bezirganian, MD https://www.doximity.com/cv/john-bezirganian-md-1
John Butler, MD https://www.doximity.com/cv/john-butler-md-slash-6
John Yindra, MD https://www.doximity.com/cv/john-yindra-md-1
Jong Kim, MD https://www.doximity.com/cv/jong-kim-md-75e7
Jonny Macias Tejada, MD https://www.doximity.com/cv/jonny-macias-tejada-md-slash-1
Jose Bada, MD https://www.doximity.com/cv/jose-bada-md-1
Juan Solis, MD https://www.doximity.com/cv/juan-solis-md-1
Julie Gammack, MD https://www.doximity.com/cv/julie-gammack-md-1
Leticia Filip, MD https://www.doximity.com/cv/leticia-filip-md-1
Lynne Kirk, MD https://www.doximity.com/cv/lynne-kirk-md-1
Mamata Yanamadala, MD https://www.doximity.com/cv/mamata-yanamadala-md-1
Manoj Bhattarai, MD https://www.doximity.com/cv/manoj-bhattarai-md-slash-2
Maria D'Souza, MD https://www.doximity.com/cv/maria-dsouza-md-slash-1
Megha Patel, MD https://www.doximity.com/cv/megha-patel-md-phila
Mehran Khajavi, MD https://www.doximity.com/cv/mehran-dot-khajavi
Memona Tazamal, MD https://www.doximity.com/cv/memona-tazamal-md-1
Michelle Condon, MD https://www.doximity.com/cv/michelle-condon-md-1
Michelle Rullan Johnson, MD https://www.doximity.com/cv/michellerjohnsonmd-slash-2015
Nancy Kerner, MD https://www.doximity.com/cv/nancy-kerner-md-1
Neelesh Nadkarni, MD https://www.doximity.com/cv/neelesh-nadkarni-md-1
Nery Diaz, MD https://www.doximity.com/cv/nery-diaz-do-slash-1
Nick Shannon, MD https://www.doximity.com/cv/nick-shannon-md-facsg
Noami Chaudhary, MD https://www.doximity.com/cv/noami-chaudhary-md-slash-1
Nurul Chowdhury, MD https://www.doximity.com/cv/nurul-chowdhury-md-1
Obayedur Khan, MD https://www.doximity.com/cv/obayedur-khan-md-1
Paul Smith, MD https://www.doximity.com/cv/paul-smith-do-slash-5
Pei Chen, MD https://www.doximity.com/cv/pei-chen-md-slash-3
Purnima Sreenivasan, MD https://www.doximity.com/cv/purnima-sreenivasan-md-7a0c5be4
Radha Ramamrutham, MD https://www.doximity.com/cv/radha-ramamrutham-md-1
Raquel Jaatoul, MD https://www.doximity.com/cv/raquel-jaatoul-md-1
Robert Dicks, MD https://www.doximity.com/cv/robert-dicks-md-slash-1
Robert Stall, MD https://www.doximity.com/cv/robert-stall-md-2
Rogelio Cattan, MD https://www.doximity.com/cv/rogelio-cattan-md-2
Rolando Gomez, MD https://www.doximity.com/cv/rolando-gomez-md-c316
Ronan Factora, MD https://www.doximity.com/cv/ronan-factora-md-1
Royce Morrison, MD https://www.doximity.com/cv/royce-morrison-md-slash-1
Sai Atluri, MD https://www.doximity.com/cv/sai-atluri-md-4
Saleha Sajid, MD https://www.doximity.com/cv/saleha-sajid-md
Salman Khan, MD https://www.doximity.com/cv/salman-khan-md
San Wang, MD https://www.doximity.com/cv/san-wang-md-1
Santha Kurien, MD https://www.doximity.com/cv/santha-kurien-md-1
Sara Goldsberry, MD https://www.doximity.com/cv/sara-goldsberry-md-1
Sarah Howd, MD https://www.doximity.com/cv/sarah-howd-md-slash-1
Scott Kaiser, MD https://www.doximity.com/cv/scott-kaiser-md-slash-1
Shelley Stanton, MD https://www.doximity.com/cv/shelley-stanton-md-f4d364ea
Kambiz Soheili, MD https://www.doximity.com/cv/soheili
Stefan Gravenstein, MD https://www.doximity.com/cv/stefan-gravenstein-md-3
Stephen Rust, MD https://www.doximity.com/cv/stephen-rust-md-slash-1
Steven Counsell, MD https://www.doximity.com/cv/steven-counsell-md-slash-1
Sukhminder Sahansra, MD https://www.doximity.com/cv/sukhminder-sahansra-md-1
Suma Peter, MD https://www.doximity.com/cv/suma-peter-md-1
Susannah Ogunwo, MD https://www.doximity.com/cv/susannah-ogunwo-md-2
Swapna Chenna, MD https://www.doximity.com/cv/swapna-chenna-md-1
Theresa King, MD https://www.doximity.com/cv/theresa-king-md-1
Thomas Harris, MD https://www.doximity.com/cv/thomas-harris-md-slash-7
Thomas Perls, MD https://www.doximity.com/cv/thomas-perls-md-1
Timothy Corbett, MD https://www.doximity.com/cv/timothy-corbett-md-1
Timothy Corbett, MD https://www.doximity.com/cv/timothy-corbett-md-4ac57765
Todd James, MD https://www.doximity.com/cv/todd-james-md-1
Unnati Sampat, MD https://www.doximity.com/cv/unnati-sampat-md-1
Wael Haidar, MD https://www.doximity.com/cv/wael-haidar-md-2
Xian Li, MD https://www.doximity.com/cv/xian-li-md-4
Zerline Tiu Snyderman, MD https://www.doximity.com/cv/zerline-tiu-snyderman-md-1
1184F2029 matsuura, MD https://www.doximity.com/pub/1184f2029-matsuura-md
A Blair, MD https://www.doximity.com/pub/a-blair-md
A. Ricard, MD https://www.doximity.com/pub/a-ricard-md
A Scott Winter, MD https://www.doximity.com/pub/a-scott-winter-md
Aaditya Singhal, MD https://www.doximity.com/pub/aaditya-singhal-md
Aafia Azhar, MD https://www.doximity.com/pub/aafia-azhar-md
Aaliya Amer, MD https://www.doximity.com/pub/aaliya-amer-md
Aamina Shahid, MD https://www.doximity.com/pub/aamina-shahid-md-2ce7ef68
Aanand Naik, MD https://www.doximity.com/pub/aanand-naik-md
Aanuoluwa Abiola, MD https://www.doximity.com/pub/aanuoluwa-abiola-md
Aaron Brodsky, MD https://www.doximity.com/pub/aaron-brodsky-md
Aaron Goldberg, MD https://www.doximity.com/pub/aaron-goldberg-md-d4ede41d
Aaron Van Wright, MD https://www.doximity.com/pub/aaron-van-wright-md
Aarthi Anand, MD https://www.doximity.com/pub/aarthi-anand-md
Abayomi Jaji, MD https://www.doximity.com/pub/abayomi-jaji-md
Abayomi Osunkoya, MD https://www.doximity.com/pub/abayomi-osunkoya-md
Abayomi Osunkoya, MD https://www.doximity.com/pub/abayomi-osunkoya-md-200bb621
Abbas Chehab, MD https://www.doximity.com/pub/abbas-chehab-md-dfa3461d
Abbas Sedaghat, MD https://www.doximity.com/pub/abbas-sedaghat-md
Abd Assalam Qannus, MD https://www.doximity.com/pub/abd-assalam-qannus-md
Abdali Jan, MD https://www.doximity.com/pub/abdali-jan-md
Abdolhakim Niazi-Sai, MD https://www.doximity.com/pub/abdolhakim-niazi-sai-md
Abdolreza Ghazinouri, MD https://www.doximity.com/pub/abdolreza-ghazinouri-md
Abdu Kadri, MD https://www.doximity.com/pub/abdu-kadri-md
Abdulateef Kareem, MD https://www.doximity.com/pub/abdulateef-kareem-md
Abdulla Hafeez, MD https://www.doximity.com/pub/abdulla-hafeez-md
Abdullah Raffee, MD https://www.doximity.com/pub/abdullah-raffee-md
Abdulrahman Khaledy Sultan, MD https://www.doximity.com/pub/abdulrahman-khaledy-sultan-md
Abdulraouf Ghandour, MD https://www.doximity.com/pub/abdulraouf-ghandour-md
Abelardo Cruz, MD https://www.doximity.com/pub/abelardo-cruz-md
Abhay Kemkar, MD https://www.doximity.com/pub/abhay-kemkar-md
Abhijeet Patil, MD https://www.doximity.com/pub/abhijeet-patil-md
Abhijit Chatterjee, MD https://www.doximity.com/pub/abhijit-chatterjee-md
Abhijit Kanthala, MD https://www.doximity.com/pub/abhijit-kanthala-md
Abhilasha Singh, MD https://www.doximity.com/pub/abhilasha-singh-md
Abhinav Sinha, MD https://www.doximity.com/pub/abhinav-sinha-md
Abid Iraqi, MD https://www.doximity.com/pub/abid-iraqi-md
Abigail Crisostomo, MD https://www.doximity.com/pub/abigail-crisostomo-md
Abigail Holley, MD https://www.doximity.com/pub/abigail-holley-md
Abigail Houts, MD https://www.doximity.com/pub/abigail-houts-md
Abigail Lomarda, MD https://www.doximity.com/pub/abigail-lomarda-md
Abigail Rayner, MD https://www.doximity.com/pub/abigail-rayner-md
Abimbola Awodipe, MD https://www.doximity.com/pub/abimbola-awodipe-md
Abimbula Akomolafe, MD https://www.doximity.com/pub/abimbula-akomolafe-md
Abir Abdo, MD https://www.doximity.com/pub/abir-abdo-md-bf93ac9d
Abisola Mesioye, MD https://www.doximity.com/pub/abisola-mesioye-md
Aboo Nasar, MD https://www.doximity.com/pub/aboo-nasar-md
Abosede Akintan, MD https://www.doximity.com/pub/abosede-akintan-md
Abraham Barake, MD https://www.doximity.com/pub/abraham-barake-md
Abraham Joseph, MD https://www.doximity.com/pub/abraham-joseph-md-0d81
Abraham Oyewo, MD https://www.doximity.com/pub/abraham-oyewo-md
Abraham Teklu, MD https://www.doximity.com/pub/abraham-teklu-md
Abu Taher Siddiqui, MD https://www.doximity.com/pub/abu-taher-siddiqui-md
Abubakari Welle, MD https://www.doximity.com/pub/abubakari-welle-md
Abuzafar Osman, MD https://www.doximity.com/pub/abuzafar-osman-md
Achamma Itticheria, MD https://www.doximity.com/pub/achamma-itticheria-md-a4043908
Adaeze Udezue, MD https://www.doximity.com/pub/adaeze-udezue-md
Adam Burrows, MD https://www.doximity.com/pub/adam-burrows-md
Adam Cohen, MD https://www.doximity.com/pub/adam-cohen-md-f4c99548
Adam Golden, MD https://www.doximity.com/pub/adam-golden-md
Adam Karp, MD https://www.doximity.com/pub/adam-karp-md
Adam Kipp, MD https://www.doximity.com/pub/adam-kipp-md
Adam Kipp, MD https://www.doximity.com/pub/adam-kipp-md-499afa6d
Adam Mirot, MD https://www.doximity.com/pub/adam-mirot-md
Adam Rhodes, MD https://www.doximity.com/pub/adam-rhodes-do
Adaobi Udokwu, MD https://www.doximity.com/pub/adaobi-udokwu-md
Adaora Okoli-Umeweni, MD https://www.doximity.com/pub/adaora-okoli-umeweni-md
Addisu Temesgen, MD https://www.doximity.com/pub/addisu-temesgen-md
Adebukola Taiwo, MD https://www.doximity.com/pub/adebukola-taiwo-md
Adeela Cheema, MD https://www.doximity.com/pub/adeela-cheema-md-22b39d60
Adekunle Adedeji, MD https://www.doximity.com/pub/adekunle-adedeji-md
Adekunle Kuku, MD https://www.doximity.com/pub/adekunle-kuku-md
Adele Alcindor, MD https://www.doximity.com/pub/adele-alcindor-md
Adele Towers, MD https://www.doximity.com/pub/adele-towers-md
Adeleke Ogunmefun, MD https://www.doximity.com/pub/adeleke-ogunmefun-md
Adelene James, MD https://www.doximity.com/pub/adelene-james-md
Ademola Ladapo, MD https://www.doximity.com/pub/ademola-ladapo-md
Adi Loebl, MD https://www.doximity.com/pub/adi-loebl-md
Adil Ahmed, MD https://www.doximity.com/pub/adil-ahmed-md-72cdf0eb
Adil Daud, MD https://www.doximity.com/pub/adil-daud-md-1674c62b
Adil Shakir, MD https://www.doximity.com/pub/adil-shakir-md
Adina Smarandache, MD https://www.doximity.com/pub/adina-smarandache-md
Aditya Virmani, MD https://www.doximity.com/pub/aditya-virmani-md
Adnan Hussain, MD https://www.doximity.com/pub/adnan-hussain-md-243fd80e
Adnan Nahla, MD https://www.doximity.com/pub/adnan-nahla-md
Adnan Yunus, MD https://www.doximity.com/pub/adnan-yunus-md
Adolph Diaz-Ordaz, MD https://www.doximity.com/pub/adolph-diaz-ordaz-md
Adrian Sheremeta, MD https://www.doximity.com/pub/adrian-sheremeta-md
Adrian Torres, MD https://www.doximity.com/pub/adrian-torres-md
Adrian Visoiu, MD https://www.doximity.com/pub/adrian-visoiu-md
Adrian Zaharia, MD https://www.doximity.com/pub/adrian-zaharia-md
Adriana Casanova, MD https://www.doximity.com/pub/adriana-casanova-md
Adriana Cortes, MD https://www.doximity.com/pub/adriana-cortes-md
Adriana Hermida, MD https://www.doximity.com/pub/adriana-hermida-md
Adrianna Garite, MD https://www.doximity.com/pub/adrianna-garite-do
Adrienne Mims, MD https://www.doximity.com/pub/adrienne-mims-md
Adrienne Young, MD https://www.doximity.com/pub/adrienne-young-md
Afeefa Chaudhry, MD https://www.doximity.com/pub/afeefa-chaudhry-md
Afeworki Kidane, MD https://www.doximity.com/pub/afeworki-kidane-do
Afroze Ali, MD https://www.doximity.com/pub/afroze-ali-md
Aftab Memon, MD https://www.doximity.com/pub/aftab-memon-md
Agata Jaskiewicz-Poznanska, MD https://www.doximity.com/pub/agata-jaskiewicz-poznanska-md
