Abel Alfonso, MD https://www.doximity.com/cv/abel-alfonso-do-1
Abhilasha Pandey, MD https://www.doximity.com/cv/abhilasha-pandey-md
Aditi Bhaduri, MD https://www.doximity.com/cv/aditi-bhaduri-md-1
Agustin Busta, MD https://www.doximity.com/cv/agustin-busta-md-1
Alessia Roehnelt, MD https://www.doximity.com/cv/alessia-roehnelt-md
Alfredo Sanchez Cruz, MD https://www.doximity.com/cv/alfredo-sanchez-cruz-md-slash-1
Ali Safa, MD https://www.doximity.com/cv/ali-safa-md-slash-2
Alice Abraham, MD https://www.doximity.com/cv/alice-abraham-md
Andrew Kraftson, MD https://www.doximity.com/cv/andrew-kraftson-md-1
Andrey Manov, MD https://www.doximity.com/cv/andrey-manov-md-1
Anna Milanesi, MD https://www.doximity.com/cv/anna-milanesi-md-1
Anna Zenno, MD https://www.doximity.com/cv/anna-zenno-md-1
Anteneh Zenebe, MD https://www.doximity.com/cv/anteneh-zenebe-md-1
Anthony Heaney, MD https://www.doximity.com/cv/anthony-heaney-md-1
Archana Swami, MD https://www.doximity.com/cv/archana-swami-nagaraja-md
Arvind Cavale, MD https://www.doximity.com/cv/arvind-cavale-md-2
Ashley Vincent, MD https://www.doximity.com/cv/ashley-vincent-do
Barbara Feuerstein, MD https://www.doximity.com/cv/barbara-feuerstein-md-1
Bradley Javorsky, MD https://www.doximity.com/cv/bradley-javorsky-md-3
Bryan McColgan, MD https://www.doximity.com/cv/bryanmccolgan
Catherine Kilpatrick, MD https://www.doximity.com/cv/catherine-kilpatrick-md-slash-1
Charles Sharp, MD https://www.doximity.com/cv/charles-sharp-md-0fa28b67
Chengyu Xu, MD https://www.doximity.com/cv/chengyu-xu-md-1
Chih Chang, MD https://www.doximity.com/cv/chih-chang-md-1
Clare Moynihan, MD https://www.doximity.com/cv/clare-moynihan-md-2
Claudia Gragnoli, MD https://www.doximity.com/cv/claudia-gragnoli-md-slash-1
Daniel Stout, MD https://www.doximity.com/cv/daniel-stout-md-3cd0d40b
David Geffner, MD https://www.doximity.com/cv/david-geffner-md-1
David Levenson, MD https://www.doximity.com/cv/david-levenson-md-slash-1
Debra Ouyang, MD https://www.doximity.com/cv/debra-ouyang-md-1
Diana Echeverry-Franck, MD https://www.doximity.com/cv/diana-echeverry-franck-md-1
Disha Narang, MD https://www.doximity.com/cv/disha-kumar-md-slash-8
Simona Scumpia, MD https://www.doximity.com/cv/drscumpia
Ebru Sulanc, MD https://www.doximity.com/cv/ebru-sulanc-md-2
Edward Bastyr, MD https://www.doximity.com/cv/edward-j-bastyr-iii
Elaine Cong, MD https://www.doximity.com/cv/elaine-cong-md-slash-1
Eleanor Lam, MD https://www.doximity.com/cv/eleanor-lam-md-slash-1
Elio Monsour, MD https://www.doximity.com/cv/eliomonsourmd
Elizabeth Holt, MD https://www.doximity.com/cv/elizabeth-holt-md-slash-1
Ellen Shannon Story, MD https://www.doximity.com/cv/ellen-shannon-story-md-1
Erin Finn, MD https://www.doximity.com/cv/erin-finn-md-03f5eb81
Kumarpal Shah, MD https://www.doximity.com/cv/etcovid-19-com
Eugenio Angueira-Serrano, MD https://www.doximity.com/cv/eugenio-angueira-serrano-md-1
Malik Faheem, MD https://www.doximity.com/cv/faheem
Falguni Vasa, MD https://www.doximity.com/cv/falguni-vasa-md-2
Gary Hammer, MD https://www.doximity.com/cv/gary-d-hammer-md-phd
Geetika Arora, MD https://www.doximity.com/cv/geetika-arora-md-fffabdfe
Gerald Charnogursky, MD https://www.doximity.com/cv/gerald-charnogursky-md-1
Gerard Bazile, MD https://www.doximity.com/cv/gerardbazile-endo-obesity
Gerti Tashko, MD https://www.doximity.com/cv/gerti-tashko-md-slash-2
Gunjan Gandhi, MD https://www.doximity.com/cv/gunjan-gandhi-md-3
Hae Seung Lee, MD https://www.doximity.com/cv/haeseungleemd
Harikrashna Bhatt, MD https://www.doximity.com/cv/harikrashna-bhatt-md-1
Harshit Shah, MD https://www.doximity.com/cv/harshitshahmd
Heberto Valdes, MD https://www.doximity.com/cv/heberto-valdes-md-2
Helen Adelberg, MD https://www.doximity.com/cv/helen-adelberg-md-1
Hong Lee, MD https://www.doximity.com/cv/hong-lee-md-slash-1
Hooman Motahari, MD https://www.doximity.com/cv/hooman
Isha Shrestha, MD https://www.doximity.com/cv/isha-shrestha-md
Jaspreet Kaur, MD https://www.doximity.com/cv/jaspreetkaur
Jhonatan Rivera, MD https://www.doximity.com/cv/jd_rivera-moramd
John Schempf, MD https://www.doximity.com/cv/john-schempf-md-3
Joumana Chaiban, MD https://www.doximity.com/cv/joumana-chaiban-md-2
Jyothi Juarez, MD https://www.doximity.com/cv/jyothi-juarez-md-1
K. Patrick Ober, MD https://www.doximity.com/cv/k-patrick-ober-md
Karen Barnard, MD https://www.doximity.com/cv/karen-barnard-md-1
Karen Askari, MD https://www.doximity.com/cv/karen-racedo-rolon-md-1
Karla Arce, MD https://www.doximity.com/cv/karla-arce-md-1
Krishna Chivukula, MD https://www.doximity.com/cv/karthik-chivukula-md
Kasra Navabi, MD https://www.doximity.com/cv/kasra-navabi
Katherine Bachmann, MD https://www.doximity.com/cv/katherinebachmannmd
Kerri Kissell, MD https://www.doximity.com/cv/kerri-kissell-md-2
Khalid Hasan, MD https://www.doximity.com/cv/khalid-hasan-md-1
Laura Ryan, MD https://www.doximity.com/cv/laura-ryan-md-4
Lauren Hawkins, MD https://www.doximity.com/cv/lauren-hawkins-md-1
Leland Graves, MD https://www.doximity.com/cv/leland-graves-md-1
Leon Igel, MD https://www.doximity.com/cv/leon-igel-md-2
Liliana Uribe-Bruce, MD https://www.doximity.com/cv/liliana-uribe-bruce-md-slash-1
Mary Figaro, MD https://www.doximity.com/cv/m-kathleen-figaro-md
Madeleine Harbison, MD https://www.doximity.com/cv/madeleine-harbison-md-2
Maria Fleseriu, MD https://www.doximity.com/cv/maria-fleseriu-md-3
Maria Tulpan, MD https://www.doximity.com/cv/maria-tulpan-md-1
Marie Griffin, MD https://www.doximity.com/cv/marie-griffin-md-slash-2
Marisa Cruz, MD https://www.doximity.com/cv/marisa-cruz-md-1
Mark Gordon, MD https://www.doximity.com/cv/mark-gordon-md-slash-9
Marshall Block, MD https://www.doximity.com/cv/marshall-block-md-slash-1
Matthew Drake, MD https://www.doximity.com/cv/matthew-drake-md-slash-1
Medhavi Jogi, MD https://www.doximity.com/cv/medhavi-jogi-md-slash-1
Melissa Goldstein, MD https://www.doximity.com/cv/melissa-goldstein-md-slash-2
Melissa Lechner, MD https://www.doximity.com/cv/melissa-lechner-md-61ba86c3
Michael Lee, MD https://www.doximity.com/cv/michael-lee-md-slash-74
Michael Quon, MD https://www.doximity.com/cv/michael-quon-md-slash-1
Mihail Zilbermint, MD https://www.doximity.com/cv/mihail-zilbermint-md-1
Miladys Palau-Collazo, MD https://www.doximity.com/cv/miladyspalau
Miriam Udler, MD https://www.doximity.com/cv/miriam-udler-md-1
Mohammed Ansari, MD https://www.doximity.com/cv/mohammed-ansari-md-slash-2
Mouhammed Habra, MD https://www.doximity.com/cv/mouhammed-habra-md-1
Muhammad Hammami, MD https://www.doximity.com/cv/muhammad-hammami-md-2
Nami Safai Haeri, MD https://www.doximity.com/cv/nami-safai-haeri-md-ee464701
Neil Goldberg, MD https://www.doximity.com/cv/neil-james-goldberg-md
Nidhi Agrawal, MD https://www.doximity.com/cv/nidhi-agrawal-md-slash-3
Ogoma Krause, MD https://www.doximity.com/cv/ogoma-obi-md
Oksana Davydov, MD https://www.doximity.com/cv/oksana-lewis-md-3
Orlando Fernandez, MD https://www.doximity.com/cv/orlando-fernandez-md-slash-3
Osama Hamdy, MD https://www.doximity.com/cv/osama-hamdy-md-slash-1
Patricia Peter, MD https://www.doximity.com/cv/patricia-peter-md-1
Patrick Clyde, MD https://www.doximity.com/cv/patrick-clyde-md-slash-2
Paul Norwood, MD https://www.doximity.com/cv/paul-norwood-md-2
Paul Stagg, MD https://www.doximity.com/cv/paul-stagg-md-slash-2
Pedram Javanmard, MD https://www.doximity.com/cv/pedram-javanmard-md-slash-2
Philip Berry, MD https://www.doximity.com/cv/philip-berry-md-slash-2
Qasim Iqbal, MD https://www.doximity.com/cv/qasim-zafar-iqbal-md
Qin Yang, MD https://www.doximity.com/cv/qin-yang-md-1
Rachel Bier, MD https://www.doximity.com/cv/rachel-bier-md-1
Rachel Reinert, MD https://www.doximity.com/cv/rachel-reinert-md-phd
Rajaa Nahra, MD https://www.doximity.com/cv/rajaa-nahra-md-5
Ramona Krutzik, MD https://www.doximity.com/cv/ramona-krutzik-md-5
Richard Lindsey, MD https://www.doximity.com/cv/rclindsey
Reena Thomas, MD https://www.doximity.com/cv/reena-thomas-md-slash-6
Reshma Parab, MD https://www.doximity.com/cv/reshma-parab-md-slash-1
Rexford Ahima, MD https://www.doximity.com/cv/rexford-ahima-md-d72119e1
Rita Jain, MD https://www.doximity.com/cv/rita-jain-md-3
Samar Hafida, MD https://www.doximity.com/cv/samar-hafida-md-1
Samineh Madani, MD https://www.doximity.com/cv/samineh-madani-md-slash-1
Sara Ahmadi, MD https://www.doximity.com/cv/sara-ahmadi-md-slash-1
Shamsa Ali, MD https://www.doximity.com/cv/shamsa-ali-md-1
Shlomo Melmed, MD https://www.doximity.com/cv/shlomo-melmed-md-1
Shreya Amin, MD https://www.doximity.com/cv/shreya-amin-md-425d96e1
Sorin Herscovici, MD https://www.doximity.com/cv/sorin-herscovici-md-1
Stephen Castorino, MD https://www.doximity.com/cv/stephen-castorino-md-1
Steven Chessler, MD https://www.doximity.com/cv/steven-chessler-md-1
Steven Cohen, MD https://www.doximity.com/cv/steven-cohen-md-slash-35
Steven Petak, MD https://www.doximity.com/cv/steven-petak-md-slash-2-1
Susan Wingo, MD https://www.doximity.com/cv/susan-wingo-md-slash-1
SuZanne Chaves, MD https://www.doximity.com/cv/suzanne-chaves-md-1
Syed Hussain, MD https://www.doximity.com/cv/syed-hussain-md-slash-19
Thomas Hughes, MD https://www.doximity.com/cv/thomas-hughes-md-slash-16
Janelle Townes, MD https://www.doximity.com/cv/townes
Alejandro Trepp Carrasco, MD https://www.doximity.com/cv/trepp
Trung Tran, MD https://www.doximity.com/cv/trung-nam-tran-md-201417
Tu Nguyen, MD https://www.doximity.com/cv/tu-nguyen-md-slash-6
Varman Samuel, MD https://www.doximity.com/cv/varman-samuel-md
Vicente San Martin, MD https://www.doximity.com/cv/vicentesanmartin
Victor Matthews, MD https://www.doximity.com/cv/victo
Vikram Shenoy, MD https://www.doximity.com/cv/vikram-shenoy-md-slash-1
Violeta Popii Botea, MD https://www.doximity.com/cv/violeta-popii-md
Viral Shah, MD https://www.doximity.com/cv/viralshahmd
Virginia Wright, MD https://www.doximity.com/cv/virginia-wright-md-f77dadf1
Vivian Lin, MD https://www.doximity.com/cv/vivian-lin-md-4
William Biggs, MD https://www.doximity.com/cv/william-biggs-md-ec57c87f
Lysette Iglesias, MD https://www.doximity.com/cv/www-dot-lysetteiglesiasmd-dot-com
Zona Batacchi, MD https://www.doximity.com/cv/zona-batacchi-md
A. Bernanke, MD https://www.doximity.com/pub/a-bernanke-md
A J Vinaya Simha, MD https://www.doximity.com/pub/a-j-vinaya-simha-md
A Kennedy, MD https://www.doximity.com/pub/a-kennedy-md
A. Mathew, MD https://www.doximity.com/pub/a-mathew-md
A Mendez, MD https://www.doximity.com/pub/a-mendez-md
A MOHAMED, MD https://www.doximity.com/pub/a-mohamed-md
Aakash Rajwani, MD https://www.doximity.com/pub/aakash-rajwani-md
aakash rajwani, MD https://www.doximity.com/pub/aakash-rajwani-md-b15ca8e8
Aakif Ahmad, MD https://www.doximity.com/pub/aakif-ahmad-do
Aanu Sihota, MD https://www.doximity.com/pub/aanu-sihota-md
Aaron Barton, MD https://www.doximity.com/pub/aaron-barton-md
Aaron Benjamin, MD https://www.doximity.com/pub/aaron-benjamin-md
Aaron Bussey, MD https://www.doximity.com/pub/aaron-bussey-md
Aaron Chidakel, MD https://www.doximity.com/pub/aaron-chidakel-md
Aaron Cypess, MD https://www.doximity.com/pub/aaron-cypess-md
Aaron Deutsch, MD https://www.doximity.com/pub/aaron-deutsch-md-6f95cb24
Aaron Michels, MD https://www.doximity.com/pub/aaron-michels-md
Aaron Neinstein, MD https://www.doximity.com/pub/aaron-neinstein-md
Aaron Nelson, MD https://www.doximity.com/pub/aaron-nelson-md-924fd08e
Aaron Pardini, MD https://www.doximity.com/pub/aaron-pardini-md
Aaron Rockoff, MD https://www.doximity.com/pub/aaron-rockoff-md
Aaron Schulman, MD https://www.doximity.com/pub/aaron-schulman-md
Aaron Vinik, MD https://www.doximity.com/pub/aaron-vinik-md
Aaron Ward, MD https://www.doximity.com/pub/aaron-ward-md-30651b83
Aaron Wasson, MD https://www.doximity.com/pub/aaron-wasson-md
Aarti Manchanda, MD https://www.doximity.com/pub/aarti-manchanda-md
Aashish Samat, MD https://www.doximity.com/pub/aashish-samat-md
Aashish Shah, MD https://www.doximity.com/pub/aashish-shah-md-8a4de6fe
Aastha Pal, MD https://www.doximity.com/pub/aastha-pal-md
Abay Taddesse, MD https://www.doximity.com/pub/abay-taddesse-md
Abayomi Akanji, MD https://www.doximity.com/pub/abayomi-akanji-md
Abba Kastin, MD https://www.doximity.com/pub/abba-kastin-md
Abbas Motazedi, MD https://www.doximity.com/pub/abbas-motazedi-md
Abby Abisogun, MD https://www.doximity.com/pub/abby-abisogun-md
Abby Cobb-Walch, MD https://www.doximity.com/pub/abby-cobb-walch-md
Abby Landzberg, MD https://www.doximity.com/pub/abby-landzberg-md
Abdallah Altarshan, MD https://www.doximity.com/pub/abdallah-altarshan-md-d46c4131
Abdallah Dlewati, MD https://www.doximity.com/pub/abdallah-dlewati-md
Abdelgalil Mukhtar, MD https://www.doximity.com/pub/abdelgalil-mukhtar-md
Abdelle Ferdinand Cheres, MD https://www.doximity.com/pub/abdelle-ferdinand-cheres-md-0a95b020
Abdelwahab Suliman, MD https://www.doximity.com/pub/abdelwahab-suliman-md
Abdul Al-Kassab, MD https://www.doximity.com/pub/abdul-al-kassab-md
Abdul Asmal, MD https://www.doximity.com/pub/abdul-asmal-md
Abdul-Badi Abou-Samra, MD https://www.doximity.com/pub/abdul-badi-abou-samra-md
Abdul Ghani, MD https://www.doximity.com/pub/abdul-ghani-md-37e31bce
Abdul Khan, MD https://www.doximity.com/pub/abdul-khan-md-28c41010
Abdul Khokhar, MD https://www.doximity.com/pub/abdul-khokhar-md-df49
Abdul Mirza, MD https://www.doximity.com/pub/abdul-mirza-md
Abdul-Razzak Alamir, MD https://www.doximity.com/pub/abdul-razzak-alamir-md
Abdul Sattar, MD https://www.doximity.com/pub/abdul-sattar-md
Abdulkadir Omer, MD https://www.doximity.com/pub/abdulkadir-omer-md
Abdullah Hanna-Moussa, MD https://www.doximity.com/pub/abdullah-hanna-moussa-md
Abdullah Mallisho, MD https://www.doximity.com/pub/abdullah-mallisho-md
Abdullah Siddiqui, MD https://www.doximity.com/pub/abdullah-siddiqui-md
Abdulqawi Almansari, MD https://www.doximity.com/pub/abdulqawi-almansari-md
Abdulrahman Albustamy, MD https://www.doximity.com/pub/abdulrahman-albustamy-md
Abeer Anabtawi, MD https://www.doximity.com/pub/abeer-anabtawi-md
Abel Yimer, MD https://www.doximity.com/pub/abel-yimer-md
Abel Yimer, MD https://www.doximity.com/pub/abel-yimer-md-8a387d2e
Abhay Suda, MD https://www.doximity.com/pub/abhay-suda-md
Abhijana Karunakaran, MD https://www.doximity.com/pub/abhijana-karunakaran-md
Abhilasha Pandey, MD https://www.doximity.com/pub/abhilasha-pandey-md
Abhiram Javvaji, MD https://www.doximity.com/pub/abhiram-javvaji-md
Abhishek Kansara, MD https://www.doximity.com/pub/abhishek-kansara-md
Abid Yaqub, MD https://www.doximity.com/pub/abid-yaqub-md
Abir Zainal, MD https://www.doximity.com/pub/abir-zainal-md
Aboorva K Sudhakar, MD https://www.doximity.com/pub/aboorva-k-sudhakar-md
Abosede Adeoshun, MD https://www.doximity.com/pub/abosede-adeoshun-md
Abraham Goodgold, MD https://www.doximity.com/pub/abraham-goodgold-md
Abraham Thomas, MD https://www.doximity.com/pub/abraham-thomas-md-031a5ead
Absalon Gutierrez, MD https://www.doximity.com/pub/absalon-gutierrez-md-dcc8e2bf
Abtin Farahmand, MD https://www.doximity.com/pub/abtin-farahmand-md
Abtin Farahmand, MD https://www.doximity.com/pub/abtin-farahmand-md-5ba9e2e4
Ace Lipson, MD https://www.doximity.com/pub/ace-lipson-md
Achal Garbharran, MD https://www.doximity.com/pub/achal-garbharran-md
Achilles Paparsenos, MD https://www.doximity.com/pub/achilles-paparsenos-md
Ada Lee, MD https://www.doximity.com/pub/ada-lee-md-2c78749f
Ada Santiago, MD https://www.doximity.com/pub/ada-santiago-md
Ada Wolfsen, MD https://www.doximity.com/pub/ada-wolfsen-md
Adalberto Gonzalez Pantaleon, MD https://www.doximity.com/pub/adalberto-gonzalez-pantaleon-md
Adam Cadesky, MD https://www.doximity.com/pub/adam-cadesky-md-978ba62e
Adam Kelman, MD https://www.doximity.com/pub/adam-kelman-md
Adam Lyko, MD https://www.doximity.com/pub/adam-lyko-md
Adam Maass, MD https://www.doximity.com/pub/adam-maass-md
Adam Maghrabi, MD https://www.doximity.com/pub/adam-maghrabi-md
Adam Mayerson, MD https://www.doximity.com/pub/adam-mayerson-md
Adam Puchalski, MD https://www.doximity.com/pub/adam-puchalski-md
Adam Shaywitz, MD https://www.doximity.com/pub/adam-shaywitz-md
Adam Spitz, MD https://www.doximity.com/pub/adam-spitz-md
Adam Stein, MD https://www.doximity.com/pub/adam-stein-md-fd2565ed
Adarsh Jha, MD https://www.doximity.com/pub/adarsh-jha-md
Adel Hanna, MD https://www.doximity.com/pub/adel-hanna-md-afef8a6f
Adele Amine, MD https://www.doximity.com/pub/adele-amine-do
Adelina Flores, MD https://www.doximity.com/pub/adelina-flores-md
Adeniyi Odugbesan, MD https://www.doximity.com/pub/adeniyi-odugbesan-md
Adeola Ishola, MD https://www.doximity.com/pub/adeola-ishola-md
Adeyinka Taiwo, MD https://www.doximity.com/pub/adeyinka-taiwo-md
Adham Mottalib, MD https://www.doximity.com/pub/adham-mottalib-md
Adi Barlev-Ehrenberg, MD https://www.doximity.com/pub/adi-barlev-ehrenberg-md
Adi Cohen, MD https://www.doximity.com/pub/adi-cohen-md
Adi Mehta, MD https://www.doximity.com/pub/adi-mehta-md
Adil Alavi, MD https://www.doximity.com/pub/adil-alavi-md
Adina Schneider, MD https://www.doximity.com/pub/adina-schneider-md
Adina Turcu, MD https://www.doximity.com/pub/adina-turcu-md
Adithya Kattamanchi, MD https://www.doximity.com/pub/adithya-kattamanchi-md
Aditi Chincholi, MD https://www.doximity.com/pub/aditi-chincholi-md
Aditi Gupta, MD https://www.doximity.com/pub/aditi-gupta-md-d287a4c1
Aditi Kumar, MD https://www.doximity.com/pub/aditi-kumar-md
Aditi Shah, MD https://www.doximity.com/pub/aditi-shah-do
Aditi Thakkar, MD https://www.doximity.com/pub/aditi-thakkar-md
Aditya Chauhan, MD https://www.doximity.com/pub/aditya-chauhan-md-04802fee
Adline Ghazi, MD https://www.doximity.com/pub/adline-ghazi-md
Adnan Ajmal, MD https://www.doximity.com/pub/adnan-ajmal-md
Adnan Haider, MD https://www.doximity.com/pub/adnan-haider-md
Adnan Haider, MD https://www.doximity.com/pub/adnan-haider-md-57a781e6
Adnan Tahir-Fadlallah, MD https://www.doximity.com/pub/adnan-tahir-fadlallah-md
Adnin Zaman, MD https://www.doximity.com/pub/adnin-zaman-md
Adolfo Perez-Comas, MD https://www.doximity.com/pub/adolfo-perez-comas-md
Adolphus Bonar, MD https://www.doximity.com/pub/adolphus-bonar-md
Adrian Dobs, MD https://www.doximity.com/pub/adrian-dobs-md
Adrian Marcelo Gonzalez Gil, MD https://www.doximity.com/pub/adrian-marcelo-gonzalez-gil-md
Adrian Schnall, MD https://www.doximity.com/pub/adrian-schnall-md
Adrian Vella, MD https://www.doximity.com/pub/adrian-vella-md
Adriana Gonzalez, MD https://www.doximity.com/pub/adriana-gonzalez-md-e5fdd5ae
Adriana Hohl, MD https://www.doximity.com/pub/adriana-hohl-md
Adriana Ioachimescu, MD https://www.doximity.com/pub/adriana-ioachimescu-md
Adriana Katz, MD https://www.doximity.com/pub/adriana-katz-md
Adriana Kuker, MD https://www.doximity.com/pub/adriana-kuker-md
Adriana Maldonado-Brem, MD https://www.doximity.com/pub/adriana-maldonado-brem-md
Adrienne Barnosky, MD https://www.doximity.com/pub/adrienne-barnosky-do
Adrienne Fleckman, MD https://www.doximity.com/pub/adrienne-fleckman-md
Adrienne Maier, MD https://www.doximity.com/pub/adrienne-maier-md
Adrienne Nassar, MD https://www.doximity.com/pub/adrienne-nassar-md
Adva Eisenberg, MD https://www.doximity.com/pub/adva-eisenberg-md
Ady Djerassi, MD https://www.doximity.com/pub/ady-djerassi-md
Aesha Patel, MD https://www.doximity.com/pub/aesha-patel-md
Afreen Shariff, MD https://www.doximity.com/pub/afreen-shariff-md
Afshin Hamidi, MD https://www.doximity.com/pub/afshin-hamidi-md
Afshin Salsali, MD https://www.doximity.com/pub/afshin-salsali-md
Ageliki Valsamis, MD https://www.doximity.com/pub/ageliki-valsamis-do
Agha Khan, MD https://www.doximity.com/pub/agha-khan-md-9adf7e74
Agnes Szekeres, MD https://www.doximity.com/pub/agnes-szekeres-md
Agnieska Gliwa, MD https://www.doximity.com/pub/agnieska-gliwa-md
Agusta Olafsdottir, MD https://www.doximity.com/pub/agusta-olafsdottir-md
Agustin Andrade, MD https://www.doximity.com/pub/agustin-andrade-md
Ahdy Helmy, MD https://www.doximity.com/pub/ahdy-helmy-md
Ahed Mansoura, MD https://www.doximity.com/pub/ahed-mansoura-md
Ahl Jeffrey Caseja, MD https://www.doximity.com/pub/ahl-jeffrey-caseja-md
Ahmad Abu Limon, MD https://www.doximity.com/pub/ahmad-abu-limon-md
Ahmad Al Maradni, MD https://www.doximity.com/pub/ahmad-al-maradni-md
Ahmad Al-Shoha, MD https://www.doximity.com/pub/ahmad-al-shoha-md
Ahmad Elayyan, MD https://www.doximity.com/pub/ahmad-elayyan-md
Ahmad Imam, MD https://www.doximity.com/pub/ahmad-imam-md
Ahmad Muzzammil, MD https://www.doximity.com/pub/ahmad-muzzammil-md
Ahmad Sabbagh, MD https://www.doximity.com/pub/ahmad-sabbagh-md
Ahmad Sheikh, MD https://www.doximity.com/pub/ahmad-sheikh-md
Ahmad Yehya, MD https://www.doximity.com/pub/ahmad-yehya-md
Ahmad Zare, MD https://www.doximity.com/pub/ahmad-zare-md
Ahmed Ahmed, MD https://www.doximity.com/pub/ahmed-ahmed-md-5cc82aa8
Ahmed Aljebawi, MD https://www.doximity.com/pub/ahmed-aljebawi-md
Ahmed Elmaaz, MD https://www.doximity.com/pub/ahmed-elmaaz-md
Ahmed Elsherif, MD https://www.doximity.com/pub/ahmed-elsherif-md
Ahmed Sawah, MD https://www.doximity.com/pub/ahmed-sawah-md
Ahmet Can, MD https://www.doximity.com/pub/ahmet-can-md
Ahmet Ergin, MD https://www.doximity.com/pub/ahmet-ergin-md
Ahmet Ergin, MD https://www.doximity.com/pub/ahmet-ergin-md-423ef5a1
Ahsan Farooq, MD https://www.doximity.com/pub/ahsan-farooq-md
Aida Saliby, MD https://www.doximity.com/pub/aida-saliby-md
Aidaliz Llorens, MD https://www.doximity.com/pub/aidaliz-llorens-md
Aidar Gosmanov, MD https://www.doximity.com/pub/aidar-gosmanov-md
Aileen Heras-Herzig, MD https://www.doximity.com/pub/aileen-heras-herzig-md
Aileen Wang, MD https://www.doximity.com/pub/aileen-wang-md
Aileen Westrick, MD https://www.doximity.com/pub/aileen-westrick-md
Aileen Westrick, MD https://www.doximity.com/pub/aileen-westrick-md-e07a4311
Aili Guo, MD https://www.doximity.com/pub/aili-guo-md
Ailian Chen, MD https://www.doximity.com/pub/ailian-chen-md
Ailyn Rivero, MD https://www.doximity.com/pub/ailyn-rivero-md
Ailyn Rivero, MD https://www.doximity.com/pub/ailyn-rivero-md-75a7d698
Aiman Riaz, MD https://www.doximity.com/pub/aiman-riaz-md
Aiman Zafar, MD https://www.doximity.com/pub/aiman-zafar-md
Aimar Mack, MD https://www.doximity.com/pub/aimar-mack-md
Aimee Shu, MD https://www.doximity.com/pub/aimee-shu-md
Airani Sathananthan, MD https://www.doximity.com/pub/airani-sathananthan-md
Aisha Parihar, MD https://www.doximity.com/pub/aisha-parihar-md
Aishwarya Ramachandran, MD https://www.doximity.com/pub/aishwarya-ramachandran-md
Aiyanadar Shanmugam, MD https://www.doximity.com/pub/aiyanadar-shanmugam-md
Ajay Chaudhuri, MD https://www.doximity.com/pub/ajay-chaudhuri-md
Ajay Chawla, MD https://www.doximity.com/pub/ajay-chawla-md-01842e2f
Ajay Dashottar, MD https://www.doximity.com/pub/ajay-dashottar-md
Ajay Kumar, MD https://www.doximity.com/pub/ajay-kumar-md-9c0682db
Ajay Makwana, MD https://www.doximity.com/pub/ajay-makwana-md
Ajay Sood, MD https://www.doximity.com/pub/ajay-sood-md-b5b32584
Ajay Varanasi, MD https://www.doximity.com/pub/ajay-varanasi-md
Ajaykumar Rao, MD https://www.doximity.com/pub/ajaykumar-rao-md
Ajaz Banka, MD https://www.doximity.com/pub/ajaz-banka-md
Ajikumar Aryangat, MD https://www.doximity.com/pub/ajikumar-aryangat-md
Akankasha Goyal, MD https://www.doximity.com/pub/akankasha-goyal-md
Akbar Rahmani, MD https://www.doximity.com/pub/akbar-rahmani-md
Akhil Shenoy, MD https://www.doximity.com/pub/akhil-shenoy-md-3e9d8dc9
Akhila Ramayapally, MD https://www.doximity.com/pub/akhila-ramayapally-md
Akhilesh Wadhwa, MD https://www.doximity.com/pub/akhilesh-wadhwa-md
Akin Eraslan, MD https://www.doximity.com/pub/akin-eraslan-md
Akinola Ayodeji, MD https://www.doximity.com/pub/akinola-ayodeji-md
Akshata Desai, MD https://www.doximity.com/pub/akshata-desai-md
Akshay Jain, MD https://www.doximity.com/pub/akshay-jain-md
Akta Mukherjee, MD https://www.doximity.com/pub/akta-mukherjee-md
Akuffo Quarde, MD https://www.doximity.com/pub/akuffo-quarde-md
Alaa Al Nofal, MD https://www.doximity.com/pub/alaa-al-nofal-md
Alaa Kubbar, MD https://www.doximity.com/pub/alaa-kubbar-md
Alain Baron, MD https://www.doximity.com/pub/alain-baron-md
Alaleh Mazhari, MD https://www.doximity.com/pub/alaleh-mazhari-do
Alamgir Sattar, MD https://www.doximity.com/pub/alamgir-sattar-md
Alan Balsam, MD https://www.doximity.com/pub/alan-balsam-md
Alan Brun, MD https://www.doximity.com/pub/alan-brun-md
Alan Burshell, MD https://www.doximity.com/pub/alan-burshell-md
Alan Chait, MD https://www.doximity.com/pub/alan-chait-md-deb302b7
Alan Chang, MD https://www.doximity.com/pub/alan-chang-md-09969372
Alan Cleland, MD https://www.doximity.com/pub/alan-cleland-md
Alan Cohen, MD https://www.doximity.com/pub/alan-cohen-md-8c36be35
Alan Cole, MD https://www.doximity.com/pub/alan-cole-md
Alan Dalkin, MD https://www.doximity.com/pub/alan-dalkin-md
Alan Dresner, MD https://www.doximity.com/pub/alan-dresner-md
Alan Farwell, MD https://www.doximity.com/pub/alan-farwell-md
Alan Feldman, MD https://www.doximity.com/pub/alan-feldman-md-fc3f681b
Alan Goldenberg, MD https://www.doximity.com/pub/alan-goldenberg-md
Alan Graber, MD https://www.doximity.com/pub/alan-graber-md
Alan Harris, MD https://www.doximity.com/pub/alan-harris-md-5ebe2587
Alan Huellmantel, MD https://www.doximity.com/pub/alan-huellmantel-md
Alan Jacknow, MD https://www.doximity.com/pub/alan-jacknow-md
Alan Kauppi, MD https://www.doximity.com/pub/alan-kauppi-md
Alan Krasner, MD https://www.doximity.com/pub/alan-krasner-md
Alan Malabanan, MD https://www.doximity.com/pub/alan-malabanan-md
Alan Marcus, MD https://www.doximity.com/pub/alan-marcus-md
Alan McKenzie, MD https://www.doximity.com/pub/alan-mckenzie-md
Alan Moses, MD https://www.doximity.com/pub/alan-moses-md
Alan N Elias, MD https://www.doximity.com/pub/alan-n-elias-md
Alan Parsa, MD https://www.doximity.com/pub/alan-parsa-md
Alan Rauba, MD https://www.doximity.com/pub/alan-rauba-md
Alan Robinson, MD https://www.doximity.com/pub/alan-robinson-md
Alan Rosenbloom, MD https://www.doximity.com/pub/alan-rosenbloom-md
Alan Rubin, MD https://www.doximity.com/pub/alan-rubin-md-e01108d9
Alan Salzman, MD https://www.doximity.com/pub/alan-salzman-md
Alan Schorr, MD https://www.doximity.com/pub/alan-schorr-do-184d5510
Alan Shuldiner, MD https://www.doximity.com/pub/alan-shuldiner-md
Alan Siegal, MD https://www.doximity.com/pub/alan-siegal-md-1bfa0d85
Alan Silverberg, MD https://www.doximity.com/pub/alan-silverberg-md-26bb55bc
Alan Weinstein, MD https://www.doximity.com/pub/alan-weinstein-md-328bcf40
Alan Wong, MD https://www.doximity.com/pub/alan-wong-md-cfecef14
Alan Wynne, MD https://www.doximity.com/pub/alan-wynne-md
Alanood Alqahtani, MD https://www.doximity.com/pub/alanood-alqahtani-md
Alanoud Alaasmi, MD https://www.doximity.com/pub/alanoud-alaasmi-md
Alastair Thomson, MD https://www.doximity.com/pub/alastair-thomson-md
Albert Angeletti, MD https://www.doximity.com/pub/albert-angeletti-md
Albert Coo, MD https://www.doximity.com/pub/albert-coo-md
Albert Empedrad, MD https://www.doximity.com/pub/albert-empedrad-md
Albert Giannone, MD https://www.doximity.com/pub/albert-giannone-md
Albert Jochen, MD https://www.doximity.com/pub/albert-jochen-md
Albert Leung, MD https://www.doximity.com/pub/albert-leung-md-5f2776e7
Albert Shamouelian, MD https://www.doximity.com/pub/albert-shamouelian-md
Albert Shieh, MD https://www.doximity.com/pub/albert-shieh-md
Albert Sun, MD https://www.doximity.com/pub/albert-sun-md
Alberto Andrade, MD https://www.doximity.com/pub/alberto-andrade-md
Alberto Cabo Chan Jr, MD https://www.doximity.com/pub/alberto-cabo-chan-jr-md
Alberto Chavez Velazquez, MD https://www.doximity.com/pub/alberto-chavez-velazquez-md
Alberto Fernandez, MD https://www.doximity.com/pub/alberto-fernandez-md-09dd0e30
Alberto Franco-Akel, MD https://www.doximity.com/pub/alberto-franco-akel-md
Aldo De Ferrari Giraldez, MD https://www.doximity.com/pub/aldo-de-ferrari-giraldez-md
Aldo Ilarde, MD https://www.doximity.com/pub/aldo-ilarde-md
Aldo Paz-Guevara, MD https://www.doximity.com/pub/aldo-paz-guevara-md
Aldona Finkle, MD https://www.doximity.com/pub/aldona-finkle-md
Aleem Kanji, MD https://www.doximity.com/pub/aleem-kanji-md
Aleem Syed, MD https://www.doximity.com/pub/aleem-syed-md
Alegyari FigueroaCruz, MD https://www.doximity.com/pub/alegyari-figueroacruz-md
Aleida Rodriguez, MD https://www.doximity.com/pub/aleida-rodriguez-md
Alejandra Borensztein, MD https://www.doximity.com/pub/alejandra-borensztein-md
Alejandra Riera Gonzalez, MD https://www.doximity.com/pub/alejandra-riera-gonzalez-md
Alejandra Santiago, MD https://www.doximity.com/pub/alejandra-santiago-md
Alejandro Ayala, MD https://www.doximity.com/pub/alejandro-ayala-md
Alejandro Gonzalez Campos, MD https://www.doximity.com/pub/alejandro-gonzalez-campos-md
Alejandro Gonzalez Campos, MD https://www.doximity.com/pub/alejandro-gonzalez-campos-md-f68549db
Alejandro Gonzalez, MD https://www.doximity.com/pub/alejandro-gonzalez-md-a204ddb8
Alejandro Martino, MD https://www.doximity.com/pub/alejandro-martino-md
Alejandro Munoz, MD https://www.doximity.com/pub/alejandro-munoz-md-29677df8
Alejandro Plan, MD https://www.doximity.com/pub/alejandro-plan-md
Alejandro Ramirez, MD https://www.doximity.com/pub/alejandro-ramirez-md-49418e50
Alejandro Santos Leal, MD https://www.doximity.com/pub/alejandro-santos-leal-md
Aleksandra Kraeher, MD https://www.doximity.com/pub/aleksandra-kraeher-md
Aleksandra Sliwinska, MD https://www.doximity.com/pub/aleksandra-sliwinska-md
Alen Sajan, MD https://www.doximity.com/pub/alen-sajan-md
Alessia Roehnelt, MD https://www.doximity.com/pub/alessia-roehnelt-md
Alex Bonnecaze, MD https://www.doximity.com/pub/alex-bonnecaze-md
Alex Bonnecaze, MD https://www.doximity.com/pub/alex-bonnecaze-md-7e27211f
Alex Depaolil, MD https://www.doximity.com/pub/alex-depaolil-md
Alex Gonzalez Bossolo, MD https://www.doximity.com/pub/alex-gonzalez-bossolo-md
Alex Manzano, MD https://www.doximity.com/pub/alex-manzano-md
Alex Saber, MD https://www.doximity.com/pub/alex-saber-do-dd3253fe
Alex Saber114, MD https://www.doximity.com/pub/alex-saber114-md
Alex Stagnaro-Green, MD https://www.doximity.com/pub/alex-stagnaro-green-md
