Aaron Kalin, MD https://www.doximity.com/cv/aaron-kalin-do-1
Abdul-Has Sheikh, MD https://www.doximity.com/cv/abdul-h-sheikh-md
Abdullah Terkawi, MD https://www.doximity.com/cv/abdullah-terkawi-md-e27e
Abigail Howard, MD https://www.doximity.com/cv/abigail-howard-md
Adam Moore, MD https://www.doximity.com/cv/adam-moore
Aderinola Adejare-Smith, MD https://www.doximity.com/cv/aderinola-adejare-smith-md
Ahmad Sadique, MD https://www.doximity.com/cv/ahmad-sadique
Aisha Ishteeaque, MD https://www.doximity.com/cv/aisha-ishteeaque-md-1
Alan Siegel, MD https://www.doximity.com/cv/alan-siegel-md-slash-1
Alan Weissburg, MD https://www.doximity.com/cv/alan-weissburg-md-1
Albert Duah, MD https://www.doximity.com/cv/albert-duah-1
Albert Leung, MD https://www.doximity.com/cv/albert-leung-md-slash-1
Alexander Maglunog, MD https://www.doximity.com/cv/alexander-maglunog-jr
Alexander Nguyen, MD https://www.doximity.com/cv/alexander-nguyen-md
Alexandra Cardinal, MD https://www.doximity.com/cv/alexandra-cardinal-md/1
Alfred J. Beshai, MD https://www.doximity.com/cv/alfred-beshai-md-3
Alfredo Dopico, MD https://www.doximity.com/cv/alfredo-dopico-md-30ed
Alireza Abdollahi-Fard, MD https://www.doximity.com/cv/alireza-abdollahi-fard-md-1
Allen Ninh, MD https://www.doximity.com/cv/allen-ninh-md
Aman Mahajan, MD https://www.doximity.com/cv/aman-mahajan-md-slash-4
Amanda K. Williams, MD https://www.doximity.com/cv/amanda-k-williams-md
Amardeep Heyer, MD https://www.doximity.com/cv/amardeep-heyer-md-4
Amit Sharma, MD https://www.doximity.com/cv/amitsharmamd
Amul Patel, MD https://www.doximity.com/cv/amulpatel
Andrea Clark, MD https://www.doximity.com/cv/andrea-clark-md-3
Andrea Cruz, MD https://www.doximity.com/cv/andrea-cruz-md-slash-1
Andreas Xagoraris, MD https://www.doximity.com/cv/andreas-xagoraris-md-1
Andrew G. Newman, MD https://www.doximity.com/cv/andrew-g-newman-md
Andrew Green, MD https://www.doximity.com/cv/andrew-green-md-1fa46640
andrew sagante, MD https://www.doximity.com/cv/andrew-sagante
Andrew Nguyen, MD https://www.doximity.com/cv/andrewnguyen
Aneesh Goel, MD https://www.doximity.com/cv/aneesh-goel-md
Anh Ngo, MD https://www.doximity.com/cv/anhlngo
Anil Sharma, MD https://www.doximity.com/cv/anil-sharma-md-slash-3
Anirban Sahu, MD https://www.doximity.com/cv/anirbansahu
Ankur Khanna, MD https://www.doximity.com/cv/ankur-khanna
Ann Cheri Foxx, MD https://www.doximity.com/cv/ann-cheri-foxx-md-1
Anna Sottile, MD https://www.doximity.com/cv/anna-sottile-md-slash-3
Anthony Giberman, MD https://www.doximity.com/cv/anthony-giberman-md-1
Anthony Oliva, MD https://www.doximity.com/cv/anthony-oliva-8669
Aparna Dalal, MD https://www.doximity.com/cv/aparna-dalal-md-slash-1
Aram Messerlian, MD https://www.doximity.com/cv/aram-messerlian-md-1
Andrew Rivera, MD https://www.doximity.com/cv/arh9047
Arkadi Beloiartsev, MD https://www.doximity.com/cv/arkadi-beloiartsev-md-slash-1
Arnold DeLeon, MD https://www.doximity.com/cv/arnold-deleon-md-1
Artem Emple, MD https://www.doximity.com/cv/artem-emple-md
Artemus Flagg, MD https://www.doximity.com/cv/artemus-flagg-ii-md
Arthur Chyan, MD https://www.doximity.com/cv/arthur-chyan
Asim Lal, MD https://www.doximity.com/cv/asim
Avani Trivedi, MD https://www.doximity.com/cv/avani-trivedi-do-1
Azzam Alkhudari, MD https://www.doximity.com/cv/azzam-alkhudari-md-1
Brent Altenhof, MD https://www.doximity.com/cv/baltenhof
Andrew Banooni, MD https://www.doximity.com/cv/banooni
Barry Newman, MD https://www.doximity.com/cv/barry-newman-md-2b5408ba
Barry Swerdlow, MD https://www.doximity.com/cv/barry-swerdlow-md-1
Basavana Goudra, MD https://www.doximity.com/cv/basavana-goudra-md-slash-2
Barbara (Basia) Jenkins, MD https://www.doximity.com/cv/basia-jenkins-md
Beamy Sharma, MD https://www.doximity.com/cv/beamy-sharma-md-1
John Arevalo, MD https://www.doximity.com/cv/ben_arevalo
Benjamin Aquino, MD https://www.doximity.com/cv/benjamin-aquino-md-1
Benjamin Katz, MD https://www.doximity.com/cv/benjamin-katz-md-abf6
Benjamin Longwell, MD https://www.doximity.com/cv/benjamin-longwell-do-2
Benjamin Mori, MD https://www.doximity.com/cv/benjaminmori
Billy Huh, MD https://www.doximity.com/cv/billy-huh-md-1
Robert Bolash, MD https://www.doximity.com/cv/bolash
Boris Aronzon, MD https://www.doximity.com/cv/boris-aronzon-md-1
Bradford Smith, MD https://www.doximity.com/cv/bradford-smith-md-0dce
Bradley Lee, MD https://www.doximity.com/cv/bradleyhlee
J. Brandon Winchester, MD https://www.doximity.com/cv/brandonwinchestermd
Brett Fenson, MD https://www.doximity.com/cv/brett-fenson-md-1
Brian Batdorf, MD https://www.doximity.com/cv/brian-batdorf-do-1
Brian Bobzien, MD https://www.doximity.com/cv/brian-bobzien-md-1
Brian Kravitz, MD https://www.doximity.com/cv/brian-kravitz-md-2
Brian Lemkuil, MD https://www.doximity.com/cv/brian-lemkuil-md-1
Brian Lemper, MD https://www.doximity.com/cv/brian-lemper-do-slash-1
Brian McNiff, MD https://www.doximity.com/cv/brian-mcniff-do-1
Brian Tsang, MD https://www.doximity.com/cv/brian-tsang-md-slash-2
Briana Rodriguez, MD https://www.doximity.com/cv/briana-rodriguez
Bridget Lopez, MD https://www.doximity.com/cv/bridget-coughlin-md-5
Bronson Crawford, MD https://www.doximity.com/cv/bronson-crawford-pharmd-md
Brooke Tsao, MD https://www.doximity.com/cv/brooke-ingram-tsao-md
Bruce Dorman, MD https://www.doximity.com/cv/bruce-dorman-md-2
Bryan Kerner, MD https://www.doximity.com/cv/bryan-kerner
Burke O'Neal, MD https://www.doximity.com/cv/burke-oneal-md-1
Bushra Yasin, MD https://www.doximity.com/cv/bushra-yasin-md-phd
C. Mark Fallows, MD https://www.doximity.com/cv/c-mark-fallows-do
Caleb Ing, MD https://www.doximity.com/cv/caleb-ing-md-1
Cardin Bell, MD https://www.doximity.com/cv/cardin-bell-md-1
Carlos Estrada Alamo, MD https://www.doximity.com/cv/carlos-estrada-alamo-md-mba
Carlos Giron, MD https://www.doximity.com/cv/carlos-giron-md-1
Carlos Munoz, MD https://www.doximity.com/cv/carlos-munoz-md-slash-3
Chonghua Wang, MD https://www.doximity.com/cv/carlwangmd
Carolyn Thai, MD https://www.doximity.com/cv/carolynpthai
Cassandra Duncan-Azadi, MD https://www.doximity.com/cv/cassandra-duncan-azadi-md-1
Catherine Cook, MD https://www.doximity.com/cv/catherine-cook-md-e955c2d5
Cathy Charese Pelham, MD https://www.doximity.com/cv/cathy-charese-pelham-md
Jacob Caylor, MD https://www.doximity.com/cv/caylormd
Celestine Okwuone, MD https://www.doximity.com/cv/celestine-okwuone-md-slash-1
Chad Parvus-Teichmann, MD https://www.doximity.com/cv/chadptmd
Charles Beckenstein, MD https://www.doximity.com/cv/charles-beckenstein-md-slash-6
Charles Gandy Iii, MD https://www.doximity.com/cv/charles-gandy-iii-md-1
Charles Kim, MD https://www.doximity.com/cv/charles-kim-md-slash-19
Charles Napolitano, MD https://www.doximity.com/cv/charles-napolitano-md-1
Charles Porter, MD https://www.doximity.com/cv/charles-porter-md-slash-1
Charles Sims, MD https://www.doximity.com/cv/charles-sims-md-d4049562
Chase Bastian, MD https://www.doximity.com/cv/chase-bastian-do
Raffi Chemsian, MD https://www.doximity.com/cv/chemsian
Christopher Massey, MD https://www.doximity.com/cv/chrismasseymd
Christine Park, MD https://www.doximity.com/cv/christine-park-md
Christopher Reidy, MD https://www.doximity.com/cv/christoph-reidy-md-slash-1
Christopher Chapman, MD https://www.doximity.com/cv/christopher-chapman-md-b4718bc1
Christopher Davis, MD https://www.doximity.com/cv/christopher-davis-md-slash-2
Christopher Westerheide, MD https://www.doximity.com/cv/christopher-westerheide-md-1
Christopher Gay, MD https://www.doximity.com/cv/christophergaymd
Chung-Ih John Chou, MD https://www.doximity.com/cv/cjohnchoumd
Clifford Deutschman, MD https://www.doximity.com/cv/clifford-deutschman-md-1
Clifton Patton, MD https://www.doximity.com/cv/clifton-patton-md-2
Clint Farris, MD https://www.doximity.com/cv/clint-farris-md-1
Robert Cohen, MD https://www.doximity.com/cv/cohenroberti
Courtney Singleton, MD https://www.doximity.com/cv/courtney-singleton-md-phd
Courtney Yegian, MD https://www.doximity.com/cv/courtneyyegian-md
David Wu, MD https://www.doximity.com/cv/curepain
D. Scott McBride, MD https://www.doximity.com/cv/d-scott-mcbride-md
Dae Ik Yi, MD https://www.doximity.com/cv/dae-ik-yi-md-anes
Danesh Mazloomdoost, MD https://www.doximity.com/cv/danesh
Daniel Brown, MD https://www.doximity.com/cv/daniel-brown-md-slash-3
Daniel Choi, MD https://www.doximity.com/cv/daniel-choi-md-slash-5
Daniel Kim, MD https://www.doximity.com/cv/daniel-kim-md-slash-4
Daniel Lazar, MD https://www.doximity.com/cv/daniel-lazar-md-cardiac-anesth
Daniel Ness, MD https://www.doximity.com/cv/daniel-ness-md-slash-1
Daniel Pak, MD https://www.doximity.com/cv/daniel-pak-md-b09abe13
Daniel Rusu, MD https://www.doximity.com/cv/daniel-rusu-md-1
Daniel Tran, MD https://www.doximity.com/cv/daniel-tran-md-slash-5
Daniel Weigle, MD https://www.doximity.com/cv/daniel-weigle-do-c7e34085
Daniel Orlovich, MD https://www.doximity.com/cv/danielsorlovichmdpharmd
Dariusz Nasiek, MD https://www.doximity.com/cv/dariusz-nasiek-md-slash-1
David Barton, MD https://www.doximity.com/cv/david-barton-md-slash-1
David Baxendale, MD https://www.doximity.com/cv/david-baxendale-do-1
David Boyce, MD https://www.doximity.com/cv/david-boyce-md-2
David Calkins, MD https://www.doximity.com/cv/david-calkins-md-slash-1
David Gratch, MD https://www.doximity.com/cv/david-gratch-do-slash-1
David Heisler, MD https://www.doximity.com/cv/david-heisler-md-1
David Lebec, MD https://www.doximity.com/cv/david-lebec-md-slash-1
David Longenecker, MD https://www.doximity.com/cv/david-longenecker-md-1
David Lyons, MD https://www.doximity.com/cv/david-lyons-md-slash-3
David Naibert, MD https://www.doximity.com/cv/david-naibert-md-1
David Oh, MD https://www.doximity.com/cv/david-oh
David Tonkin, MD https://www.doximity.com/cv/david-tonkin-md-slash-1
David Wang, MD https://www.doximity.com/cv/david-wang-md
David West, MD https://www.doximity.com/cv/david-west-md-slash-11
Dawn Baker, MD https://www.doximity.com/cv/dawn-baker-md-practicebalance
Dayle Hodge, MD https://www.doximity.com/cv/dayle-hodge-mdmsphd
Deborah Westergaard, MD https://www.doximity.com/cv/deborah-westergaard-md-1
Deborah Wirsing, MD https://www.doximity.com/cv/deborah-wirsing-md-1
Deepa Kattail, MD https://www.doximity.com/cv/deepa-kattail
Dele Ogunyemi, MD https://www.doximity.com/cv/dele-ogunyemi-do-1
Deloy Oberlin, MD https://www.doximity.com/cv/deloy-oberlin-md-1
Denise Ward, MD https://www.doximity.com/cv/denise-ward-do-1
Dennis Yun, MD https://www.doximity.com/cv/dennisyun
Derek Cheuk, MD https://www.doximity.com/cv/derek-cheuk-md-1
Devanand Mangar, MD https://www.doximity.com/cv/devanand-mangar-md-slash-1
Devon Jeffers, MD https://www.doximity.com/cv/devon-jeffers-md-slash-1
Anita Gupta, MD https://www.doximity.com/cv/docanitagupta
David Simon, MD https://www.doximity.com/cv/doctordavidsimon
Dolores B. Njoku, MD https://www.doximity.com/cv/dolores-b-njoku-md
Donald Kane, MD https://www.doximity.com/cv/donald-kane-do-2
Donald Prough, MD https://www.doximity.com/cv/donald-prough-md-1
Donna Mitchell, MD https://www.doximity.com/cv/donna-mitchell-md-slash-1
Douglas Arbon, MD https://www.doximity.com/cv/douglas-arbon-md-1
Douglas Jacobson, MD https://www.doximity.com/cv/douglas-jacobson-md-3b3f
Douglas Martz, MD https://www.doximity.com/cv/douglas-martz-md-2
Mohammed Elassa, MD https://www.doximity.com/cv/dr-elassa
Matthew Meyer, MD https://www.doximity.com/cv/dr-matthew-meyer
Michael Fishman, MD https://www.doximity.com/cv/dr-michael-fishman
Mohamed Osman, MD https://www.doximity.com/cv/dr-mohamed-osman-md
Dragos Galusca, MD https://www.doximity.com/cv/dragos-galusca-md-1
Daewoong Lee, MD https://www.doximity.com/cv/dw
Dyann Daley, MD https://www.doximity.com/cv/dyanndaleymd
Elizabeth Faust, MD https://www.doximity.com/cv/e-millis-faust-md
Eduardo Dieguez, MD https://www.doximity.com/cv/eduardo-dieguez-md-slash-1
Edward Tavel, MD https://www.doximity.com/cv/edward-tavel-md-slash-1
Edward Walz, MD https://www.doximity.com/cv/edward-walz-md-1
Elena Ashikhmina, MD https://www.doximity.com/cv/elena-ashikhmina-md-2
Elena Chung, MD https://www.doximity.com/cv/elena-chung-md
Elijah Christensen, MD https://www.doximity.com/cv/elijahc
Elise Sullivan, MD https://www.doximity.com/cv/elise-sullivan-md
Lizzie Holtan, MD https://www.doximity.com/cv/elizabeth-ellen-holtan-md
Elizabeth Leweling, MD https://www.doximity.com/cv/elizabeth-leweling-md-1
Elizabeth Michael, MD https://www.doximity.com/cv/elizabeth-thompson-md-slash-6
Elliot Schwartz, MD https://www.doximity.com/cv/elliot-schwartz-md-aaa30966
Eloise Bradham, MD https://www.doximity.com/cv/eloise-bradham-md-5
Edward Mariano, MD https://www.doximity.com/cv/emarianomd
Emil Annabi, MD https://www.doximity.com/cv/emil-annabi-md-slash-3
Emily Hesselink, MD https://www.doximity.com/cv/emily-hesselink
Emily Vail, MD https://www.doximity.com/cv/emily-vail-md-1
Erik Boatman, MD https://www.doximity.com/cv/erik-boatman-md-1
Erik Nelson, MD https://www.doximity.com/cv/erik-nelson-md-4
Erin Crawford, MD https://www.doximity.com/cv/erin-crawford-1
José Ernesto Lopez, MD https://www.doximity.com/cv/ernesto-lopez-md-phd
Errol Hull, MD https://www.doximity.com/cv/errol-hull-md-1
Ethan Nicholls, MD https://www.doximity.com/cv/ethan-nicholls-md-slash-1
Eugene Villa, MD https://www.doximity.com/cv/eugene-villa-md-slash-2
Eung Kim, MD https://www.doximity.com/cv/eung-kim-md-slash-2
Ezekiel Akande, MD https://www.doximity.com/cv/ezekiel-akande-md-1
Farooq Khan, MD https://www.doximity.com/cv/farooq-khan-md-slash-1
Fernando Okonski, MD https://www.doximity.com/cv/fernando-okonski-md-1
Feyce Peralta, MD https://www.doximity.com/cv/feyce-peralta-md-1
Forouzan Sabzevar, MD https://www.doximity.com/cv/forouzan-sabzevar-md-1
Francisco Naveira, MD https://www.doximity.com/cv/francisco-naveira-md-slash-6
Frank Kern, MD https://www.doximity.com/cv/frank-kern-md-slash-1
Frederick Kuo, MD https://www.doximity.com/cv/frederick-kuo
Fredrick Culler, MD https://www.doximity.com/cv/fredrick-culler-md-1
Gabriel Garcia, MD https://www.doximity.com/cv/gabriel-garcia-md-342fca57
Gabriel Rodriguez, MD https://www.doximity.com/cv/gabriel-rodriguez-md-slash-4
Gary Feldman, MD https://www.doximity.com/cv/gary-feldman-md-slash-4
Gary Lienhart, MD https://www.doximity.com/cv/gary-lienhart
Gaurav Jain, MD https://www.doximity.com/cv/gaurav-jain-md-slash-pain
Gaylyn Horne, MD https://www.doximity.com/cv/gaylyn-horne-ballard-md
Geoffrey Boyajian, MD https://www.doximity.com/cv/geoffrey-boyajian-md-1
George Powell, MD https://www.doximity.com/cv/george-powell-md-ebc5ebd4
George Swanson, MD https://www.doximity.com/cv/george-swanson-md-835f9f2b
Gerard Arria-Devoe, MD https://www.doximity.com/cv/gerard-arria-devoe-md-1
Gerardo Labasan, MD https://www.doximity.com/cv/gerardo-labasan-md-2
Ghassan Nemri, MD https://www.doximity.com/cv/ghassan-nemri-md-1
Glenn Zimmet, MD https://www.doximity.com/cv/glenn-zimmet-do-1
Gloria Walters, MD https://www.doximity.com/cv/gloria-walters-md
Grant Chen, MD https://www.doximity.com/cv/grantchen-md-mba
Gregory Barrett, MD https://www.doximity.com/cv/gregory-barrett-do-slash-1
Gregory Chinn, MD https://www.doximity.com/cv/gregory-chinn-md-2
Gregory Flynn, MD https://www.doximity.com/cv/gregory-flynn-md-cbb25d97
Gregory Vassilev, MD https://www.doximity.com/cv/gregory-vassilev-md-1
Gus Shidyak, MD https://www.doximity.com/cv/gus-shidyak-md-5
Hans Salamanca, MD https://www.doximity.com/cv/hans-salamanca-md-phd
Harald Sovinz, MD https://www.doximity.com/cv/harald-sovinz-md-slash-1
Harold Altvater, MD https://www.doximity.com/cv/harold-altvater-md-1
Harold Hardman, MD https://www.doximity.com/cv/harold-hardman-md-slash-1
Harris Bram, MD https://www.doximity.com/cv/harris-bram-md-slash-2
Andrew Harrison, MD https://www.doximity.com/cv/harrisonandrewm0
Harry Mai, MD https://www.doximity.com/cv/harry-mai
Haruo Arita, MD https://www.doximity.com/cv/haruo-arita-md-1
Harvey Shew, MD https://www.doximity.com/cv/harvey-shew-md-slash-1-1
Helder Chin, MD https://www.doximity.com/cv/hchin
Hector Davila, MD https://www.doximity.com/cv/hector-davila-md-slash-1
Helen Bean, MD https://www.doximity.com/cv/helen-bean
Hemant Yagnick, MD https://www.doximity.com/cv/hemant-yagnick-md-1
Henry Su, MD https://www.doximity.com/cv/henrysu-md
Herman Turndorf, MD https://www.doximity.com/cv/hermanturndorfmd
Hieu Hoang, MD https://www.doximity.com/cv/hieu-hoang-md-2
Hoa Luu, MD https://www.doximity.com/cv/hoa-luu-md-1
Holden Brown, MD https://www.doximity.com/cv/holdenbrownmd
H. Rhea Holly, MD https://www.doximity.com/cv/howard-holly-md-2
Howard Mendel, MD https://www.doximity.com/cv/howard-mendel-md-1
Howard Robinson, MD https://www.doximity.com/cv/howard-robinson-md-slash-4
Howard Siegel, MD https://www.doximity.com/cv/howard-siegel-md-slash-5
Harjot Bhandal, MD https://www.doximity.com/cv/hsbhandal
Humayon Khan, MD https://www.doximity.com/cv/humayon-khan-md-4
Ian Cartwright, MD https://www.doximity.com/cv/ian-cartwright-bsc-mbbs-frca
Iker Unzalu, MD https://www.doximity.com/cv/iker-unzalu-md-1
Iqbal Mirza, MD https://www.doximity.com/cv/iqbal-mirza-md-1
Ira Zubkoff, MD https://www.doximity.com/cv/ira-zubkoff-md-slash-1
Ivan Gallegos, MD https://www.doximity.com/cv/ivan-gallegos-md-1
Ivan Parra Sanchez, MD https://www.doximity.com/cv/ivan-parra-sanchez-md-1
J. Grady Crosland, MD https://www.doximity.com/cv/j-grady-crosland-md
J. Malcolm Packer, MD https://www.doximity.com/cv/j-malcolm-packer-md
J. Michael Haering, MD https://www.doximity.com/cv/j-michael-haering-md
Jaime Ronderos, MD https://www.doximity.com/cv/jaime-ronderos-md-slash-4
James Carter, MD https://www.doximity.com/cv/james-c-carter-md
James Crook, MD https://www.doximity.com/cv/james-crook-md-3
James Diesfeld, MD https://www.doximity.com/cv/james-diesfeld-md-slash-1
James Helstrom, MD https://www.doximity.com/cv/james-helstrom-md-1
James Henning, MD https://www.doximity.com/cv/james-henning-md-slash-1
James Marx, MD https://www.doximity.com/cv/james-marx-md-slash-1
James Rowe, MD https://www.doximity.com/cv/james-rowe-md-slash-4
James Schlotman, MD https://www.doximity.com/cv/james-schlotman-md-slash-1
James Spaeth, MD https://www.doximity.com/cv/james-spaeth-md-a2ff050c
Janet Grotticelli, MD https://www.doximity.com/cv/janet-grotticelli-do-slash-1
Janet Hong, MD https://www.doximity.com/cv/janet-hong
Jan Slomba, MD https://www.doximity.com/cv/janslomba
Jared Pearson, MD https://www.doximity.com/cv/jared-pearson-md-slash-1
Jarred Mait, MD https://www.doximity.com/cv/jarred-mait-md-slash-1
Jarva Chow, MD https://www.doximity.com/cv/jarva-chow-md-1
Jason Hafer, MD https://www.doximity.com/cv/jason-hafer-md-slash-1
Jason Hall, MD https://www.doximity.com/cv/jason-hall-1
Jason Hirsch, MD https://www.doximity.com/cv/jason-hirsch-md-3
Jason Merrell, MD https://www.doximity.com/cv/jason-merrell-md-2
Jason Oliver, MD https://www.doximity.com/cv/jason-oliver-do-2f1619e4
Javier Ruiz, MD https://www.doximity.com/cv/javier-ruiz-md-3265ee2c
Jay Wesevich, MD https://www.doximity.com/cv/jay-wesevich-md-1
Jay Joshi, MD https://www.doximity.com/cv/jayjoshimd
Jay Kothari, MD https://www.doximity.com/cv/jaykotharimd
Aashish Kumar, MD https://www.doximity.com/cv/jaykumarmd
Joseph Blake Norman, MD https://www.doximity.com/cv/jbnorman
J. C. Gerancher, MD https://www.doximity.com/cv/jc-gerancher-md
Jialiu Li, MD https://www.doximity.com/cv/jd-li-md
Jose Dominguez, MD https://www.doximity.com/cv/jedmd
Jeffery Ollis, MD https://www.doximity.com/cv/jeffery-ollis-md-1
Jeffrey Carruth, MD https://www.doximity.com/cv/jeffrey-carruth-md-1
Jeffrey Joseph, MD https://www.doximity.com/cv/jeffrey-joseph-do-2
Jeffrey Martin, MD https://www.doximity.com/cv/jeffrey-martin-md-7f20e21c
Jeffrey Hamilton, MD https://www.doximity.com/cv/jeffrey-robert-hamilton
Jeffrey Schneider, MD https://www.doximity.com/cv/jeffrey-schneider-md-c5d37c0e
Jennifer Bradford, MD https://www.doximity.com/cv/jennifer-bradford-md-1
Jeremy Bates, MD https://www.doximity.com/cv/jeremy-bates-md-1
Jessica Darnobid, MD https://www.doximity.com/cv/jessica-darnobid-md
Jessica Huang, MD https://www.doximity.com/cv/jessica-huang-md-slash-3
Joe Johnson, MD https://www.doximity.com/cv/joe-johnson/2
Joe Liu, MD https://www.doximity.com/cv/joe-liu-md-e1b8267c
John Benecke, MD https://www.doximity.com/cv/john-benecke-do-927956f5
John Buckwalter, MD https://www.doximity.com/cv/john-buckwalter-md-2
John Campbell, MD https://www.doximity.com/cv/john-campbell-do-slash-3
John Cherukara, MD https://www.doximity.com/cv/john-cherukara-1
John Dicapua, MD https://www.doximity.com/cv/john-dicapua-md-1
John Dooley, MD https://www.doximity.com/cv/john-dooley-md-slash-3
John Foote, MD https://www.doximity.com/cv/john-foote-md-slash-3
John Freiberger, MD https://www.doximity.com/cv/john-freiberger-md-1
John Goodpasture, MD https://www.doximity.com/cv/john-goodpasture-md-1
John Hague, MD https://www.doximity.com/cv/john-hague-md-slash-1
John Hajibashi, MD https://www.doximity.com/cv/john-hajibashi
John Hamilton, MD https://www.doximity.com/cv/john-hamilton-do-1
John Heckathorn, MD https://www.doximity.com/cv/john-heckathorn-do-1
John Pappas, MD https://www.doximity.com/cv/john-pappas-md-slash-2
John Scharf, MD https://www.doximity.com/cv/john-scharf-md-2
John Traylor Iii, MD https://www.doximity.com/cv/john-traylor-iii-md-1
John Ulatowski, MD https://www.doximity.com/cv/john-ulatowski-md-1
John Walton, MD https://www.doximity.com/cv/john-walton-md-5
John Woody, MD https://www.doximity.com/cv/john-woody-md-1
John Worth, MD https://www.doximity.com/cv/john-worth-do-4940b5d1
John Alexander, MD https://www.doximity.com/cv/johncalexandermd
Johnny Wong, MD https://www.doximity.com/cv/johnny-wong-md-e21c093e
Jon Cowan, MD https://www.doximity.com/cv/jon-cowan-md-1
Jonathan Finkelstein, MD https://www.doximity.com/cv/jonathan-finkelstein-md-slash-1
Jonathan Griswold, MD https://www.doximity.com/cv/jonathan-griswold-md-1
Johnathan Pak, MD https://www.doximity.com/cv/jonathan-pak-md-2
Jon Andrews, MD https://www.doximity.com/cv/jonsandrewsmd
Jordan Newmark, MD https://www.doximity.com/cv/jordan-newmark-md-1
Jose Bonilla, MD https://www.doximity.com/cv/josebonillamd
Joseph Belmonte, MD https://www.doximity.com/cv/joseph-belmonte-do-1
Joseph Graham, MD https://www.doximity.com/cv/joseph-graham-md-7cee
Joseph Peters, MD https://www.doximity.com/cv/joseph-peters-md-slash-6
Josephine Gambardella, MD https://www.doximity.com/cv/josephine-gambardella-md-1
Joseph Queen, MD https://www.doximity.com/cv/josephqueenmd
Joshua Horowitz, MD https://www.doximity.com/cv/joshua-horowitz-do-2
Joshua Shroll, MD https://www.doximity.com/cv/joshua-shroll-md-1
Jaspinder Sra, MD https://www.doximity.com/cv/jsra
Julia Aharonov, MD https://www.doximity.com/cv/julia-aharonov-do-1
Julia H. Ding, MD https://www.doximity.com/cv/juliading
Justin Wikle, MD https://www.doximity.com/cv/justin-wikle-md-1
Kalyan Kalava, MD https://www.doximity.com/cv/kalyan-kalava-md-6
Kan Zhang, MD https://www.doximity.com/cv/kan-zhang-md-a941a9fa
Kasey Regan, MD https://www.doximity.com/cv/kasey-regan-md-1
Kathleen Rosen, MD https://www.doximity.com/cv/kathleen-rosen-md-3
Margaret Ellis, MD https://www.doximity.com/cv/katie-menzel-md-slash-1
Katrina Lewis, MD https://www.doximity.com/cv/katrina-lewis-md-1
Keith Vogt, MD https://www.doximity.com/cv/keith-vogt-md-phd
Kellie Moore, MD https://www.doximity.com/cv/kellie-moore-slash-1
Kenneth Fulp, MD https://www.doximity.com/cv/kenneth-fulp-do-1
Kenneth Goldschneider, MD https://www.doximity.com/cv/kenneth-goldschneider-md-slash-1
Kerri Murphy, MD https://www.doximity.com/cv/kerri-murphy-do-slash-1
Kevin Ng, MD https://www.doximity.com/cv/kevin-p-ng-md
Kevin Emr, MD https://www.doximity.com/cv/kevinemr
Kevin Li, MD https://www.doximity.com/cv/kevinlimd
Kirk Lalwani, MD https://www.doximity.com/cv/kirk-lalwani-md-slash-1
Kirsten Reinbold, MD https://www.doximity.com/cv/kirsten-reinbold-md-1
Koichi Nomoto, MD https://www.doximity.com/cv/koichi-nomoto-md-afa8d034
Orkun Kopac, MD https://www.doximity.com/cv/kopaco
Kristina Mayo, MD https://www.doximity.com/cv/kristina-mayo-md
Kristine Lane, MD https://www.doximity.com/cv/kristine-lane-md
Krupa Desai, MD https://www.doximity.com/cv/krupa-desai-md-slash-1
Kristopher Schwebler, MD https://www.doximity.com/cv/kschwebler
Kyle Ahn, MD https://www.doximity.com/cv/kyle-ahn-md-4
L. Douglas Van Fossen, MD https://www.doximity.com/cv/l-douglas-van-fossen-do
Carroll Chambers, MD https://www.doximity.com/cv/labron-chambers-md
Sabri Malek, MD https://www.doximity.com/cv/laipipasadena-1
Larry Hopkins, MD https://www.doximity.com/cv/larry-hopkins-md-1
Larry Zhou, MD https://www.doximity.com/cv/larry-zhou-md-3
Laura Ferguson, MD https://www.doximity.com/cv/laura-ferguson-md-slash-4
Laura Hammel, MD https://www.doximity.com/cv/laura-hammel-md-1
Lauren Alderette, MD https://www.doximity.com/cv/lauren-alderette-md-8056cd44
Laurence Mark, MD https://www.doximity.com/cv/laurence-mark-md-1
Lawrence Berman, MD https://www.doximity.com/cv/lawrence-berman-md-slash-5
Lawrence Epstein, MD https://www.doximity.com/cv/lawrence-epstein-md-slash-2
Kay Lee, MD https://www.doximity.com/cv/lee-md
Aron Legler, MD https://www.doximity.com/cv/legler
Leila Pang, MD https://www.doximity.com/cv/leila-pang-md-1
Leonard Allmond, MD https://www.doximity.com/cv/leonard-allmond-md-slash-1
Leslie Matthews, MD https://www.doximity.com/cv/leslie-matthews-md-5382a907
Lewis Satloff, MD https://www.doximity.com/cv/lewissatloff
Linda Li, MD https://www.doximity.com/cv/linda-li-md
Linda Trapani, MD https://www.doximity.com/cv/linda-trapani-md-1
Ling Qun Hu, MD https://www.doximity.com/cv/ling-qun-hu-md
Linwood Spruiell, MD https://www.doximity.com/cv/linwood-spruiell-md-2
Lisa Chan, MD https://www.doximity.com/cv/lisachanmd
Lorne Cross, MD https://www.doximity.com/cv/lorne-cross-md-1
Lorraine Ryan, MD https://www.doximity.com/cv/lorraine-ryan-md-1
Luis Vasquez, MD https://www.doximity.com/cv/lusilev
Shearin Knox, MD https://www.doximity.com/cv/lynn-knox-md
Maged Andrews, MD https://www.doximity.com/cv/maged-andrews-md-3
Mohammad Chaudhry, MD https://www.doximity.com/cv/malic
Man Le, MD https://www.doximity.com/cv/man-le-md-1
Manish Shah, MD https://www.doximity.com/cv/manish-shah-md-slash-14
Marc Estioko, MD https://www.doximity.com/cv/marcdaryl-estioko-md
Maria Elena Cruz MD, MD https://www.doximity.com/cv/maria-elena-cruz-md
Marie Kolattukudy, MD https://www.doximity.com/cv/marie-kolattukudy-md-1
Mark Anders, MD https://www.doximity.com/cv/mark-anders-md-goblue
Mark Bennett, MD https://www.doximity.com/cv/mark-bennett-md-6
Mark Brouillette, MD https://www.doximity.com/cv/mark-brouillette-md
Mark Comunale, MD https://www.doximity.com/cv/mark-comunale-md-1
Marco DiCaprio, MD https://www.doximity.com/cv/mark-dicaprio
Mark Harris, MD https://www.doximity.com/cv/mark-harris-md-slash-2
Mark Winik, MD https://www.doximity.com/cv/mark-winik-md-3
Markus Kaiser, MD https://www.doximity.com/cv/markus-kaiser-md-6
Martin Klos, MD https://www.doximity.com/cv/martin-klos-md-1
Jose Taveras, MD https://www.doximity.com/cv/martin-taveras-guzman-md
Mary Craddock, MD https://www.doximity.com/cv/mary-craddock-md-1
Mary Shaw, MD https://www.doximity.com/cv/mary-shaw-md-2c69862b
Masroor Syed, MD https://www.doximity.com/cv/masroor-syed-md-1
Matthew Porter, MD https://www.doximity.com/cv/matt-md
Matthew Fishman, MD https://www.doximity.com/cv/mattfishman
Matthew DeVries, MD https://www.doximity.com/cv/matthew-devries-2
Matthew Fischer, MD https://www.doximity.com/cv/matthew-fischer-md-slash-3
Matthew Fisher, MD https://www.doximity.com/cv/matthew-fisher-do-1
Matthew Sigakis, MD https://www.doximity.com/cv/matthew-sigakis-md-2
Maurice Gilbert, MD https://www.doximity.com/cv/maurice-gilbert-md-1
Maurizio Albala, MD https://www.doximity.com/cv/maurizio-albala-md-slash-1
Maxime Cannesson, MD https://www.doximity.com/cv/maxime-cannesson-md-1
Mee Jee Lee, MD https://www.doximity.com/cv/meejeeleemd
Megan Henley Hicks, MD https://www.doximity.com/cv/megan-henley-hicks-md
Megan Morris, MD https://www.doximity.com/cv/megan-m-morris-md
Meghan Horn, MD https://www.doximity.com/cv/meghan-horn-md-slash-1
Mehrnoosh Jahani, MD https://www.doximity.com/cv/mehrnoosh-jahani-do-1
Melissa D. McCabe, MD https://www.doximity.com/cv/melissa-d-mccabe-md
Meredith Adams, MD https://www.doximity.com/cv/meredith-adams-md
Michael Evans, MD https://www.doximity.com/cv/mevans
Maximilian Lang, MD https://www.doximity.com/cv/mflang-md
Mias Pretorius, MD https://www.doximity.com/cv/mias-pretorius-md-1
Michael Adragna, MD https://www.doximity.com/cv/michael-adragna-md-4
Michael Angelucci, MD https://www.doximity.com/cv/michael-angelucci-md-1
Michael Boisen, MD https://www.doximity.com/cv/michael-boisen-md-1
Michael Castillo, MD https://www.doximity.com/cv/michael-castillo-md-slash-1
Michael Davis, MD https://www.doximity.com/cv/michael-davis-md-slash-34
Michael Gaume, MD https://www.doximity.com/cv/michael-gaume-md-1
Michael Holland, MD https://www.doximity.com/cv/michael-holland-md-slash-7
Michael Jopling, MD https://www.doximity.com/cv/michael-jopling-md
Michael Jung, MD https://www.doximity.com/cv/michael-jung-md-mba
Michael Kagan, MD https://www.doximity.com/cv/michael-kagan-md-2
Michael Kiyatkin, MD https://www.doximity.com/cv/michael-kiyatkin-md-2
Michael O'Rourke, MD https://www.doximity.com/cv/michael-o-rourke-md-03c4
Michael Palma, MD https://www.doximity.com/cv/michael-palma-md-slash-2
Michael Raher, MD https://www.doximity.com/cv/michael-raher-md-1
Michael Sprintz, MD https://www.doximity.com/cv/michael-sprintz-do-2
Michael Stein, MD https://www.doximity.com/cv/michael-stein-do-de81e3c0
Michael Weber, MD https://www.doximity.com/cv/michael-weber-md-slash-3-retired
Michael Weinberg, MD https://www.doximity.com/cv/michael-weinberg-md-slash-2
Michael Persaud, MD https://www.doximity.com/cv/michaelpersaudmd
Micheal Rice, MD https://www.doximity.com/cv/micheal-todd-rice-md
Michelle Collier, MD https://www.doximity.com/cv/michelle-lawrence-md-1
Miguel Aguilera, MD https://www.doximity.com/cv/miguel-aguilera-md-d74c7702
Miguel Dominguez, MD https://www.doximity.com/cv/miguel-dominguez-md-2
Min-Shue Chen, MD https://www.doximity.com/cv/min-shue-chen-md-slash-1
Ming Zhuo-Stine, MD https://www.doximity.com/cv/ming-zhuo-stine-md-1
Mir Ali, MD https://www.doximity.com/cv/mir-ali-md-c0fdc113
Mohammed Minhaj, MD https://www.doximity.com/cv/mohammed-minhaj-md-1
Mojgan Moallempour, MD https://www.doximity.com/cv/mojgan-moallempour-md-1
Miguel Morcuende Gonzalez, MD https://www.doximity.com/cv/morcuende
Moustafa Ahmed, MD https://www.doximity.com/cv/moustafa-ahmed-md-2
Mohammed Wada, MD https://www.doximity.com/cv/mshazad-wada-md
Michael Tien, MD https://www.doximity.com/cv/mtien
Muhammad Qadri, MD https://www.doximity.com/cv/muhammad-qadri-md-slash-2
Mylene Matti, MD https://www.doximity.com/cv/mylene-matti-md-1
Myroslav Figura, MD https://www.doximity.com/cv/myroslav-figura-1
Nancy L.R. Layton, MD https://www.doximity.com/cv/nancy-layton-md-1
Nancy Reierson, MD https://www.doximity.com/cv/nancy-reierson-md-4
Nanette Schwann, MD https://www.doximity.com/cv/nanette-schwann-md-1
Natalio Schwartz, MD https://www.doximity.com/cv/natalio-schwartz-md-1
Nathan Brandon, MD https://www.doximity.com/cv/nathan-brandon-md-1
Nathan Sneddon, MD https://www.doximity.com/cv/nathan-sneddon-md-slash-1
Nathaniel Greene, MD https://www.doximity.com/cv/nathaniel-greene-md-2
Neal Blauzvern, MD https://www.doximity.com/cv/neal-blauzvern-do-2
Neeraj Kapur, MD https://www.doximity.com/cv/neerajkapur
Neil Patel, MD https://www.doximity.com/cv/neil-patel-md-b4b3d34d
Nicholas Bircher, MD https://www.doximity.com/cv/nicholas-bircher-md-1
Nicole Yin, MD https://www.doximity.com/cv/nicolesyin
Nidhi Desai, MD https://www.doximity.com/cv/nidhidesai44
Nikesh Seth, MD https://www.doximity.com/cv/nikesh-seth-md-slash-1
Nima Keyvan, MD https://www.doximity.com/cv/nima-keyvan-md
Norman Cohen, MD https://www.doximity.com/cv/norman-cohen-md-slash-3
Norman Herman, MD https://www.doximity.com/cv/norman-herman-md-slash-2
Nirav Shah, MD https://www.doximity.com/cv/nshah
Ofer Wellisch, MD https://www.doximity.com/cv/ofer-wellisch-md-2
Olaoluwakitan Awolesi, MD https://www.doximity.com/cv/ola-awolesi-md
Olabisi Asimolowo, MD https://www.doximity.com/cv/olabisi-asimolowo-md
Omar Salman, MD https://www.doximity.com/cv/omar-salman-md
Omar Gafur, MD https://www.doximity.com/cv/omargafur
Oseogie Okojie, MD https://www.doximity.com/cv/oseogie-okojie-md
Bijan Osmani, MD https://www.doximity.com/cv/osmanimd
Gurpreet Padda, MD https://www.doximity.com/cv/padda-md
Patricia Guan, MD https://www.doximity.com/cv/pat-gu-md
Paul Cheng, MD https://www.doximity.com/cv/paul-cheng-1
Paul Lafavore, MD https://www.doximity.com/cv/paul-lafavore-md-slash-1
Paul Loubser, MD https://www.doximity.com/cv/paul-loubser-md-1
Paul Sansone, MD https://www.doximity.com/cv/paul-sansone-md-1
Paul Youngstrom, MD https://www.doximity.com/cv/paul-youngstrom-md-1
Pavan Telang, MD https://www.doximity.com/cv/pavan-telang-md-1
Perin Kothari, MD https://www.doximity.com/cv/perin-kothari
Peter Neuburger, MD https://www.doximity.com/cv/peter-neuburger-md-1
Peter Norstedt, MD https://www.doximity.com/cv/peter-norstedt-md
Peter Sirianni, MD https://www.doximity.com/cv/peter-sirianni-md-slash-2
Peter Warheit, MD https://www.doximity.com/cv/peter-warheit-md-1
Peter Wu, MD https://www.doximity.com/cv/peter-wu-md-slash-1
Philip Effraim, MD https://www.doximity.com/cv/philip-effraim-md-phd
Philip Eichenholz, MD https://www.doximity.com/cv/philip-eichenholz-md-1
Philip Chung, MD https://www.doximity.com/cv/philipchung
Phillip Haggerty, MD https://www.doximity.com/cv/phillip-haggerty-md-1
Paul Potnuru, MD https://www.doximity.com/cv/potnuru
Radmila Popovic, MD https://www.doximity.com/cv/radmila-popovic-md-slash-1
Raffi Dishakjian, MD https://www.doximity.com/cv/raffi-dishakjian-md-1
Rahul Chakravarty, MD https://www.doximity.com/cv/rahul-chakravarty-md-2
Rashid Hussain, MD https://www.doximity.com/cv/rashidshussain-md
Rayhan Tariq, MD https://www.doximity.com/cv/rayhan-tariq
Raymond Planinsic, MD https://www.doximity.com/cv/raymond-planinsic-md-2
Raymond Roy, MD https://www.doximity.com/cv/raymond-roy-md-1
Razvan Azamfirei, MD https://www.doximity.com/cv/razvanazamfirei
Robert Call, MD https://www.doximity.com/cv/rccall
Rebecca Dale, MD https://www.doximity.com/cv/rebecca-dale-do-1
Reginald Ajakwe, MD https://www.doximity.com/cv/reginald-ajakwe-md-1
Rehan Memon, MD https://www.doximity.com/cv/rehan-memon-md-1
Renee Davis, MD https://www.doximity.com/cv/renee-davis-md-f1025289
Richard Annulli, MD https://www.doximity.com/cv/richard-annulli-md-1
Richard Gilbert, MD https://www.doximity.com/cv/richard-gilbert-md-slash-1
Richard Hecker, MD https://www.doximity.com/cv/richard-hecker-do-faoca
Richard Kim, MD https://www.doximity.com/cv/richard-k-kim
Richard Moon, MD https://www.doximity.com/cv/richard-moon-md
Rickard Hawkins, MD https://www.doximity.com/cv/rickard-hawkins-md-1
Rishi Kadakia, MD https://www.doximity.com/cv/rishikadakia
Rishi Kumar, MD https://www.doximity.com/cv/rishikumarmd
Rita Patel, MD https://www.doximity.com/cv/rita-patel-md-slash-1
Robert Arno, MD https://www.doximity.com/cv/robert-arno-md-1
Robert Bien, MD https://www.doximity.com/cv/robert-bien-md-1
Robert Bowers, MD https://www.doximity.com/cv/robert-bowers-md-slash-3
Robert Farney, MD https://www.doximity.com/cv/robert-farney-md-8bdd2c1b
Robert Funk, MD https://www.doximity.com/cv/robert-funk-md-slash-1
Robert Hurley, MD https://www.doximity.com/cv/robert-hurley-md-slash-1
Robert Savala, MD https://www.doximity.com/cv/robert-savala-md-bb5c8a1b
Robert Stevens, MD https://www.doximity.com/cv/robert-stevens-md-slash-3
Robert Lee, MD https://www.doximity.com/cv/robertleemd
Roberto Huertas, MD https://www.doximity.com/cv/roberto-huertas-md-slash-2
Robert Reid, MD https://www.doximity.com/cv/robertreid
Robin Aldwinckle, MD https://www.doximity.com/cv/robin-aldwinckle-md-1
Rodolfo Gari, MD https://www.doximity.com/cv/rodolfo-gari-md-1
Ronald Harbut, MD https://www.doximity.com/cv/ronald-harbut-md-1
Ronald White, MD https://www.doximity.com/cv/ronald-white-md-b53149d2
Rose Christopherson, MD https://www.doximity.com/cv/rose-christopherson-md-1
Russell McAllister, MD https://www.doximity.com/cv/russell-mcallister-md-2
Russell Sachs, MD https://www.doximity.com/cv/russell-sachs-md-1
Saket Singh, MD https://www.doximity.com/cv/saket-singh-md-1
Samir Haddad, MD https://www.doximity.com/cv/samir-haddad-md-slash-1
Samuel Bouchillon, MD https://www.doximity.com/cv/samuel-bouchillon-md-2
Sanjana Vig, MD https://www.doximity.com/cv/sanjana-vig-md-mba
Sanjib Adhikary, MD https://www.doximity.com/cv/sanjib-adhikary-md-1
Sara Mackerley, MD https://www.doximity.com/cv/sara-mackerley-do-1
Sarah Sorlien, MD https://www.doximity.com/cv/sarah-sorlien-md
Sarah Starr, MD https://www.doximity.com/cv/sarah-starr-md-1
Scott Engwall, MD https://www.doximity.com/cv/scott-engwall-md-1
Scott Sauer, MD https://www.doximity.com/cv/scott-sauer-do-1
Sean Hunt, MD https://www.doximity.com/cv/sean-hunt-md-slash-1
Sean White, MD https://www.doximity.com/cv/sean-white-md-7d01
Sebastian Guman, MD https://www.doximity.com/cv/sebastian-guman-md-1
Sebastian Tongson, MD https://www.doximity.com/cv/sebastian-tongson-md-slash-1
Selby Johnson, MD https://www.doximity.com/cv/selby-johnson-md-0028a39f
Shanthi Aribindi, MD https://www.doximity.com/cv/shanthi-aribindi-md-slash-1
Sharon Couch, MD https://www.doximity.com/cv/sharon-carrillo-couch-md
Shelby Bentz, MD https://www.doximity.com/cv/shelby-bentz-md-slash-1
Sherman Shlomo Elspas, MD https://www.doximity.com/cv/sherman-shlomo-elspas-md
Shiliang Alice Cao, MD https://www.doximity.com/cv/shiliangalicecao-md
Shira Black, MD https://www.doximity.com/cv/shira-black-do-161fd723
Shiu-Yi Chen, MD https://www.doximity.com/cv/shiu-yi-chen-md-2
Shridevi Pandya Shah, MD https://www.doximity.com/cv/shridevi-pandya-shah-md-1
Shushovan Chakrabortty, MD https://www.doximity.com/cv/shushovan-chakrabortty-md-slash-1
Silas Joseph, MD https://www.doximity.com/cv/silas-joseph-1
Sondra Rosander, MD https://www.doximity.com/cv/sondra-buist-md-slash-1
Sonia Saini, MD https://www.doximity.com/cv/sonia-saini-md-10
Stefano Ferazzoli, MD https://www.doximity.com/cv/stefano-ferazzoli-md-80191950
Stephen Hirshorn, MD https://www.doximity.com/cv/stephen-hirshorn-md-1
Stephen Irwin, MD https://www.doximity.com/cv/stephen-irwin-md-slash-1
Steven Beck, MD https://www.doximity.com/cv/steven-beck-md-slash-1
Steven Boggs, MD https://www.doximity.com/cv/steven-boggs-md
Steven Finkelstein, MD https://www.doximity.com/cv/steven-finkelstein-md-slash-1
Steven Young, MD https://www.doximity.com/cv/steven-k-young-md
Steven Morozowich, MD https://www.doximity.com/cv/steven-morozowich
Steven Shulman, MD https://www.doximity.com/cv/steven-shulman-md-1
Steven Weissman, MD https://www.doximity.com/cv/steven-weissman-md-2
Steven Woodring, MD https://www.doximity.com/cv/steven-woodring-do-1
Steven Larsen, MD https://www.doximity.com/cv/stevendlarsen
Steven Mandel, MD https://www.doximity.com/cv/stevenlmandelmd
Sun Mei Liu, MD https://www.doximity.com/cv/sun-mei-liu-md
Sunny Sandhu, MD https://www.doximity.com/cv/sunny-sandhu-md-1
Sachin Jha, MD https://www.doximity.com/cv/sunnyjha
Susan Hung, MD https://www.doximity.com/cv/susan-hung-md-1
Syed Ahmed, MD https://www.doximity.com/cv/syed-ahmed-md-slash-50
Syed Razvi, MD https://www.doximity.com/cv/syed-asim-razvi-md-1
Syed Jaffery, MD https://www.doximity.com/cv/syed-jaffery-md
Tamara Hayes, MD https://www.doximity.com/cv/tamara-hayes-md-1
Thanh Tran, MD https://www.doximity.com/cv/thanh-tran-md
Tory Cange, MD https://www.doximity.com/cv/thetorstory
Tho Nguyen, MD https://www.doximity.com/cv/tho-nguyen-md-e8b87f0d
Thomas Clarke, MD https://www.doximity.com/cv/thomas-clarke-md-5
Thomas Jan, MD https://www.doximity.com/cv/thomas-jan-md-slash-1
Thomas Martin, MD https://www.doximity.com/cv/thomas-martin-md-57f9
Thomas Milligan, MD https://www.doximity.com/cv/thomas-milligan-do-2
Thomas Safina, MD https://www.doximity.com/cv/thomas-safina-md-1
Thomas Valente, MD https://www.doximity.com/cv/thomas-valente-md-slash-1
Thomas Whalen, MD https://www.doximity.com/cv/thomas-whalen-md-slash-1
Tim Vadeboncouer, MD https://www.doximity.com/cv/tim-vadeboncouer-md-slash-1
Timothy Tran, MD https://www.doximity.com/cv/timothy-tran-md-e2ab59bb
Thomas Berry, MD https://www.doximity.com/cv/tjoelberry
Thomas Cox, MD https://www.doximity.com/cv/tom-cox-md
Tom Ju, MD https://www.doximity.com/cv/tomju
Tony Bui, MD https://www.doximity.com/cv/tony-bui-md-slash-1
Tonya Watson, MD https://www.doximity.com/cv/tonya-watson-md-1
Tracey Enlow, MD https://www.doximity.com/cv/tracey-enlow-md-1
Tracey Stierer, MD https://www.doximity.com/cv/tracey-smith-stierer-md-1
Tracy Warden, MD https://www.doximity.com/cv/tracy-dot-warden-dot-md
Trevor Green, MD https://www.doximity.com/cv/trevor-green-do-1
Trevor Myers, MD https://www.doximity.com/cv/trevor-myers-md-1
Tsal Wei, MD https://www.doximity.com/cv/tsal-wei-md-1
Tulio Gonzalez Ayala, MD https://www.doximity.com/cv/tulio-jose-gonzalez-ayala-md
Tushar Sharma, MD https://www.doximity.com/cv/tushar-sharma-md
Veena Graff, MD https://www.doximity.com/cv/veenagraffmd
Victor Davila, MD https://www.doximity.com/cv/victor-davila-md
Victor Terebuh, MD https://www.doximity.com/cv/victor-terebuh-md-slash-1
Victoria Sanjuan, MD https://www.doximity.com/cv/victoria-sanjuan-md-1
Victor Scott, MD https://www.doximity.com/cv/victorlesliejamesscottmd
Vijay Parekh, MD https://www.doximity.com/cv/vijay-parekh-md-slash-1
Vladimir Fiks, MD https://www.doximity.com/cv/vladimir-fiks-md-2
William Daniel, MD https://www.doximity.com/cv/w-thomas-daniel-md-1
Walter Lewis, MD https://www.doximity.com/cv/walter-lewis-md-6
Way Yin, MD https://www.doximity.com/cv/way-yin-md-slash-1
Wayne Hellman, MD https://www.doximity.com/cv/wayne-hellman-md-1
Wei Chao, MD https://www.doximity.com/cv/wei-chao-md-slash-1
Weiqing Ng, MD https://www.doximity.com/cv/weiqing-ng-md-slash-1
Wes Irwin, MD https://www.doximity.com/cv/wesjirwinmdms
Wesley Merritt, MD https://www.doximity.com/cv/wesley-merritt-md-1
James Greyard, MD https://www.doximity.com/cv/will-greyard-md
William Choe, MD https://www.doximity.com/cv/william-choe-do-slash-1
William Cleveland, MD https://www.doximity.com/cv/william-cleveland-md-slash-1
William Digney, MD https://www.doximity.com/cv/william-digney
William Lee, MD https://www.doximity.com/cv/william-lee-md-37
William McCutchen, MD https://www.doximity.com/cv/william-mccutchen-do-2
William Witt, MD https://www.doximity.com/cv/william-witt-md-slash-1
Yangseon Park, MD https://www.doximity.com/cv/yangseon
Yashar Ilkhchoui, MD https://www.doximity.com/cv/yashar-ilkhchoui-md-1
Yena Son, MD https://www.doximity.com/cv/yena-son
Yingzhong Tian, MD https://www.doximity.com/cv/ying-tian-md
Yusuke Akahoshi, MD https://www.doximity.com/cv/yjakahoshi
Yuan Chen, MD https://www.doximity.com/cv/yuan-chen-md-slash-2
Yusuf Ahmad, MD https://www.doximity.com/cv/yusuf-ahmad-md-slash-1
Zahidul Huq, MD https://www.doximity.com/cv/zahidhuqmd
Zerlina Wong, MD https://www.doximity.com/cv/zerlinawongmd
Zita Larry, MD https://www.doximity.com/cv/zita-larry-md-slash-1
Zvi Jacob, MD https://www.doximity.com/cv/zvi-jacob-md-1
A Akbar, MD https://www.doximity.com/pub/a-akbar-md
A Bodary, MD https://www.doximity.com/pub/a-bodary-md
A. Bradley, MD https://www.doximity.com/pub/a-bradley-md-c1316543
A. Burns, MD https://www.doximity.com/pub/a-burns-md
A. Cuneyt Ozaktay, MD https://www.doximity.com/pub/a-cuneyt-ozaktay-md
A Epstein, MD https://www.doximity.com/pub/a-epstein-md
A Gamache, MD https://www.doximity.com/pub/a-gamache-md
A Ghafoor Baha, MD https://www.doximity.com/pub/a-ghafoor-baha-md
A Joseph Herbert, MD https://www.doximity.com/pub/a-joseph-herbert-md
A Ozkan, MD https://www.doximity.com/pub/a-ozkan-md
A Wafai, MD https://www.doximity.com/pub/a-wafai-md
A Walman, MD https://www.doximity.com/pub/a-walman-md
A. Wheeler, MD https://www.doximity.com/pub/a-wheeler-md
Aakash Agarwala, MD https://www.doximity.com/pub/aakash-agarwala-md
Aakash Patel, MD https://www.doximity.com/pub/aakash-patel-do-1d9f5da3
Aakash Patel, MD https://www.doximity.com/pub/aakash-patel-md-9918e60f
Aakash Saxena, MD https://www.doximity.com/pub/aakash-saxena-do
Aalap Shah, MD https://www.doximity.com/pub/aalap-shah-md
Aali Shah, MD https://www.doximity.com/pub/aali-shah-md
Aalok Agarwala, MD https://www.doximity.com/pub/aalok-agarwala-md
Aalok Kacha, MD https://www.doximity.com/pub/aalok-kacha-md
Aalok Patel, MD https://www.doximity.com/pub/aalok-patel-do
Aamera Thazyeen, MD https://www.doximity.com/pub/aamera-thazyeen-md
Aamil Patel, MD https://www.doximity.com/pub/aamil-patel-md
Aamir Abbas, MD https://www.doximity.com/pub/aamir-abbas-do
Aamir Rai, MD https://www.doximity.com/pub/aamir-rai-md
Aamir Zariwala, MD https://www.doximity.com/pub/aamir-zariwala-md
Aamod George, MD https://www.doximity.com/pub/aamod-george-md
Aanchal Prakash, MD https://www.doximity.com/pub/aanchal-prakash-md
Aanchal Prakash, MD https://www.doximity.com/pub/aanchal-prakash-md-af0a7861
Aanchal Sharma, MD https://www.doximity.com/pub/aanchal-sharma-md-b35eb656
Aaran Varatharajan, MD https://www.doximity.com/pub/aaran-varatharajan-md
Aaran Varatharajan, MD https://www.doximity.com/pub/aaran-varatharajan-md-67c604ad
Aarchita Buddhadev, MD https://www.doximity.com/pub/aarchita-buddhadev-md-9d221890
Aaric Queen, MD https://www.doximity.com/pub/aaric-queen-md
Aarika Ferko, MD https://www.doximity.com/pub/aarika-ferko-md
Aarohi Ambardekar, MD https://www.doximity.com/pub/aarohi-ambardekar-do
Aaron Ali, MD https://www.doximity.com/pub/aaron-ali-md
Aaron Anderson, MD https://www.doximity.com/pub/aaron-anderson-md
Aaron Artiles, MD https://www.doximity.com/pub/aaron-artiles-md
Aaron Ates, MD https://www.doximity.com/pub/aaron-ates-md
Aaron Balanoff, MD https://www.doximity.com/pub/aaron-balanoff-md
Aaron Barry, MD https://www.doximity.com/pub/aaron-barry-md
Aaron Berg, MD https://www.doximity.com/pub/aaron-berg-do
Aaron Bernadette, MD https://www.doximity.com/pub/aaron-bernadette-md
Aaron Bernotas, MD https://www.doximity.com/pub/aaron-bernotas-md
Aaron Bertoni, MD https://www.doximity.com/pub/aaron-bertoni-md
Aaron Betel, MD https://www.doximity.com/pub/aaron-betel-md
Aaron Bloom, MD https://www.doximity.com/pub/aaron-bloom-do
Aaron Bohn, MD https://www.doximity.com/pub/aaron-bohn-md
Aaron Booth, MD https://www.doximity.com/pub/aaron-booth-md
Aaron Broman, MD https://www.doximity.com/pub/aaron-broman-md
Aaron Brown, MD https://www.doximity.com/pub/aaron-brown-md-73197984
Aaron Brussels, MD https://www.doximity.com/pub/aaron-brussels-md
Aaron Cade, MD https://www.doximity.com/pub/aaron-cade-md
Aaron Calodney, MD https://www.doximity.com/pub/aaron-calodney-md
Aaron Carter, MD https://www.doximity.com/pub/aaron-carter-md-31a75c6d
Aaron Cates, MD https://www.doximity.com/pub/aaron-cates-md
Aaron Chalal, MD https://www.doximity.com/pub/aaron-chalal-md
Aaron Cheung, MD https://www.doximity.com/pub/aaron-cheung-md
Aaron Cheung, MD https://www.doximity.com/pub/aaron-cheung-md-0065469f
Aaron Chun, MD https://www.doximity.com/pub/aaron-chun-md
Aaron Cohn, MD https://www.doximity.com/pub/aaron-cohn-md
Aaron Compton, MD https://www.doximity.com/pub/aaron-compton-md
Aaron Dahl, MD https://www.doximity.com/pub/aaron-dahl-md
Aaron Darais, MD https://www.doximity.com/pub/aaron-darais-do
Aaron Didich, MD https://www.doximity.com/pub/aaron-didich-do
Aaron Douglas, MD https://www.doximity.com/pub/aaron-douglas-do
Aaron Dyson, MD https://www.doximity.com/pub/aaron-dyson-md
Aaron Even, MD https://www.doximity.com/pub/aaron-even-md
Aaron Fields, MD https://www.doximity.com/pub/aaron-fields-md-d53f1985
Aaron Frankel, MD https://www.doximity.com/pub/aaron-frankel-md
Aaron Garza, MD https://www.doximity.com/pub/aaron-garza-md-d2922d35
Aaron Gish, MD https://www.doximity.com/pub/aaron-gish-md
Aaron Glaeser, MD https://www.doximity.com/pub/aaron-glaeser-md
Aaron Gonter, MD https://www.doximity.com/pub/aaron-gonter-md
Aaron Greenspun, MD https://www.doximity.com/pub/aaron-greenspun-md
Aaron Gries, MD https://www.doximity.com/pub/aaron-gries-md
Aaron Hacker, MD https://www.doximity.com/pub/aaron-hacker-do
Aaron Hammond, MD https://www.doximity.com/pub/aaron-hammond-do
Aaron Hansen, MD https://www.doximity.com/pub/aaron-hansen-md
Aaron Hanson, MD https://www.doximity.com/pub/aaron-hanson-md
Aaron Harville, MD https://www.doximity.com/pub/aaron-harville-md
Aaron Heller, MD https://www.doximity.com/pub/aaron-heller-do
Aaron Hensley, MD https://www.doximity.com/pub/aaron-hensley-md
Aaron Hernandez, MD https://www.doximity.com/pub/aaron-hernandez-do
Aaron Hess, MD https://www.doximity.com/pub/aaron-hess-md
Aaron Hong, MD https://www.doximity.com/pub/aaron-hong-md
Aaron Huang, MD https://www.doximity.com/pub/aaron-huang-do
Aaron Kallsnick, MD https://www.doximity.com/pub/aaron-kallsnick-md
Aaron Kaye, MD https://www.doximity.com/pub/aaron-kaye-md-9fcceeb3
Aaron Kendrick, MD https://www.doximity.com/pub/aaron-kendrick-do
Aaron Kopman, MD https://www.doximity.com/pub/aaron-kopman-md
Aaron Kurjan, MD https://www.doximity.com/pub/aaron-kurjan-do
Aaron Kurtti, MD https://www.doximity.com/pub/aaron-kurtti-md
Aaron Lackamp, MD https://www.doximity.com/pub/aaron-lackamp-md
Aaron Lam, MD https://www.doximity.com/pub/aaron-lam-md-b1375092
Aaron Lange, MD https://www.doximity.com/pub/aaron-lange-md
Aaron Lefkowitz, MD https://www.doximity.com/pub/aaron-lefkowitz-md
Aaron Leis, MD https://www.doximity.com/pub/aaron-leis-md
Aaron Levin, MD https://www.doximity.com/pub/aaron-levin-md-0b1890ce
Aaron Lewis, MD https://www.doximity.com/pub/aaron-lewis-md-650fdf6d
Aaron Lim, MD https://www.doximity.com/pub/aaron-lim-md-9cf0ee0d
Aaron Llewelyn, MD https://www.doximity.com/pub/aaron-llewelyn-md
Aaron Lloyd, MD https://www.doximity.com/pub/aaron-lloyd-md
Aaron Lloyd, MD https://www.doximity.com/pub/aaron-lloyd-md-83538575
Aaron Low, MD https://www.doximity.com/pub/aaron-low-md
Aaron Mauner, MD https://www.doximity.com/pub/aaron-mauner-md
Aaron McClure, MD https://www.doximity.com/pub/aaron-mcclure-do-11d002a7
Aaron McPeek, MD https://www.doximity.com/pub/aaron-mcpeek-do
Aaron Medley, MD https://www.doximity.com/pub/aaron-medley-md
Aaron Miner, MD https://www.doximity.com/pub/aaron-miner-md
Aaron Mittel, MD https://www.doximity.com/pub/aaron-mittel-md
Aaron Montani, MD https://www.doximity.com/pub/aaron-montani-do
Aaron Montani, MD https://www.doximity.com/pub/aaron-montani-do-6c50f512
Aaron Mortensen, MD https://www.doximity.com/pub/aaron-mortensen-md
Aaron Mory, MD https://www.doximity.com/pub/aaron-mory-md
Aaron Murray, MD https://www.doximity.com/pub/aaron-murray-md
Aaron Murrell, MD https://www.doximity.com/pub/aaron-murrell-do
Aaron Nelson, MD https://www.doximity.com/pub/aaron-nelson-do
Aaron Norris, MD https://www.doximity.com/pub/aaron-norris-md
Aaron Ober, MD https://www.doximity.com/pub/aaron-ober-md-187547b4
Aaron Ocker, MD https://www.doximity.com/pub/aaron-ocker-do
Aaron Parker, MD https://www.doximity.com/pub/aaron-parker-md
Aaron Pennell, MD https://www.doximity.com/pub/aaron-pennell-md
Aaron Persinger, MD https://www.doximity.com/pub/aaron-persinger-md
Aaron Petrillo, MD https://www.doximity.com/pub/aaron-petrillo-md
Aaron Primm, MD https://www.doximity.com/pub/aaron-primm-md
Aaron Przybysz, MD https://www.doximity.com/pub/aaron-przybysz-md
Aaron Rasmussen, MD https://www.doximity.com/pub/aaron-rasmussen-do
Aaron Rea, MD https://www.doximity.com/pub/aaron-rea-md
Aaron Reagan, MD https://www.doximity.com/pub/aaron-reagan-md
Aaron Reynolds, MD https://www.doximity.com/pub/aaron-reynolds-md
Aaron Rudin, MD https://www.doximity.com/pub/aaron-rudin-md
Aaron Rund, MD https://www.doximity.com/pub/aaron-rund-md
Aaron Sachs, MD https://www.doximity.com/pub/aaron-sachs-md-96a4efdd
Aaron Sanders, MD https://www.doximity.com/pub/aaron-sanders-md
Aaron Sanders, MD https://www.doximity.com/pub/aaron-sanders-md-be3ac257
Aaron Sandler, MD https://www.doximity.com/pub/aaron-sandler-md
Aaron Schmidt, MD https://www.doximity.com/pub/aaron-schmidt-md
Aaron Schweitzer, MD https://www.doximity.com/pub/aaron-schweitzer-md-5eb03270
Aaron Seller, MD https://www.doximity.com/pub/aaron-seller-do
Aaron Shinkle, MD https://www.doximity.com/pub/aaron-shinkle-md
Aaron Shinkle, MD https://www.doximity.com/pub/aaron-shinkle-md-d9c71ae9
Aaron Shiraz, MD https://www.doximity.com/pub/aaron-shiraz-md
Aaron Shores, MD https://www.doximity.com/pub/aaron-shores-md
Aaron Skolnik, MD https://www.doximity.com/pub/aaron-skolnik-md-1d60
Aaron Smith, MD https://www.doximity.com/pub/aaron-smith-md-536ea566
Aaron Smith, MD https://www.doximity.com/pub/aaron-smith-md-d80d5ba1
Aaron Spicer, MD https://www.doximity.com/pub/aaron-spicer-md
Aaron Spracklen, MD https://www.doximity.com/pub/aaron-spracklen-do
Aaron Stein, MD https://www.doximity.com/pub/aaron-stein-md
Aaron Stein, MD https://www.doximity.com/pub/aaron-stein-md-14791df2
Aaron Summers, MD https://www.doximity.com/pub/aaron-summers-md
Aaron Surrey, MD https://www.doximity.com/pub/aaron-surrey-md
Aaron Tebbs, MD https://www.doximity.com/pub/aaron-tebbs-md
Aaron Trimble, MD https://www.doximity.com/pub/aaron-trimble-md-6a79f1a7
Aaron Varghese, MD https://www.doximity.com/pub/aaron-varghese-md-6b2e60c1
Aaron Wallace, MD https://www.doximity.com/pub/aaron-wallace-md-829c634d
Aaron Walter, MD https://www.doximity.com/pub/aaron-walter-do
Aaron Weber, MD https://www.doximity.com/pub/aaron-weber-md-762a75ed
Aaron West, MD https://www.doximity.com/pub/aaron-west-md
Aaron Whitby, MD https://www.doximity.com/pub/aaron-whitby-md
Aaron Wolfe, MD https://www.doximity.com/pub/aaron-wolfe-md
Aaron Wu, MD https://www.doximity.com/pub/aaron-wu-md-cd24f8a8
Aaron Yezbick, MD https://www.doximity.com/pub/aaron-yezbick-md
Aaron Yim, MD https://www.doximity.com/pub/aaron-yim-md-0666eca4
Aaron Young, MD https://www.doximity.com/pub/aaron-young-md-bb7f
Aarthi Jain, MD https://www.doximity.com/pub/aarthi-jain-md
Aarti Banker, MD https://www.doximity.com/pub/aarti-banker-md
Aarti Mehta, MD https://www.doximity.com/pub/aarti-mehta-md
Aarti Sharma, MD https://www.doximity.com/pub/aarti-sharma-md
Aarti Vadhavkar, MD https://www.doximity.com/pub/aarti-vadhavkar-md
Aashaka Shah, MD https://www.doximity.com/pub/aashaka-shah-md
Aashaka Shah, MD https://www.doximity.com/pub/aashaka-shah-md-0e3dca6c
Aashay Patel, MD https://www.doximity.com/pub/aashay-patel-md-905daf18
Aashka Patel, MD https://www.doximity.com/pub/aashka-patel-md
Aatish Madhiwala, MD https://www.doximity.com/pub/aatish-madhiwala-md
Aban Affan, MD https://www.doximity.com/pub/aban-affan-md
Abanoub Tadrousse, MD https://www.doximity.com/pub/abanoub-tadrousse-do-f124f7af
Abbas Al-Qamari, MD https://www.doximity.com/pub/abbas-al-qamari-md
Abbas Asgerally, MD https://www.doximity.com/pub/abbas-asgerally-md
Abbas Bahrololoom, MD https://www.doximity.com/pub/abbas-bahrololoom-md
Abbas Farhandi, MD https://www.doximity.com/pub/abbas-farhandi-md
Abbe Carni, MD https://www.doximity.com/pub/abbe-carni-md
Abbey Colorafi, MD https://www.doximity.com/pub/abbey-colorafi-md
Abbey Herman, MD https://www.doximity.com/pub/abbey-herman-md
Abbey Roach, MD https://www.doximity.com/pub/abbey-roach-md
Abbey Smith, MD https://www.doximity.com/pub/abbey-smith-md
Abby Matthews, MD https://www.doximity.com/pub/abby-matthews-md-001d0d10
Abby Pianelli, MD https://www.doximity.com/pub/abby-pianelli-md
Abby Souryal, MD https://www.doximity.com/pub/abby-souryal-md
Abby Velarde, MD https://www.doximity.com/pub/abby-velarde-md-e456e2b7
Abd Benni, MD https://www.doximity.com/pub/abd-benni-md
Abdallah Kabbara, MD https://www.doximity.com/pub/abdallah-kabbara-md
Abdallah Zaki, MD https://www.doximity.com/pub/abdallah-zaki-md
Abdalrahman Algendy, MD https://www.doximity.com/pub/abdalrahman-algendy-md
Abdel-Aziz Gaber, MD https://www.doximity.com/pub/abdel-aziz-gaber-md
Abdel El-Ganzouri, MD https://www.doximity.com/pub/abdel-el-ganzouri-md
Abdel-Kader Mehio, MD https://www.doximity.com/pub/abdel-kader-mehio-md
Abdel Ragab, MD https://www.doximity.com/pub/abdel-ragab-md
Abdel Rahman Bakhaty, MD https://www.doximity.com/pub/abdel-rahman-bakhaty-md
Abdelrahman Elgallad, MD https://www.doximity.com/pub/abdelrahman-elgallad-md
Abdenour Abib, MD https://www.doximity.com/pub/abdenour-abib-md
Abderhman Abuhashem, MD https://www.doximity.com/pub/abderhman-abuhashem-md
Abdilatif Abdulhakim, MD https://www.doximity.com/pub/abdilatif-abdulhakim-md
Abdo Barakat, MD https://www.doximity.com/pub/abdo-barakat-md
Abdo Showah, MD https://www.doximity.com/pub/abdo-showah-md
Abdolnabi Sabouri, MD https://www.doximity.com/pub/abdolnabi-sabouri-md
Abdoulla Chakhbazov, MD https://www.doximity.com/pub/abdoulla-chakhbazov-md
Abdul Ahad Hayee, MD https://www.doximity.com/pub/abdul-ahad-hayee-md
Abdul Barakat, MD https://www.doximity.com/pub/abdul-barakat-md
Abdul Kader Tabbara, MD https://www.doximity.com/pub/abdul-kader-tabbara-md
Abdul Kanu, MD https://www.doximity.com/pub/abdul-kanu-md
Abdul Khan, MD https://www.doximity.com/pub/abdul-khan-md-e21bf7bc
Abdul Khokhar, MD https://www.doximity.com/pub/abdul-khokhar-md
Abdul Memon, MD https://www.doximity.com/pub/abdul-memon-md
Abdul Qadir, MD https://www.doximity.com/pub/abdul-qadir-md
Abdul Qadir, MD https://www.doximity.com/pub/abdul-qadir-md-7baede29
Abdul-Rahman Itani, MD https://www.doximity.com/pub/abdul-rahman-itani-do
Abdul Rashid Majid, MD https://www.doximity.com/pub/abdul-rashid-majid-md
Abdul Samady, MD https://www.doximity.com/pub/abdul-samady-md
Abdul Sheikh, MD https://www.doximity.com/pub/abdul-sheikh-md-3cde6d1c
Abdul Shirazi, MD https://www.doximity.com/pub/abdul-shirazi-md
Abdul Vohra, MD https://www.doximity.com/pub/abdul-vohra-md
Abdulkader Kulam, MD https://www.doximity.com/pub/abdulkader-kulam-md
Abdullah Abdullah, MD https://www.doximity.com/pub/abdullah-abdullah-md
Abdullah Brown, MD https://www.doximity.com/pub/abdullah-brown-md
Abdullah Kalla, MD https://www.doximity.com/pub/abdullah-kalla-md
Abdullah Qatu, MD https://www.doximity.com/pub/abdullah-qatu-md
Abdullah Rasheed, MD https://www.doximity.com/pub/abdullah-rasheed-md
Abdullah Taiyeb, MD https://www.doximity.com/pub/abdullah-taiyeb-md
Abdulquadri Olawin, MD https://www.doximity.com/pub/abdulquadri-olawin-md
Abdurrahim Abdulhadi, MD https://www.doximity.com/pub/abdurrahim-abdulhadi-md
Abdus Arif, MD https://www.doximity.com/pub/abdus-arif-md
abe atieh, MD https://www.doximity.com/pub/abe-atieh-md
Abed Rahman, MD https://www.doximity.com/pub/abed-rahman-md
Abel Batuure, MD https://www.doximity.com/pub/abel-batuure-md
Abel Coronel, MD https://www.doximity.com/pub/abel-coronel-md
Abel Diaz, MD https://www.doximity.com/pub/abel-diaz-md
Abel Luksan, MD https://www.doximity.com/pub/abel-luksan-md
Abel Murillo, MD https://www.doximity.com/pub/abel-murillo-md
Abel Samanez, MD https://www.doximity.com/pub/abel-samanez-md
Abelardo Acosta, MD https://www.doximity.com/pub/abelardo-acosta-md
Abelardo Gonzalez, MD https://www.doximity.com/pub/abelardo-gonzalez-md
Abelardo Ruiz, MD https://www.doximity.com/pub/abelardo-ruiz-md
Abelash Reddy, MD https://www.doximity.com/pub/abelash-reddy-do
Abey Abraham, MD https://www.doximity.com/pub/abey-abraham-md
Abha Shah, MD https://www.doximity.com/pub/abha-shah-md
Abha Sinha, MD https://www.doximity.com/pub/abha-sinha-md
Abhay Anand, MD https://www.doximity.com/pub/abhay-anand-md
Abhay Tyagi, MD https://www.doximity.com/pub/abhay-tyagi-md
Abhaya Seshachar, MD https://www.doximity.com/pub/abhaya-seshachar-md
Abhijit Desai, MD https://www.doximity.com/pub/abhijit-desai-md-9891
Abhijit Halder, MD https://www.doximity.com/pub/abhijit-halder-md
Abhijit Lele, MD https://www.doximity.com/pub/abhijit-lele-md
Abhilash Chutei, MD https://www.doximity.com/pub/abhilash-chutei-md
Abhilasha Solanki, MD https://www.doximity.com/pub/abhilasha-solanki-md
Abhinav Gautam, MD https://www.doximity.com/pub/abhinav-gautam-md
Abhinav Gupta, MD https://www.doximity.com/pub/abhinav-gupta-md-07f43975
Abhinav Gupta, MD https://www.doximity.com/pub/abhinav-gupta-md-b17b7754
Abhinav Prasad, MD https://www.doximity.com/pub/abhinav-prasad-md-b3df6ce1
Abhinav Tandon, MD https://www.doximity.com/pub/abhinav-tandon-md
Abhinava Madamangalam, MD https://www.doximity.com/pub/abhinava-madamangalam-md
Abhishek Bhari Jayadevappa, MD https://www.doximity.com/pub/abhishek-bhari-jayadevappa-md
Abhishek Gupta, MD https://www.doximity.com/pub/abhishek-gupta-do-c0fdde04
Abhishek Karnwal, MD https://www.doximity.com/pub/abhishek-karnwal-md
Abhishek Yadav, MD https://www.doximity.com/pub/abhishek-yadav-md
Abid Fazal, MD https://www.doximity.com/pub/abid-fazal-md
Abida Makhdomi, MD https://www.doximity.com/pub/abida-makhdomi-md
Abideen Ajuwon, MD https://www.doximity.com/pub/abideen-ajuwon-md
Abigail Bawden, MD https://www.doximity.com/pub/abigail-bawden-md
Abigail Cooper, MD https://www.doximity.com/pub/abigail-cooper-md
Abigail D'souza, MD https://www.doximity.com/pub/abigail-d-souza-md
Abigail Finger, MD https://www.doximity.com/pub/abigail-finger-md
Abigail Herman, MD https://www.doximity.com/pub/abigail-herman-md
Abigail Holt, MD https://www.doximity.com/pub/abigail-holt-md
Abigail Kushner, MD https://www.doximity.com/pub/abigail-kushner-do
Abigail Meigh, MD https://www.doximity.com/pub/abigail-meigh-do
Abigail Melnick, MD https://www.doximity.com/pub/abigail-melnick-md
Abigail Monnig, MD https://www.doximity.com/pub/abigail-monnig-md
Abigail Panneton, MD https://www.doximity.com/pub/abigail-panneton-md-87a81bba
Abigail Petersen, MD https://www.doximity.com/pub/abigail-petersen-md
Abigail Rose, MD https://www.doximity.com/pub/abigail-rose-md-ba3a5ed0
Abigail Rubin, MD https://www.doximity.com/pub/abigail-rubin-do
Abigail Smith, MD https://www.doximity.com/pub/abigail-smith-md-07d7945b
Abigail Tirrell, MD https://www.doximity.com/pub/abigail-tirrell-md
Abilio Cima, MD https://www.doximity.com/pub/abilio-cima-md
Abimbola Adegbola, MD https://www.doximity.com/pub/abimbola-adegbola-md
Abimbola Faloye, MD https://www.doximity.com/pub/abimbola-faloye-md
Abimbola Onayemi, MD https://www.doximity.com/pub/abimbola-onayemi-md
Abiodun Howells, MD https://www.doximity.com/pub/abiodun-howells-md-c651fffd
Abioye Oshodi, MD https://www.doximity.com/pub/abioye-oshodi-md
Abirami Kumaresan, MD https://www.doximity.com/pub/abirami-kumaresan-md
Abirami Ponnusamy, MD https://www.doximity.com/pub/abirami-ponnusamy-md
Abisoye Olubusola, MD https://www.doximity.com/pub/abisoye-olubusola-md
Abistanand Ankam, MD https://www.doximity.com/pub/abistanand-ankam-md
Abohawariat Tesfaye, MD https://www.doximity.com/pub/abohawariat-tesfaye-md
Abolhassan Amouzgar, MD https://www.doximity.com/pub/abolhassan-amouzgar-md
Aboulnasr Hamada, MD https://www.doximity.com/pub/aboulnasr-hamada-md
Abraar Muneem, MD https://www.doximity.com/pub/abraar-muneem-md
Abraham AlFarra, MD https://www.doximity.com/pub/abraham-alfarra-md
Abraham Bacarra, MD https://www.doximity.com/pub/abraham-bacarra-md
Abraham Barth, MD https://www.doximity.com/pub/abraham-barth-md
Abraham Caampued, MD https://www.doximity.com/pub/abraham-caampued-md
Abraham Fura, MD https://www.doximity.com/pub/abraham-fura-do
Abraham Gaupp, MD https://www.doximity.com/pub/abraham-gaupp-md
Abraham Goldman, MD https://www.doximity.com/pub/abraham-goldman-md
Abraham Kabazie, MD https://www.doximity.com/pub/abraham-kabazie-md
Abraham Khalil, MD https://www.doximity.com/pub/abraham-khalil-md
Abraham Layon, MD https://www.doximity.com/pub/abraham-layon-md-4ad5f903
Abraham Lehman, MD https://www.doximity.com/pub/abraham-lehman-md
Abraham Lin, MD https://www.doximity.com/pub/abraham-lin-md-d3b1
Abraham Mandel, MD https://www.doximity.com/pub/abraham-mandel-md
Abraham Mathew, MD https://www.doximity.com/pub/abraham-mathew-md
Abraham Oommen, MD https://www.doximity.com/pub/abraham-oommen-md-53044f91
Abraham Peller, MD https://www.doximity.com/pub/abraham-peller-md
Abraham Rivera, MD https://www.doximity.com/pub/abraham-rivera-md
Abraham Rosenbaum, MD https://www.doximity.com/pub/abraham-rosenbaum-md
Abraham Ross, MD https://www.doximity.com/pub/abraham-ross-md
Abraham Schreiber, MD https://www.doximity.com/pub/abraham-schreiber-md
Abraham Simon, MD https://www.doximity.com/pub/abraham-simon-do
Abraham Sonny, MD https://www.doximity.com/pub/abraham-sonny-md
Abraham Thomas, MD https://www.doximity.com/pub/abraham-thomas-md
Abraham Van Der Spek, MD https://www.doximity.com/pub/abraham-van-der-spek-md
Abraham Vatakencherry, MD https://www.doximity.com/pub/abraham-vatakencherry-md-486c9590
Abram Ber, MD https://www.doximity.com/pub/abram-ber-md
Abram Burgher, MD https://www.doximity.com/pub/abram-burgher-md
Abram Elsenraat, MD https://www.doximity.com/pub/abram-elsenraat-md
Abram Feldman, MD https://www.doximity.com/pub/abram-feldman-md
Abram Jido, MD https://www.doximity.com/pub/abram-jido-md
Abshalom Meiri, MD https://www.doximity.com/pub/abshalom-meiri-md
Abul Kashem, MD https://www.doximity.com/pub/abul-kashem-md
Abuzar Baloach, MD https://www.doximity.com/pub/abuzar-baloach-do
Aby Pynadath, MD https://www.doximity.com/pub/aby-pynadath-md
AC Mogal, MD https://www.doximity.com/pub/ac-mogal-md
Ace Josifoski, MD https://www.doximity.com/pub/ace-josifoski-md
Achal Shah, MD https://www.doximity.com/pub/achal-shah-md
Achikam Oren Grinberg, MD https://www.doximity.com/pub/achikam-oren-grinberg-md
Achilles Rances, MD https://www.doximity.com/pub/achilles-rances-md
