A. R. (Buddy) Garcia, MD https://www.doximity.com/cv/a-r-buddy-garcia-md
Aaron Gray, MD https://www.doximity.com/cv/aaron-gray-md-1
Abdullahi Mubarak, MD https://www.doximity.com/cv/abdullahi-mubarak-md-2
Adam Gratz, MD https://www.doximity.com/cv/adam-gratz-md-slash-1
Adam Cheng, MD https://www.doximity.com/cv/adamcheng
Aditi Bhagat, MD https://www.doximity.com/cv/aditi-bhagat-md-chslisfh
Afshan Malik, MD https://www.doximity.com/cv/afshan-malik-md-slash-4
Ahmad Alawneh, MD https://www.doximity.com/cv/ahmad-alawneh
Ahmed Quraishi, MD https://www.doximity.com/cv/ahmed-ali-quraishi-md
Ahtaram Khan, MD https://www.doximity.com/cv/ahtaram-khan-md-05d185db
Ajay Rajagopalan, MD https://www.doximity.com/cv/ajay-rajagopalan-md
Ajay Sharma, MD https://www.doximity.com/cv/ajay-sharma-md-slash-1
Akil Taherbhai, MD https://www.doximity.com/cv/akil-taher-md
Alan Falkoff, MD https://www.doximity.com/cv/alan-falkoff-md-2
Alan Gatz, MD https://www.doximity.com/cv/alan-gatz-md-1
Albert Edwards, MD https://www.doximity.com/cv/albert-edwards-md-2bdfb5aa
Albert Hwang, MD https://www.doximity.com/cv/albert-hwang-md-aa04f7ec
Aldemir Coelho, MD https://www.doximity.com/cv/aldemir-coelho-md-3
Aleksandra Giedwoyn, MD https://www.doximity.com/cv/aleksandra-giedwoyn-md-3
Alex Alexander Agostini-Miranda, MD https://www.doximity.com/cv/alex-agostini-miranda-md-1
Alexander Krishtul, MD https://www.doximity.com/cv/alexander-krishtul-md-slash-1
Alexander Gelou, MD https://www.doximity.com/cv/alexandergelou
Alexander Jones, MD https://www.doximity.com/cv/alexanderjonesmd
Alfred Tawadrous, MD https://www.doximity.com/cv/alfred-tawadrous-md-slash-1
Ali Haq, MD https://www.doximity.com/cv/ali-haq-md
Ali Parsaeian, MD https://www.doximity.com/cv/ali-parsaeian-md-1
Allan Fernandez, MD https://www.doximity.com/cv/allan-fernandez-md-1
Allan Reis, MD https://www.doximity.com/cv/allan-reis-md-1
Allen Liu, MD https://www.doximity.com/cv/allen-liu-md-2
Allison Puckett, MD https://www.doximity.com/cv/allison-puckett-md-1
Allissa White, MD https://www.doximity.com/cv/allissa-white-md
Alyssa Hernandez, MD https://www.doximity.com/cv/alyssa-hernandez-md
Amal Othman, MD https://www.doximity.com/cv/amal-othman-md-1
Amanda Khosravi, MD https://www.doximity.com/cv/amanda-khosravi-md
Amer Shakil, MD https://www.doximity.com/cv/amer-shakil-md-1
Amira Ayad, MD https://www.doximity.com/cv/amira-ayad-md-1
Amit Mulchandani, MD https://www.doximity.com/cv/amit-mulchandani-md-1
Amity Lynn Smith, MD https://www.doximity.com/cv/amity-lynn-smith-md
Arjun Muthusubramanian, MD https://www.doximity.com/cv/amuthusubramanian
Amy Mechley, MD https://www.doximity.com/cv/amymechleymd
Ana Gomes, MD https://www.doximity.com/cv/ana-gomes-do-4
Andrea Chatburn, MD https://www.doximity.com/cv/andichatburn
Andrea Andrews, MD https://www.doximity.com/cv/andrea-andrews-md-slash-1
Andrea Gordon, MD https://www.doximity.com/cv/andrea-gordon-md-2
Andre Mancheno, MD https://www.doximity.com/cv/andremanchenomd
Andre Medina, MD https://www.doximity.com/cv/andremedina
Andrew Filak, MD https://www.doximity.com/cv/andrew-filak-md-1
Andrew Janssen, MD https://www.doximity.com/cv/andrew-janssen-md-2
Andrew Li-Yung Hing, MD https://www.doximity.com/cv/andrew-li-yung-hing-md-slash-3
Andrew Minigutti, MD https://www.doximity.com/cv/andrew-minigutti-md-1
Andrew Parsons, MD https://www.doximity.com/cv/andrew-parsons-md-50ac95e9
Andrew Shadrach, MD https://www.doximity.com/cv/andrew-shadrach-md
Andrew West, MD https://www.doximity.com/cv/andrewwestmd
Angel Lee, MD https://www.doximity.com/cv/angel-lee-md-2
Angela Bevill, MD https://www.doximity.com/cv/angela-bevill-do-1
Angela Goldman Klingler, MD https://www.doximity.com/cv/angela-goldman-klingler-md-1
Angela Nicholas, MD https://www.doximity.com/cv/angela-nicholas-md-2
Angela Pierce, MD https://www.doximity.com/cv/angela-pierce-md-1
Angele Arthur, MD https://www.doximity.com/cv/angele-arthur-md-2
Anh Nguyen, MD https://www.doximity.com/cv/anh-phan-nguyen-md
Anika Bell-Gray, MD https://www.doximity.com/cv/anika-bell-gray-md-1
Ankush Gaur, MD https://www.doximity.com/cv/ankush-gaur-md-mph
Ann Blakeley, MD https://www.doximity.com/cv/ann-blakeley-do-1
Ann Hughes, MD https://www.doximity.com/cv/ann-hughes-md-slash-3
Anna Nguyen, MD https://www.doximity.com/cv/anna-nguyen-md-10910335
Anna Rose Pinlac Sanchez, MD https://www.doximity.com/cv/anna-rose-pinlac-sanchez-do-1
Anne Chen, MD https://www.doximity.com/cv/anne-chen
Anne Rex, MD https://www.doximity.com/cv/anne-rex-do
Annie Herren, MD https://www.doximity.com/cv/annie-herren-md
Annie Bailey, MD https://www.doximity.com/cv/anniembaileymd
Anthony De Felice, MD https://www.doximity.com/cv/anthony-de-felice
Anthony Vallarino, MD https://www.doximity.com/cv/anthony-vallarino-do-1
Aref Zaman, MD https://www.doximity.com/cv/aref-zaman-md-1
Arjun Patel, MD https://www.doximity.com/cv/arjun-patel-md
Arjun Kumar, MD https://www.doximity.com/cv/arjunkumar
Arlene Vázquez, MD https://www.doximity.com/cv/arlenevazquezmd
Arlyn Labair, MD https://www.doximity.com/cv/arlyn-labair-md-1
Arman Ali, MD https://www.doximity.com/cv/arman-ali-md-254c79bc
Armida Gavino, MD https://www.doximity.com/cv/armida-celeste-gavino-md
Armin Arasheben, MD https://www.doximity.com/cv/armin-arasheben-md-1
Arsh Dhanota, MD https://www.doximity.com/cv/arsh-dhanota-md
Arthur Yang, MD https://www.doximity.com/cv/arthuryangmd
Ashley Warner, MD https://www.doximity.com/cv/ashley-warner-md-1
Ashlyn Richie, MD https://www.doximity.com/cv/ashlyn-richie-md
Asim Jani, MD https://www.doximity.com/cv/asim-jani-md-1
Athena Nguyen, MD https://www.doximity.com/cv/athenamd
Audisho Khoshaba, MD https://www.doximity.com/cv/audisho-khoshaba-md-1
Avinash Sridhar, MD https://www.doximity.com/cv/avinash-sridhar-slash-4
Aviral Yadav, MD https://www.doximity.com/cv/aviral-yadav
Azar Razikeen, MD https://www.doximity.com/cv/azar-razikeen-md
George Azer, MD https://www.doximity.com/cv/azer-dot-md
Badar Zaheer, MD https://www.doximity.com/cv/badar-zaheer-md-1
Gaurav Bansode, MD https://www.doximity.com/cv/bansode
Brian Antono, MD https://www.doximity.com/cv/bantono
Barbara Leone, MD https://www.doximity.com/cv/barbara-leone-md-8
Barbara Llanes, MD https://www.doximity.com/cv/barbara-llanes
Barbara Sinclair, MD https://www.doximity.com/cv/barbara-sinclair-md-4
Barbara de la Torre, MD https://www.doximity.com/cv/barbaradelatorremd
Barton Brower, MD https://www.doximity.com/cv/barton-brower-md-slash-1
Barton Butterbaugh, MD https://www.doximity.com/cv/barton-butterbaugh-md-1
Beatrice Taylor, MD https://www.doximity.com/cv/beatrice-taylor-do-4
Becky Souder, MD https://www.doximity.com/cv/becky-souder-do-1
Belton Hallmark, MD https://www.doximity.com/cv/belton-hallmark-md-1
Benius Meier, MD https://www.doximity.com/cv/benius-meier-md-slash-1
Benjamin England, MD https://www.doximity.com/cv/benjamin-england-md-slash-1
Benjamin Lai, MD https://www.doximity.com/cv/benjamin-lai-md-1
Benjamin Reiswig, MD https://www.doximity.com/cv/benjamin-reiswig-do
Benjamin Van Pratt Levin, MD https://www.doximity.com/cv/benjamin-van-pratt-levin-md-e3dcd41c
Benjamin Wu, MD https://www.doximity.com/cv/benjamin-wu-md-b75a63d5
Benroe Blount, MD https://www.doximity.com/cv/benroe-blount-md-1
Bernard Bronczyk, MD https://www.doximity.com/cv/bernard-bronczyk-do-1
Bernard Ewigman, MD https://www.doximity.com/cv/bernard-ewigman-md-1
Bernie Elliott, MD https://www.doximity.com/cv/bernie-elliott-md-1
Berta de Leon-Scaglia, MD https://www.doximity.com/cv/berta-deleon-scaglia-md-1
Beth Sersig, MD https://www.doximity.com/cv/beth-sersig-md-1
Beth Warren, MD https://www.doximity.com/cv/bethgwarrenmd
Beverly Zavaleta, MD https://www.doximity.com/cv/beverly-a-zavaleta-md
Elegant Bigornia, MD https://www.doximity.com/cv/bigornia-md
Binyomin Nemon, MD https://www.doximity.com/cv/binyomin-nemon-do-1
Bonnie Wong, MD https://www.doximity.com/cv/bonnie-wong-do-2
Brian Egloff, MD https://www.doximity.com/cv/bpeg
Brad Erikson, MD https://www.doximity.com/cv/brad-erikson-do-slash-1
Bradley Craemer, MD https://www.doximity.com/cv/bradley-craemer
Bradley Drury, MD https://www.doximity.com/cv/bradley-drury-md
Bradley Rolfe, MD https://www.doximity.com/cv/bradley-rolfe-md-42fc2889
Brandon Luk, MD https://www.doximity.com/cv/brandon-luk-md-slash-1
Brandon Hart, MD https://www.doximity.com/cv/brandonjhartmd
Brendan Levy, MD https://www.doximity.com/cv/brendan-levy
Bret Hubbard, MD https://www.doximity.com/cv/bret-hubbard-do-1
Brett Eckenrod, MD https://www.doximity.com/cv/brett-eckenrod-md-1
Brett London, MD https://www.doximity.com/cv/brett-london-do-1
Brett White, MD https://www.doximity.com/cv/brett-white-md-1
Brian Beam, MD https://www.doximity.com/cv/brian-beam-md-1
Brian Bixler, MD https://www.doximity.com/cv/brian-bixler-md-slash-1
Brian Crownover, MD https://www.doximity.com/cv/brian-crownover-md-1
Brian Greene, MD https://www.doximity.com/cv/brian-greene-md-mycv
Brian Kessler, MD https://www.doximity.com/cv/brian-kessler-do-slash-1
Brian Prestwich, MD https://www.doximity.com/cv/brian-prestwich-md-1
Britt Olson, MD https://www.doximity.com/cv/britt-olson-md-8
Brooke Uptagrafft, MD https://www.doximity.com/cv/brooke-uptagrafft-md-1
Bruce Barnett, MD https://www.doximity.com/cv/bruce-barnett-md-9475db6b
Bruce Cunningham, MD https://www.doximity.com/cv/bruce-cunningham-do-44407eee
Bruce Hughes, MD https://www.doximity.com/cv/bruce-hughes-md-slash-2
Bruce Jung, MD https://www.doximity.com/cv/bruce-jung-md-1
Bruce Murray, MD https://www.doximity.com/cv/bruce-murray-md-1
Bruce Rector, MD https://www.doximity.com/cv/bruce-rector-md-1
Brunel Bredy, MD https://www.doximity.com/cv/brunel-bredy-md-1
Bryan Glick, MD https://www.doximity.com/cv/bryan-glick-do-512bdf69
Bryan Wong, MD https://www.doximity.com/cv/bryan-wong-md-slash-2
C. Brien Wofford, MD https://www.doximity.com/cv/c-brien-wofford-do-2
C. Scott Kammer, MD https://www.doximity.com/cv/c-scott-kammer-md
Caitlin White, MD https://www.doximity.com/cv/caitlin-white-md-48d0b781
Caitlyn Nguyen, MD https://www.doximity.com/cv/caitlyn-nguyen-md-slash-1
Cal Morrow, MD https://www.doximity.com/cv/cal-morrow-md-slash-1
Camele White, MD https://www.doximity.com/cv/camele-white-md-slash-1
Cameron Brassfield, MD https://www.doximity.com/cv/cameron-w-brassfield-do
Candra Wooten, MD https://www.doximity.com/cv/candra-k-wooten-md
Cara Fininzio, MD https://www.doximity.com/cv/cara-fininzio-do-1
Carole Guillaume, MD https://www.doximity.com/cv/carole-guillaume-md-1
Caroline Corpus, MD https://www.doximity.com/cv/carolin-corpus-md-slash-1
Carolyn Eaton, MD https://www.doximity.com/cv/carolyn-eaton-md-d2f0a457
Carrie Carlson, MD https://www.doximity.com/cv/carrie-carlson-do-1
Casey Crump, MD https://www.doximity.com/cv/casey-crump-md-phd
Cassie Lowry, MD https://www.doximity.com/cv/cassie-lowry-edmark-do
Cassandra Smith, MD https://www.doximity.com/cv/cassie00smith
Catherine Sonquist Forest, MD https://www.doximity.com/cv/catherine-sonquist-forest-md
Catherine Swanson, MD https://www.doximity.com/cv/catherine-swanson-md-1
Cathia Vazquez, MD https://www.doximity.com/cv/cathia-vazquez-md-b3837fc8
Cathryn Heath, MD https://www.doximity.com/cv/cathryn-heath-md-1
Robert Potts, MD https://www.doximity.com/cv/cbobgo
Cecilia Manibo, MD https://www.doximity.com/cv/cecilia-manibo-md-6
Cecilia Martinez, MD https://www.doximity.com/cv/cecilia-martinez-md-1
Cesar Herrera, MD https://www.doximity.com/cv/cesar-herrera-md-slash-1
Charles Marable, MD https://www.doximity.com/cv/charles-marable-md-slash-1
Chau Nguyen, MD https://www.doximity.com/cv/chau-nguyen-do-2005
Chelsea Smith, MD https://www.doximity.com/cv/chelsea-dawn-smith
Chelsea Willis, MD https://www.doximity.com/cv/chelsea-willis-do
Chelsie Carlton, MD https://www.doximity.com/cv/chelsie-carlton
Cheryl Lohman, MD https://www.doximity.com/cv/cheryl-lohman-md-1
Chinasa Anugwom, MD https://www.doximity.com/cv/chinasa-anugwom-md-1
Charles Fillingane, MD https://www.doximity.com/cv/chip-fillingane
Chirag Patel, MD https://www.doximity.com/cv/chiragapatel
Chris Howard, MD https://www.doximity.com/cv/chris-howard-do-1
Christa O'Leary, MD https://www.doximity.com/cv/christa-o-leary-do-43839a91
Christian Mendez, MD https://www.doximity.com/cv/christian-mendez-md-577b2799
Christie Laming, MD https://www.doximity.com/cv/christie-laming-md-4
Christie Shen, MD https://www.doximity.com/cv/christie-shen-md-1
Christina Bovelsky, MD https://www.doximity.com/cv/christina-bovelsky-md-1
Christina Douglass, MD https://www.doximity.com/cv/christina-douglass-md
Christine Arenson, MD https://www.doximity.com/cv/christine-arenson-md-1
Christine Hamilton, MD https://www.doximity.com/cv/christine-hamilton-do-2
Christine Nguyen-Tran, MD https://www.doximity.com/cv/christine-nguyen-tran-md-1
Christine Persaud, MD https://www.doximity.com/cv/christine-persaud-md-1
Christine Philip, MD https://www.doximity.com/cv/christine-philip-do
Christine Schwartz Peterson, MD https://www.doximity.com/cv/christine-schwartz-peterson-md-slash-2
Chris Phua, MD https://www.doximity.com/cv/christine-tsang-do-1
christine baldasso, MD https://www.doximity.com/cv/christinebaldassomd
Christopher Clark, MD https://www.doximity.com/cv/christopher-clark-do-4
Christopher Giddings Connolly, MD https://www.doximity.com/cv/christopher-giddings-connolly-md-2
Christopher Hoffman, MD https://www.doximity.com/cv/christopher-hoffman-md-3
Christopher Knox, MD https://www.doximity.com/cv/christopher-knox-md-2
Christopher K. Oros, MD https://www.doximity.com/cv/christopher-oros-do-slash-1
Christopher Rezzonico, MD https://www.doximity.com/cv/christopher-rezzonico
Christopher Snyder, MD https://www.doximity.com/cv/christopher-snyder-do-slash-3
Christopher Strong, MD https://www.doximity.com/cv/christopher-strong-do-4
Winny James, MD https://www.doximity.com/cv/chriswinny-james-do
Chukwueloka Obionwu, MD https://www.doximity.com/cv/chukwueloka-obionwu-jr-md
Chukwuemeka Nwosu, MD https://www.doximity.com/cv/chukwuemeka-nwosu-md-1
Chyke Doubeni, MD https://www.doximity.com/cv/chyke-doubeni-md-1
Cia-Mattae Sevier, MD https://www.doximity.com/cv/cia-mattae-sevier-md
Claude Murat Pluviose, MD https://www.doximity.com/cv/claude-murat-pluviose-md
Clinton Seger, MD https://www.doximity.com/cv/clinton-seger-md-slash-5
Clovis Manley, MD https://www.doximity.com/cv/clovis-manley-md-slash-1
Clyde Wong, MD https://www.doximity.com/cv/clyde-wong-md-2
Gerald Loos, MD https://www.doximity.com/cv/col-us-air-force-retired
Collin Spencer, MD https://www.doximity.com/cv/collinjspencer-do
Constance Honeycutt, MD https://www.doximity.com/cv/constance-honeycutt-do-1
Consuelo Casillas, MD https://www.doximity.com/cv/consuelo-casillas-md-2
Corentine Kwende, MD https://www.doximity.com/cv/corentine-ako-md
Cory Gregory, MD https://www.doximity.com/cv/cory-gregory-md
Cory Nelson, MD https://www.doximity.com/cv/cory-nelson-do-1
Courtney Morgan, MD https://www.doximity.com/cv/courtneymorganmd
Craig Ostrander, MD https://www.doximity.com/cv/craig-ostrander-do
Craig Trigueiro, MD https://www.doximity.com/cv/craig-trigueiro-md-2
Cristina Garcia, MD https://www.doximity.com/cv/cristina-garcia
Cristina Luciano, MD https://www.doximity.com/cv/cristina-luciano-md-slash-1
Cuong La, MD https://www.doximity.com/cv/cuong-la
Cynthia Glasson, MD https://www.doximity.com/cv/cynthia-glasson-do-1
Cynthia Wolfe, MD https://www.doximity.com/cv/cynthia-wolfe-md-1
D. Todd DeTar, MD https://www.doximity.com/cv/d-detar-do-slash-1
D. Ty Smith, MD https://www.doximity.com/cv/d-ty-smith-do-2
Dana Fontaine, MD https://www.doximity.com/cv/dana-fontaine-do-3
Dane Wicks, MD https://www.doximity.com/cv/dane-wicks-md-1
Daniel Brown, MD https://www.doximity.com/cv/daniel-brown-md-slash-10
Daniel Diehl, MD https://www.doximity.com/cv/daniel-diehl-md-1
Daniel Flanagan, MD https://www.doximity.com/cv/daniel-flanagan-md-1
Daniel Letinsky, MD https://www.doximity.com/cv/daniel-letinsky-md-1
Daniel Low, MD https://www.doximity.com/cv/daniel-low-md-67cfca8c
Daniel Murphy, MD https://www.doximity.com/cv/daniel-murphy-md-ms
Daniel Neghassi, MD https://www.doximity.com/cv/daniel-neghassi-md-1
Daniel Sloane, MD https://www.doximity.com/cv/daniel-sloane-do-1
Daniel Swartz, MD https://www.doximity.com/cv/daniel-swartz-md-e6e48141
Daniel Thomas, MD https://www.doximity.com/cv/daniel-thomas-do-slash-1
Daniel Weaver, MD https://www.doximity.com/cv/daniel-weaver-md-slash-2
Danielle Davidson-Mcbean, MD https://www.doximity.com/cv/danielle-davidson-md-1
Danielle Wurtz, MD https://www.doximity.com/cv/danielle-wurtz-do-slash-14
Daniel Seidman, MD https://www.doximity.com/cv/danielseidman
Daphne Scott, MD https://www.doximity.com/cv/daphne-scott-md-slash-2
Daria Blyskal, MD https://www.doximity.com/cv/daria-blyskal-md-slash-1
Darin Miller, MD https://www.doximity.com/cv/darin-miller-do-1
Darrell Herrington, MD https://www.doximity.com/cv/darrell-herrington-do-1
Darryl George, MD https://www.doximity.com/cv/darryl-george-do-1
David Cooper, MD https://www.doximity.com/cv/david-a-cooper-md
David Ackley, MD https://www.doximity.com/cv/david-ackley-md-1
David Boyd, MD https://www.doximity.com/cv/david-boyd-md-slash-1
David Bunten, MD https://www.doximity.com/cv/david-bunten-do-fccirvine
David Casey, MD https://www.doximity.com/cv/david-casey-do-1451aa6b
David Cunningham, MD https://www.doximity.com/cv/david-cunningham-md-slash-5-1
David Davis, MD https://www.doximity.com/cv/david-davis-md-slash-24
David Drake, MD https://www.doximity.com/cv/david-drake-md-85504410
David Gordon, MD https://www.doximity.com/cv/david-gordon-md-slash-18
David Hall, MD https://www.doximity.com/cv/david-hall-md-slash-8
David Hoskins, MD https://www.doximity.com/cv/david-hoskins-md-2
David Lange, MD https://www.doximity.com/cv/david-lange-md-fb3d7293
David Lessens, MD https://www.doximity.com/cv/david-lessens-md-1
David Lin, MD https://www.doximity.com/cv/david-lin-md-slash-12
David Partridge, MD https://www.doximity.com/cv/david-partridge-md-2
David Phelps, MD https://www.doximity.com/cv/david-phelps-md-slash-5
David Plundo, MD https://www.doximity.com/cv/david-plundo-do-2
David Russell, MD https://www.doximity.com/cv/david-russell-md-f91c9173
David Samsami, MD https://www.doximity.com/cv/david-samsami-md-1
David Schechter, MD https://www.doximity.com/cv/david-schechter-md-3
David Smith, MD https://www.doximity.com/cv/david-smith-md-slash-107
David Smith, MD https://www.doximity.com/cv/david-smith-md-slash-22
David Van, MD https://www.doximity.com/cv/david-van-md-slash-1
David Voran, MD https://www.doximity.com/cv/david-voran-md-1
David Wallace, MD https://www.doximity.com/cv/david-wallace-md-slash-1
David Wartenberg, MD https://www.doximity.com/cv/david-wartenberg-md-1
David Weismiller, MD https://www.doximity.com/cv/david-weismiller-md-scm
David Winter, MD https://www.doximity.com/cv/david-winter-do-1
David Foley, MD https://www.doximity.com/cv/davidfoley305
David Larson, MD https://www.doximity.com/cv/davidlarsonmd
David Lee, MD https://www.doximity.com/cv/davidlee
Darilo Chirino, MD https://www.doximity.com/cv/dcmd-health-plantation
Daniel Demirchyan, MD https://www.doximity.com/cv/ddemirchyan
Deborah Hamilton, MD https://www.doximity.com/cv/deborah-hamilton-md-slash-1
Debra Graetz, MD https://www.doximity.com/cv/debra-k-graetz-md
Debra Roman, MD https://www.doximity.com/cv/debra-sheinbach-roman-do
Delia Chiaramonte, MD https://www.doximity.com/cv/delia-chiaramonte-md-3
Denise Clark, MD https://www.doximity.com/cv/denise-clark-do-1
Dennis Dimitri, MD https://www.doximity.com/cv/dennis-dimitri-md-1
Dennis Lewis, MD https://www.doximity.com/cv/dennis-lewis-md-slash-1
Dennis Woodall, MD https://www.doximity.com/cv/dennis-woodall-md-1
Derek Anderson, MD https://www.doximity.com/cv/derek-anderson-md-3
Devika Sood, MD https://www.doximity.com/cv/devika-sood-md
Devlin O'Connor, MD https://www.doximity.com/cv/devlin-oconnor-do-slash-1
Donald Graneto, MD https://www.doximity.com/cv/dgraneto
Diana Sidelko, MD https://www.doximity.com/cv/diana-sidelko-2
Dikran Orfali, MD https://www.doximity.com/cv/dikran-orfali-md/5
Divya Pannala, MD https://www.doximity.com/cv/divya-pannala-md-1
